2026-05-04 01:15:38 | INFO     | hermes | 日志文件：/Volumes/d/hermes/backend/storage/logs/hermes.log（级别 INFO）
2026-05-04 01:39:03 | INFO     | hermes | 日志文件：/Volumes/d/hermes/backend/storage/logs/hermes.log（级别 INFO）
2026-05-04 01:40:23 | INFO     | hermes | 日志文件：/Volumes/d/hermes/backend/storage/logs/hermes.log（级别 INFO）
2026-05-04 01:40:50 | INFO     | hermes.http | → GET /
2026-05-04 01:40:50 | INFO     | hermes.http | ← GET / 200 5.6ms
2026-05-04 01:40:50 | INFO     | hermes.http | → GET /assets/index-C69sH78A.js
2026-05-04 01:40:50 | INFO     | hermes.http | → GET /assets/index-BA2rVjBh.css
2026-05-04 01:40:50 | INFO     | hermes.http | ← GET /assets/index-BA2rVjBh.css 200 44.1ms
2026-05-04 01:40:50 | INFO     | hermes.http | ← GET /assets/index-C69sH78A.js 200 54.4ms
2026-05-04 01:40:51 | INFO     | hermes.http | → GET /api/videos
2026-05-04 01:40:51 | INFO     | hermes.http | → GET /favicon.ico
2026-05-04 01:40:51 | INFO     | hermes.http | ← GET /favicon.ico 200 19.6ms
2026-05-04 01:40:51 | INFO     | hermes.http | ← GET /api/videos 200 48.3ms
2026-05-04 01:40:51 | INFO     | hermes.http | → GET /api/videos/f897583c-0754-45da-9794-26e2697e12a4
2026-05-04 01:40:51 | INFO     | hermes.http | → GET /api/videos/f897583c-0754-45da-9794-26e2697e12a4/timelines
2026-05-04 01:40:51 | INFO     | hermes.http | ← GET /api/videos/f897583c-0754-45da-9794-26e2697e12a4 200 31.3ms
2026-05-04 01:40:51 | INFO     | hermes.http | ← GET /api/videos/f897583c-0754-45da-9794-26e2697e12a4/timelines 200 56.8ms
2026-05-04 01:40:51 | INFO     | hermes.http | → GET /api/chat/3cc60e49-87df-43d7-9278-ba2a38cc90db/messages
2026-05-04 01:40:51 | INFO     | hermes.http | → GET /api/timelines/3cc60e49-87df-43d7-9278-ba2a38cc90db/manifest
2026-05-04 01:40:51 | INFO     | hermes.http | ← GET /api/chat/3cc60e49-87df-43d7-9278-ba2a38cc90db/messages 200 29.8ms
2026-05-04 01:40:51 | INFO     | hermes.http | ← GET /api/timelines/3cc60e49-87df-43d7-9278-ba2a38cc90db/manifest 200 29.4ms
2026-05-04 01:41:11 | INFO     | hermes.http | → GET /api/videos
2026-05-04 01:41:11 | INFO     | hermes.http | ← GET /api/videos 200 32.4ms
2026-05-04 01:41:11 | INFO     | hermes.http | → GET /api/assets/timelines
2026-05-04 01:41:11 | INFO     | hermes.http | → GET /api/assets/shots
2026-05-04 01:41:11 | INFO     | hermes.http | ← GET /api/assets/timelines 200 34.1ms
2026-05-04 01:41:11 | INFO     | hermes.http | ← GET /api/assets/shots 200 33.4ms
2026-05-04 01:41:13 | INFO     | hermes.http | → GET /api/videos
2026-05-04 01:41:13 | INFO     | hermes.http | ← GET /api/videos 200 3.0ms
2026-05-04 01:41:13 | INFO     | hermes.http | → GET /api/videos/f897583c-0754-45da-9794-26e2697e12a4
2026-05-04 01:41:13 | INFO     | hermes.http | → GET /api/videos/f897583c-0754-45da-9794-26e2697e12a4/timelines
2026-05-04 01:41:13 | INFO     | hermes.http | ← GET /api/videos/f897583c-0754-45da-9794-26e2697e12a4 200 5.3ms
2026-05-04 01:41:13 | INFO     | hermes.http | ← GET /api/videos/f897583c-0754-45da-9794-26e2697e12a4/timelines 200 8.5ms
2026-05-04 01:41:13 | INFO     | hermes.http | → GET /api/chat/3cc60e49-87df-43d7-9278-ba2a38cc90db/messages
2026-05-04 01:41:13 | INFO     | hermes.http | → GET /api/timelines/3cc60e49-87df-43d7-9278-ba2a38cc90db/manifest
2026-05-04 01:41:13 | INFO     | hermes.http | ← GET /api/chat/3cc60e49-87df-43d7-9278-ba2a38cc90db/messages 200 4.3ms
2026-05-04 01:41:13 | INFO     | hermes.http | ← GET /api/timelines/3cc60e49-87df-43d7-9278-ba2a38cc90db/manifest 200 5.3ms
2026-05-04 01:43:06 | INFO     | hermes.http | → GET /
2026-05-04 01:43:06 | INFO     | hermes.http | ← GET / 200 14.0ms
2026-05-04 01:43:07 | INFO     | hermes.http | → GET /api/videos
2026-05-04 01:43:07 | INFO     | hermes.http | ← GET /api/videos 200 69.6ms
2026-05-04 01:43:07 | INFO     | hermes.http | → GET /api/videos/f897583c-0754-45da-9794-26e2697e12a4
2026-05-04 01:43:07 | INFO     | hermes.http | → GET /api/videos/f897583c-0754-45da-9794-26e2697e12a4/timelines
2026-05-04 01:43:07 | INFO     | hermes.http | ← GET /api/videos/f897583c-0754-45da-9794-26e2697e12a4 200 17.0ms
2026-05-04 01:43:07 | INFO     | hermes.http | ← GET /api/videos/f897583c-0754-45da-9794-26e2697e12a4/timelines 200 24.4ms
2026-05-04 01:43:07 | INFO     | hermes.http | → GET /api/chat/3cc60e49-87df-43d7-9278-ba2a38cc90db/messages
2026-05-04 01:43:07 | INFO     | hermes.http | → GET /api/timelines/3cc60e49-87df-43d7-9278-ba2a38cc90db/manifest
2026-05-04 01:43:07 | INFO     | hermes.http | ← GET /api/chat/3cc60e49-87df-43d7-9278-ba2a38cc90db/messages 200 12.6ms
2026-05-04 01:43:07 | INFO     | hermes.http | ← GET /api/timelines/3cc60e49-87df-43d7-9278-ba2a38cc90db/manifest 200 14.9ms
2026-05-04 01:44:04 | INFO     | hermes.http | → GET /
2026-05-04 01:44:05 | INFO     | hermes.http | ← GET / 200 107.3ms
2026-05-04 01:44:06 | INFO     | hermes.http | → GET /
2026-05-04 01:44:06 | INFO     | hermes.http | ← GET / 200 2.0ms
2026-05-04 01:44:06 | INFO     | hermes.http | → GET /api/videos
2026-05-04 01:44:06 | INFO     | hermes.http | ← GET /api/videos 200 27.6ms
2026-05-04 01:44:06 | INFO     | hermes.http | → GET /api/videos/f897583c-0754-45da-9794-26e2697e12a4
2026-05-04 01:44:06 | INFO     | hermes.http | → GET /api/videos/f897583c-0754-45da-9794-26e2697e12a4/timelines
2026-05-04 01:44:06 | INFO     | hermes.http | ← GET /api/videos/f897583c-0754-45da-9794-26e2697e12a4 200 6.7ms
2026-05-04 01:44:06 | INFO     | hermes.http | ← GET /api/videos/f897583c-0754-45da-9794-26e2697e12a4/timelines 200 12.6ms
2026-05-04 01:44:06 | INFO     | hermes.http | → GET /api/chat/3cc60e49-87df-43d7-9278-ba2a38cc90db/messages
2026-05-04 01:44:06 | INFO     | hermes.http | → GET /api/timelines/3cc60e49-87df-43d7-9278-ba2a38cc90db/manifest
2026-05-04 01:44:06 | INFO     | hermes.http | ← GET /api/chat/3cc60e49-87df-43d7-9278-ba2a38cc90db/messages 200 12.2ms
2026-05-04 01:44:06 | INFO     | hermes.http | ← GET /api/timelines/3cc60e49-87df-43d7-9278-ba2a38cc90db/manifest 200 11.9ms
2026-05-04 01:44:32 | INFO     | hermes.http | → GET /
2026-05-04 01:44:32 | INFO     | hermes.http | ← GET / 200 6.0ms
2026-05-04 01:44:33 | INFO     | hermes.http | → GET /assets/index-C69sH78A.js
2026-05-04 01:44:33 | INFO     | hermes.http | → GET /assets/index-BA2rVjBh.css
2026-05-04 01:44:33 | INFO     | hermes.http | ← GET /assets/index-BA2rVjBh.css 200 3.4ms
2026-05-04 01:44:33 | INFO     | hermes.http | ← GET /assets/index-C69sH78A.js 200 7.5ms
2026-05-04 01:44:33 | INFO     | hermes.http | → GET /api/videos
2026-05-04 01:44:33 | INFO     | hermes.http | ← GET /api/videos 200 17.5ms
2026-05-04 01:44:33 | INFO     | hermes.http | → GET /api/videos/f897583c-0754-45da-9794-26e2697e12a4
2026-05-04 01:44:33 | INFO     | hermes.http | → GET /api/videos/f897583c-0754-45da-9794-26e2697e12a4/timelines
2026-05-04 01:44:33 | INFO     | hermes.http | → GET /favicon.ico
2026-05-04 01:44:33 | INFO     | hermes.http | ← GET /favicon.ico 200 8.9ms
2026-05-04 01:44:33 | INFO     | hermes.http | ← GET /api/videos/f897583c-0754-45da-9794-26e2697e12a4 200 19.9ms
2026-05-04 01:44:33 | INFO     | hermes.http | ← GET /api/videos/f897583c-0754-45da-9794-26e2697e12a4/timelines 200 22.6ms
2026-05-04 01:44:33 | INFO     | hermes.http | → GET /api/chat/3cc60e49-87df-43d7-9278-ba2a38cc90db/messages
2026-05-04 01:44:33 | INFO     | hermes.http | → GET /api/timelines/3cc60e49-87df-43d7-9278-ba2a38cc90db/manifest
2026-05-04 01:44:33 | INFO     | hermes.http | ← GET /api/chat/3cc60e49-87df-43d7-9278-ba2a38cc90db/messages 200 11.7ms
2026-05-04 01:44:33 | INFO     | hermes.http | ← GET /api/timelines/3cc60e49-87df-43d7-9278-ba2a38cc90db/manifest 200 12.9ms
2026-05-04 01:44:49 | INFO     | hermes | 日志文件：/Volumes/d/hermes/backend/storage/logs/hermes.log（级别 INFO）
2026-05-04 01:46:35 | INFO     | hermes | 日志文件：/Volumes/d/hermes/backend/storage/logs/hermes.log（级别 INFO）
2026-05-04 01:46:43 | INFO     | hermes | 日志文件：/Volumes/d/hermes/backend/storage/logs/hermes.log（级别 INFO）
2026-05-04 01:46:44 | INFO     | hermes.http | → GET /docs
2026-05-04 01:46:44 | INFO     | hermes.http | ← GET /docs 200 1.7ms
2026-05-04 01:46:54 | INFO     | hermes.http | → GET /
2026-05-04 01:46:54 | INFO     | hermes.http | ← GET / 200 5.5ms
2026-05-04 01:46:54 | INFO     | hermes.http | → GET /assets/index-BA2rVjBh.css
2026-05-04 01:46:54 | INFO     | hermes.http | → GET /assets/index-C69sH78A.js
2026-05-04 01:46:54 | INFO     | hermes.http | ← GET /assets/index-BA2rVjBh.css 304 11.2ms
2026-05-04 01:46:54 | INFO     | hermes.http | ← GET /assets/index-C69sH78A.js 304 7.2ms
2026-05-04 01:46:55 | INFO     | hermes.http | → GET /favicon.ico
2026-05-04 01:46:55 | INFO     | hermes.http | → GET /api/videos
2026-05-04 01:46:55 | INFO     | hermes.http | ← GET /favicon.ico 200 35.6ms
2026-05-04 01:46:55 | INFO     | hermes.http | ← GET /api/videos 200 66.1ms
2026-05-04 01:46:55 | INFO     | hermes.http | → GET /api/videos/f897583c-0754-45da-9794-26e2697e12a4/timelines
2026-05-04 01:46:55 | INFO     | hermes.http | → GET /api/videos/f897583c-0754-45da-9794-26e2697e12a4
2026-05-04 01:46:55 | INFO     | hermes.http | ← GET /api/videos/f897583c-0754-45da-9794-26e2697e12a4 200 50.0ms
2026-05-04 01:46:55 | INFO     | hermes.http | ← GET /api/videos/f897583c-0754-45da-9794-26e2697e12a4/timelines 200 54.1ms
2026-05-04 01:46:55 | INFO     | hermes.http | → GET /api/chat/3cc60e49-87df-43d7-9278-ba2a38cc90db/messages
2026-05-04 01:46:55 | INFO     | hermes.http | → GET /api/timelines/3cc60e49-87df-43d7-9278-ba2a38cc90db/manifest
2026-05-04 01:46:55 | INFO     | hermes.http | ← GET /api/chat/3cc60e49-87df-43d7-9278-ba2a38cc90db/messages 200 50.2ms
2026-05-04 01:46:55 | INFO     | hermes.http | ← GET /api/timelines/3cc60e49-87df-43d7-9278-ba2a38cc90db/manifest 200 48.7ms
2026-05-04 01:47:16 | INFO     | hermes.http | → GET /api/configs/models
2026-05-04 01:47:16 | INFO     | hermes.http | ← GET /api/configs/models 200 26.8ms
2026-05-04 01:47:26 | INFO     | hermes.http | → GET /api/videos
2026-05-04 01:47:26 | INFO     | hermes.http | ← GET /api/videos 200 4.7ms
2026-05-04 01:47:26 | INFO     | hermes.http | → GET /api/videos/f897583c-0754-45da-9794-26e2697e12a4
2026-05-04 01:47:26 | INFO     | hermes.http | → GET /api/videos/f897583c-0754-45da-9794-26e2697e12a4/timelines
2026-05-04 01:47:26 | INFO     | hermes.http | ← GET /api/videos/f897583c-0754-45da-9794-26e2697e12a4 200 8.5ms
2026-05-04 01:47:26 | INFO     | hermes.http | ← GET /api/videos/f897583c-0754-45da-9794-26e2697e12a4/timelines 200 14.1ms
2026-05-04 01:47:26 | INFO     | hermes.http | → GET /api/chat/3cc60e49-87df-43d7-9278-ba2a38cc90db/messages
2026-05-04 01:47:26 | INFO     | hermes.http | → GET /api/timelines/3cc60e49-87df-43d7-9278-ba2a38cc90db/manifest
2026-05-04 01:47:26 | INFO     | hermes.http | ← GET /api/chat/3cc60e49-87df-43d7-9278-ba2a38cc90db/messages 200 7.3ms
2026-05-04 01:47:26 | INFO     | hermes.http | ← GET /api/timelines/3cc60e49-87df-43d7-9278-ba2a38cc90db/manifest 200 7.2ms
2026-05-04 01:47:30 | INFO     | hermes.http | → GET /api/videos/dd5441a5-425d-498c-a0f2-e3db070459b3
2026-05-04 01:47:30 | INFO     | hermes.http | → GET /api/videos/dd5441a5-425d-498c-a0f2-e3db070459b3/timelines
2026-05-04 01:47:30 | INFO     | hermes.http | ← GET /api/videos/dd5441a5-425d-498c-a0f2-e3db070459b3 200 12.2ms
2026-05-04 01:47:30 | INFO     | hermes.http | ← GET /api/videos/dd5441a5-425d-498c-a0f2-e3db070459b3/timelines 200 14.1ms
2026-05-04 01:47:32 | INFO     | hermes.http | → GET /api/videos/f897583c-0754-45da-9794-26e2697e12a4
2026-05-04 01:47:32 | INFO     | hermes.http | → GET /api/videos/f897583c-0754-45da-9794-26e2697e12a4/timelines
2026-05-04 01:47:32 | INFO     | hermes.http | ← GET /api/videos/f897583c-0754-45da-9794-26e2697e12a4 200 5.5ms
2026-05-04 01:47:32 | INFO     | hermes.http | ← GET /api/videos/f897583c-0754-45da-9794-26e2697e12a4/timelines 200 7.8ms
2026-05-04 01:47:46 | INFO     | hermes.http | → GET /api/videos
2026-05-04 01:47:46 | INFO     | hermes.http | → GET /api/videos
2026-05-04 01:47:46 | INFO     | hermes.http | → GET /api/videos
2026-05-04 01:47:46 | INFO     | hermes.http | ← GET /api/videos 200 27.8ms
2026-05-04 01:47:46 | INFO     | hermes.http | ← GET /api/videos 200 70.0ms
2026-05-04 01:47:46 | INFO     | hermes.http | ← GET /api/videos 200 8.5ms
2026-05-04 01:47:47 | INFO     | hermes.http | → GET /api/videos
2026-05-04 01:47:47 | INFO     | hermes.http | → GET /api/videos/f897583c-0754-45da-9794-26e2697e12a4
2026-05-04 01:47:47 | INFO     | hermes.http | → GET /api/videos/f897583c-0754-45da-9794-26e2697e12a4/timelines
2026-05-04 01:47:47 | INFO     | hermes.http | ← GET /api/videos 200 26.8ms
2026-05-04 01:47:47 | INFO     | hermes.http | ← GET /api/videos/f897583c-0754-45da-9794-26e2697e12a4 200 26.6ms
2026-05-04 01:47:47 | INFO     | hermes.http | → GET /api/videos/f897583c-0754-45da-9794-26e2697e12a4
2026-05-04 01:47:47 | INFO     | hermes.http | ← GET /api/videos/f897583c-0754-45da-9794-26e2697e12a4/timelines 200 40.1ms
2026-05-04 01:47:47 | INFO     | hermes.http | ← GET /api/videos/f897583c-0754-45da-9794-26e2697e12a4 200 15.7ms
2026-05-04 01:47:47 | INFO     | hermes.http | → GET /api/videos/f897583c-0754-45da-9794-26e2697e12a4/timelines
2026-05-04 01:47:47 | INFO     | hermes.http | → GET /api/chat/3cc60e49-87df-43d7-9278-ba2a38cc90db/messages
2026-05-04 01:47:47 | INFO     | hermes.http | → GET /api/timelines/3cc60e49-87df-43d7-9278-ba2a38cc90db/manifest
2026-05-04 01:47:47 | INFO     | hermes.http | ← GET /api/chat/3cc60e49-87df-43d7-9278-ba2a38cc90db/messages 200 14.2ms
2026-05-04 01:47:47 | INFO     | hermes.http | ← GET /api/videos/f897583c-0754-45da-9794-26e2697e12a4/timelines 200 23.1ms
2026-05-04 01:47:47 | INFO     | hermes.http | → GET /api/chat/3cc60e49-87df-43d7-9278-ba2a38cc90db/messages
2026-05-04 01:47:47 | INFO     | hermes.http | ← GET /api/timelines/3cc60e49-87df-43d7-9278-ba2a38cc90db/manifest 200 23.8ms
2026-05-04 01:47:47 | INFO     | hermes.http | ← GET /api/chat/3cc60e49-87df-43d7-9278-ba2a38cc90db/messages 200 9.2ms
2026-05-04 14:19:54 | INFO     | hermes.http | → GET /
2026-05-04 14:19:54 | INFO     | hermes.http | ← GET / 200 10.2ms
2026-05-04 14:19:55 | INFO     | hermes.http | → GET /assets/index-C69sH78A.js
2026-05-04 14:19:55 | INFO     | hermes.http | → GET /assets/index-BA2rVjBh.css
2026-05-04 14:19:55 | INFO     | hermes.http | ← GET /assets/index-BA2rVjBh.css 304 5.1ms
2026-05-04 14:19:55 | INFO     | hermes.http | ← GET /assets/index-C69sH78A.js 304 8.5ms
2026-05-04 14:19:55 | INFO     | hermes.http | → GET /api/videos
2026-05-04 14:19:55 | INFO     | hermes.http | → GET /favicon.ico
2026-05-04 14:19:55 | INFO     | hermes.http | ← GET /favicon.ico 200 24.6ms
2026-05-04 14:19:55 | INFO     | hermes.http | ← GET /api/videos 200 40.8ms
2026-05-04 14:19:55 | INFO     | hermes.http | → GET /api/videos/f897583c-0754-45da-9794-26e2697e12a4
2026-05-04 14:19:55 | INFO     | hermes.http | → GET /api/videos/f897583c-0754-45da-9794-26e2697e12a4/timelines
2026-05-04 14:19:55 | INFO     | hermes.http | ← GET /api/videos/f897583c-0754-45da-9794-26e2697e12a4 200 9.5ms
2026-05-04 14:19:55 | INFO     | hermes.http | ← GET /api/videos/f897583c-0754-45da-9794-26e2697e12a4/timelines 200 19.4ms
2026-05-04 14:19:55 | INFO     | hermes.http | → GET /api/chat/3cc60e49-87df-43d7-9278-ba2a38cc90db/messages
2026-05-04 14:19:55 | INFO     | hermes.http | → GET /api/timelines/3cc60e49-87df-43d7-9278-ba2a38cc90db/manifest
2026-05-04 14:19:55 | INFO     | hermes.http | ← GET /api/chat/3cc60e49-87df-43d7-9278-ba2a38cc90db/messages 200 7.1ms
2026-05-04 14:19:55 | INFO     | hermes.http | ← GET /api/timelines/3cc60e49-87df-43d7-9278-ba2a38cc90db/manifest 200 7.0ms
2026-05-04 14:21:03 | INFO     | hermes | 日志文件：/Volumes/d/hermes/backend/storage/logs/hermes.log（级别 INFO）
2026-05-04 14:21:17 | INFO     | hermes.http | → GET /
2026-05-04 14:21:17 | INFO     | hermes.http | ← GET / 200 38.6ms
2026-05-04 14:21:17 | INFO     | hermes.http | → GET /assets/index-C69sH78A.js
2026-05-04 14:21:17 | INFO     | hermes.http | → GET /assets/index-BA2rVjBh.css
2026-05-04 14:21:17 | INFO     | hermes.http | ← GET /assets/index-BA2rVjBh.css 304 3.5ms
2026-05-04 14:21:17 | INFO     | hermes.http | ← GET /assets/index-C69sH78A.js 304 5.0ms
2026-05-04 14:21:18 | INFO     | hermes.http | → GET /api/videos
2026-05-04 14:21:18 | INFO     | hermes.http | → GET /favicon.ico
2026-05-04 14:21:18 | INFO     | hermes.http | ← GET /favicon.ico 200 45.0ms
2026-05-04 14:21:18 | INFO     | hermes.http | ← GET /api/videos 200 49.2ms
2026-05-04 14:21:18 | INFO     | hermes.http | → GET /api/videos/f897583c-0754-45da-9794-26e2697e12a4
2026-05-04 14:21:18 | INFO     | hermes.http | → GET /api/videos/f897583c-0754-45da-9794-26e2697e12a4/timelines
2026-05-04 14:21:18 | INFO     | hermes.http | ← GET /api/videos/f897583c-0754-45da-9794-26e2697e12a4 200 22.3ms
2026-05-04 14:21:18 | INFO     | hermes.http | ← GET /api/videos/f897583c-0754-45da-9794-26e2697e12a4/timelines 200 27.2ms
2026-05-04 14:21:18 | INFO     | hermes.http | → GET /api/chat/3cc60e49-87df-43d7-9278-ba2a38cc90db/messages
2026-05-04 14:21:18 | INFO     | hermes.http | → GET /api/timelines/3cc60e49-87df-43d7-9278-ba2a38cc90db/manifest
2026-05-04 14:21:18 | INFO     | hermes.http | ← GET /api/chat/3cc60e49-87df-43d7-9278-ba2a38cc90db/messages 200 7.8ms
2026-05-04 14:21:18 | INFO     | hermes.http | ← GET /api/timelines/3cc60e49-87df-43d7-9278-ba2a38cc90db/manifest 200 7.5ms
2026-05-04 14:23:50 | INFO     | hermes.http | → GET /
2026-05-04 14:23:50 | INFO     | hermes.http | ← GET / 200 3.3ms
2026-05-04 14:23:50 | INFO     | hermes.http | → GET /assets/index-bIx2SW3n.js
2026-05-04 14:23:50 | INFO     | hermes.http | → GET /assets/index-DzzIHrGH.css
2026-05-04 14:23:50 | INFO     | hermes.http | ← GET /assets/index-bIx2SW3n.js 200 7.7ms
2026-05-04 14:23:50 | INFO     | hermes.http | ← GET /assets/index-DzzIHrGH.css 200 8.0ms
2026-05-04 14:23:50 | INFO     | hermes.http | → GET /api/videos
2026-05-04 14:23:51 | INFO     | hermes.http | ← GET /api/videos 200 44.3ms
2026-05-04 14:23:51 | INFO     | hermes.http | → GET /api/videos/f897583c-0754-45da-9794-26e2697e12a4
2026-05-04 14:23:51 | INFO     | hermes.http | → GET /api/videos/f897583c-0754-45da-9794-26e2697e12a4/timelines
2026-05-04 14:23:51 | INFO     | hermes.http | ← GET /api/videos/f897583c-0754-45da-9794-26e2697e12a4 200 18.6ms
2026-05-04 14:23:51 | INFO     | hermes.http | ← GET /api/videos/f897583c-0754-45da-9794-26e2697e12a4/timelines 200 19.0ms
2026-05-04 14:23:51 | INFO     | hermes.http | → GET /api/timelines/3cc60e49-87df-43d7-9278-ba2a38cc90db/manifest
2026-05-04 14:23:51 | INFO     | hermes.http | → GET /api/chat/3cc60e49-87df-43d7-9278-ba2a38cc90db/messages
2026-05-04 14:23:51 | INFO     | hermes.http | ← GET /api/chat/3cc60e49-87df-43d7-9278-ba2a38cc90db/messages 200 9.2ms
2026-05-04 14:23:51 | INFO     | hermes.http | ← GET /api/timelines/3cc60e49-87df-43d7-9278-ba2a38cc90db/manifest 200 11.1ms
2026-05-04 14:24:06 | INFO     | hermes.http | → POST /api/chat
2026-05-04 14:24:16 | INFO     | hermes.http | → GET /api/videos
2026-05-04 14:24:16 | INFO     | hermes.http | ← GET /api/videos 200 15.5ms
2026-05-04 14:24:16 | INFO     | hermes.http | → GET /api/assets/timelines
2026-05-04 14:24:16 | INFO     | hermes.http | → GET /api/assets/shots
2026-05-04 14:24:16 | INFO     | hermes.http | ← GET /api/assets/shots 200 55.1ms
2026-05-04 14:24:16 | INFO     | hermes.http | ← GET /api/assets/timelines 200 64.5ms
2026-05-04 14:24:16 | INFO     | app.routes.chat | 对话请求 intent=qa timeline=3cc60e49-87d play=2.16s profile=fast chars=3
2026-05-04 14:24:19 | INFO     | hermes.http | → POST /api/assets/shots/3d795c10-e445-461d-833a-fce4c050c704/reanalyze
2026-05-04 14:24:19 | INFO     | app.services.analysis | 镜头分析 MiniMax VLM video=神剑认可第7集 index=18 file=0018.mp4
2026-05-04 14:24:23 | INFO     | hermes.http | ← POST /api/chat 200 16853.8ms
2026-05-04 14:24:34 | INFO     | app.routes.assets | 单镜头重新生成完成 shot=3d795c10-e44 video=f897583c-075
2026-05-04 14:24:34 | INFO     | hermes.http | ← POST /api/assets/shots/3d795c10-e445-461d-833a-fce4c050c704/reanalyze 200 14911.7ms
2026-05-04 14:24:34 | INFO     | hermes.http | → GET /api/assets/shots
2026-05-04 14:24:34 | INFO     | hermes.http | → GET /api/assets/timelines
2026-05-04 14:24:34 | INFO     | hermes.http | ← GET /api/assets/shots 200 34.2ms
2026-05-04 14:24:34 | INFO     | hermes.http | ← GET /api/assets/timelines 200 59.1ms
2026-05-04 14:25:00 | INFO     | hermes.http | → POST /api/videos/reanalyze-all-shots/f897583c-0754-45da-9794-26e2697e12a4
2026-05-04 14:25:00 | INFO     | app.services.analysis | 镜头分析 MiniMax VLM video=神剑认可第7集 index=0 file=0000.mp4
2026-05-04 14:25:16 | INFO     | app.services.analysis | 镜头分析 MiniMax VLM video=神剑认可第7集 index=1 file=0001.mp4
2026-05-04 14:25:30 | INFO     | app.services.analysis | 镜头分析 MiniMax VLM video=神剑认可第7集 index=2 file=0002.mp4
2026-05-04 14:25:44 | INFO     | app.services.analysis | 镜头分析 MiniMax VLM video=神剑认可第7集 index=3 file=0003.mp4
2026-05-04 14:25:47 | INFO     | hermes.http | → GET /api/videos
2026-05-04 14:25:47 | INFO     | hermes.http | ← GET /api/videos 200 60.2ms
2026-05-04 14:25:47 | INFO     | hermes.http | → GET /api/videos/f897583c-0754-45da-9794-26e2697e12a4
2026-05-04 14:25:47 | INFO     | hermes.http | → GET /api/videos/f897583c-0754-45da-9794-26e2697e12a4/timelines
2026-05-04 14:25:47 | INFO     | hermes.http | ← GET /api/videos/f897583c-0754-45da-9794-26e2697e12a4 200 29.2ms
2026-05-04 14:25:47 | INFO     | hermes.http | ← GET /api/videos/f897583c-0754-45da-9794-26e2697e12a4/timelines 200 32.9ms
2026-05-04 14:25:47 | INFO     | hermes.http | → GET /api/chat/3cc60e49-87df-43d7-9278-ba2a38cc90db/messages
2026-05-04 14:25:47 | INFO     | hermes.http | → GET /api/timelines/3cc60e49-87df-43d7-9278-ba2a38cc90db/manifest
2026-05-04 14:25:47 | INFO     | hermes.http | ← GET /api/chat/3cc60e49-87df-43d7-9278-ba2a38cc90db/messages 200 16.5ms
2026-05-04 14:25:47 | INFO     | hermes.http | ← GET /api/timelines/3cc60e49-87df-43d7-9278-ba2a38cc90db/manifest 200 17.3ms
2026-05-04 14:25:47 | INFO     | hermes.http | → GET /api/videos
2026-05-04 14:25:47 | INFO     | hermes.http | ← GET /api/videos 200 2.8ms
2026-05-04 14:25:47 | INFO     | hermes.http | → GET /api/assets/shots
2026-05-04 14:25:47 | INFO     | hermes.http | → GET /api/assets/timelines
2026-05-04 14:25:47 | INFO     | hermes.http | ← GET /api/assets/shots 200 11.4ms
2026-05-04 14:25:47 | INFO     | hermes.http | ← GET /api/assets/timelines 200 11.5ms
2026-05-04 14:25:49 | INFO     | hermes.http | → GET /api/videos
2026-05-04 14:25:49 | INFO     | hermes.http | ← GET /api/videos 200 4.0ms
2026-05-04 14:25:49 | INFO     | hermes.http | → GET /api/videos/f897583c-0754-45da-9794-26e2697e12a4
2026-05-04 14:25:49 | INFO     | hermes.http | → GET /api/videos/f897583c-0754-45da-9794-26e2697e12a4/timelines
2026-05-04 14:25:49 | INFO     | hermes.http | ← GET /api/videos/f897583c-0754-45da-9794-26e2697e12a4 200 15.1ms
2026-05-04 14:25:49 | INFO     | hermes.http | ← GET /api/videos/f897583c-0754-45da-9794-26e2697e12a4/timelines 200 16.8ms
2026-05-04 14:25:49 | INFO     | hermes.http | → GET /api/chat/3cc60e49-87df-43d7-9278-ba2a38cc90db/messages
2026-05-04 14:25:49 | INFO     | hermes.http | → GET /api/timelines/3cc60e49-87df-43d7-9278-ba2a38cc90db/manifest
2026-05-04 14:25:49 | INFO     | hermes.http | ← GET /api/chat/3cc60e49-87df-43d7-9278-ba2a38cc90db/messages 200 5.8ms
2026-05-04 14:25:49 | INFO     | hermes.http | ← GET /api/timelines/3cc60e49-87df-43d7-9278-ba2a38cc90db/manifest 200 6.1ms
2026-05-04 14:25:58 | ERROR    | app.routes.videos | 批量重新生成镜头信息失败
Traceback (most recent call last):
  File "/Volumes/d/hermes/.venv/lib/python3.9/site-packages/sqlalchemy/engine/base.py", line 1967, in _exec_single_context
    self.dialect.do_execute(
  File "/Volumes/d/hermes/.venv/lib/python3.9/site-packages/sqlalchemy/engine/default.py", line 941, in do_execute
    cursor.execute(statement, parameters)
sqlite3.InterfaceError: Error binding parameter 4 - probably unsupported type.

The above exception was the direct cause of the following exception:

Traceback (most recent call last):
  File "/Volumes/d/hermes/backend/app/routes/videos.py", line 99, in reanalyze_all_shots
    n = shot_reanalyze.reanalyze_all_shots_for_video(db, video_id, granularity=granularity)
  File "/Volumes/d/hermes/backend/app/services/shot_reanalyze.py", line 79, in reanalyze_all_shots_for_video
    db.flush()
  File "/Volumes/d/hermes/.venv/lib/python3.9/site-packages/sqlalchemy/orm/session.py", line 4352, in flush
    self._flush(objects)
  File "/Volumes/d/hermes/.venv/lib/python3.9/site-packages/sqlalchemy/orm/session.py", line 4488, in _flush
    transaction.rollback(_capture_exception=True)
  File "/Volumes/d/hermes/.venv/lib/python3.9/site-packages/sqlalchemy/util/langhelpers.py", line 146, in __exit__
    raise exc_value.with_traceback(exc_tb)
  File "/Volumes/d/hermes/.venv/lib/python3.9/site-packages/sqlalchemy/orm/session.py", line 4448, in _flush
    flush_context.execute()
  File "/Volumes/d/hermes/.venv/lib/python3.9/site-packages/sqlalchemy/orm/unitofwork.py", line 466, in execute
    rec.execute(self)
  File "/Volumes/d/hermes/.venv/lib/python3.9/site-packages/sqlalchemy/orm/unitofwork.py", line 642, in execute
    util.preloaded.orm_persistence.save_obj(
  File "/Volumes/d/hermes/.venv/lib/python3.9/site-packages/sqlalchemy/orm/persistence.py", line 85, in save_obj
    _emit_update_statements(
  File "/Volumes/d/hermes/.venv/lib/python3.9/site-packages/sqlalchemy/orm/persistence.py", line 912, in _emit_update_statements
    c = connection.execute(
  File "/Volumes/d/hermes/.venv/lib/python3.9/site-packages/sqlalchemy/engine/base.py", line 1418, in execute
    return meth(
  File "/Volumes/d/hermes/.venv/lib/python3.9/site-packages/sqlalchemy/sql/elements.py", line 515, in _execute_on_connection
    return connection._execute_clauseelement(
  File "/Volumes/d/hermes/.venv/lib/python3.9/site-packages/sqlalchemy/engine/base.py", line 1640, in _execute_clauseelement
    ret = self._execute_context(
  File "/Volumes/d/hermes/.venv/lib/python3.9/site-packages/sqlalchemy/engine/base.py", line 1846, in _execute_context
    return self._exec_single_context(
  File "/Volumes/d/hermes/.venv/lib/python3.9/site-packages/sqlalchemy/engine/base.py", line 1986, in _exec_single_context
    self._handle_dbapi_exception(
  File "/Volumes/d/hermes/.venv/lib/python3.9/site-packages/sqlalchemy/engine/base.py", line 2355, in _handle_dbapi_exception
    raise sqlalchemy_exception.with_traceback(exc_info[2]) from e
  File "/Volumes/d/hermes/.venv/lib/python3.9/site-packages/sqlalchemy/engine/base.py", line 1967, in _exec_single_context
    self.dialect.do_execute(
  File "/Volumes/d/hermes/.venv/lib/python3.9/site-packages/sqlalchemy/engine/default.py", line 941, in do_execute
    cursor.execute(statement, parameters)
sqlalchemy.exc.InterfaceError: (sqlite3.InterfaceError) Error binding parameter 4 - probably unsupported type.
[SQL: UPDATE shot_segments SET summary=?, characters=?, location=?, actions=?, dialogue=?, emotion=?, objects=?, visual_style=?, continuity_anchors=?, tags=? WHERE shot_segments.id = ?]
[parameters: ('在寒冷的雪山之巅，一名身穿黑蓝色古装的男子背对镜头站立，注视着前方坐在巨大冰台上的白发蒙眼女子。', '["\\u9ed1\\u53d1\\u7537\\u5b50", "\\u767d\\u53d1\\u8499\\u773c\\u5973\\u5b50"]', '雪山之巅的冰原', '["\\u7537\\u5b50\\u9759\\u7acb\\u51dd\\u89c6", "\\u5973\\u5b50\\u7aef\\u5750\\u5728\\u51b0\\u53f0\\u4e0a"]', [], '冷寂、肃穆、神秘', '["\\u5de8\\u5927\\u51b0\\u5757", "\\u7691\\u7691\\u767d\\u96ea", "\\u53e4\\u98ce\\u957f\\u888d", "\\u773c\\u7f69"]', '{"art_style": "2D \\u56fd\\u6f2b\\u98ce\\u683c", "color_palette": "\\u4ee5\\u767d\\u3001\\u84dd\\u3001\\u9ed1\\u4e3a\\u4e3b\\u7684\\u51b7\\u8272\\u8c ... (79 characters truncated) ... u5ea6\\u4e2d\\u666f\\uff0c\\u5f3a\\u8c03\\u7a7a\\u95f4\\u5f00\\u9614\\u611f", "lighting": "\\u660e\\u4eae\\u7684\\u663c\\u95f4\\u81ea\\u7136\\u5149"}', '{"foreground": "\\u7537\\u5b50\\u7684\\u9ed1\\u84dd\\u8272\\u670d\\u9970\\u4e0e\\u53d1\\u578b\\u7ec6\\u8282", "midground": "\\u534a\\u900f\\u660e\\u7 ... (42 characters truncated) ... 176\\u8868\\u9762\\u7eb9\\u7406", "background": "\\u8fdc\\u5904\\u96ea\\u5c71\\u7684\\u8f6e\\u5ed3\\u4e0e\\u6df1\\u84dd\\u8272\\u7684\\u5929\\u7a7a"}', '["\\u5947\\u5e7b", "\\u6b66\\u4fa0", "\\u96ea\\u5c71", "\\u4fee\\u70bc", "\\u56fd\\u6f2b", "\\u795e\\u5251\\u8ba4\\u53ef"]', 'c7c09fd3-ab62-449d-8689-ef9f6f051e27')]
(Background on this error at: https://sqlalche.me/e/20/rvf5)
2026-05-04 14:25:58 | INFO     | hermes.http | ← POST /api/videos/reanalyze-all-shots/f897583c-0754-45da-9794-26e2697e12a4 500 58154.2ms
2026-05-04 14:26:44 | INFO     | hermes.http | → GET /api/videos
2026-05-04 14:26:44 | INFO     | hermes.http | ← GET /api/videos 200 21.3ms
2026-05-04 14:26:44 | INFO     | hermes.http | → GET /api/assets/timelines
2026-05-04 14:26:44 | INFO     | hermes.http | → GET /api/assets/shots
2026-05-04 14:26:44 | INFO     | hermes.http | ← GET /api/assets/timelines 200 42.8ms
2026-05-04 14:26:44 | INFO     | hermes.http | ← GET /api/assets/shots 200 42.9ms
2026-05-04 14:26:46 | INFO     | hermes.http | → POST /api/assets/shots/8ad44598-6896-4d08-8244-0502459f0de4/reanalyze
2026-05-04 14:26:47 | INFO     | app.services.analysis | 镜头分析 MiniMax VLM video=神剑认可第7集 index=19 file=0019.mp4
2026-05-04 14:27:02 | ERROR    | app.routes.assets | 镜头重新生成失败
Traceback (most recent call last):
  File "/Volumes/d/hermes/.venv/lib/python3.9/site-packages/sqlalchemy/engine/base.py", line 1967, in _exec_single_context
    self.dialect.do_execute(
  File "/Volumes/d/hermes/.venv/lib/python3.9/site-packages/sqlalchemy/engine/default.py", line 941, in do_execute
    cursor.execute(statement, parameters)
sqlite3.InterfaceError: Error binding parameter 2 - probably unsupported type.

The above exception was the direct cause of the following exception:

Traceback (most recent call last):
  File "/Volumes/d/hermes/backend/app/routes/assets.py", line 25, in reanalyze_shot_endpoint
    shot = shot_reanalyze.reanalyze_shot(db, shot_id)
  File "/Volumes/d/hermes/backend/app/services/shot_reanalyze.py", line 41, in reanalyze_shot
    db.flush()
  File "/Volumes/d/hermes/.venv/lib/python3.9/site-packages/sqlalchemy/orm/session.py", line 4352, in flush
    self._flush(objects)
  File "/Volumes/d/hermes/.venv/lib/python3.9/site-packages/sqlalchemy/orm/session.py", line 4488, in _flush
    transaction.rollback(_capture_exception=True)
  File "/Volumes/d/hermes/.venv/lib/python3.9/site-packages/sqlalchemy/util/langhelpers.py", line 146, in __exit__
    raise exc_value.with_traceback(exc_tb)
  File "/Volumes/d/hermes/.venv/lib/python3.9/site-packages/sqlalchemy/orm/session.py", line 4448, in _flush
    flush_context.execute()
  File "/Volumes/d/hermes/.venv/lib/python3.9/site-packages/sqlalchemy/orm/unitofwork.py", line 466, in execute
    rec.execute(self)
  File "/Volumes/d/hermes/.venv/lib/python3.9/site-packages/sqlalchemy/orm/unitofwork.py", line 642, in execute
    util.preloaded.orm_persistence.save_obj(
  File "/Volumes/d/hermes/.venv/lib/python3.9/site-packages/sqlalchemy/orm/persistence.py", line 85, in save_obj
    _emit_update_statements(
  File "/Volumes/d/hermes/.venv/lib/python3.9/site-packages/sqlalchemy/orm/persistence.py", line 912, in _emit_update_statements
    c = connection.execute(
  File "/Volumes/d/hermes/.venv/lib/python3.9/site-packages/sqlalchemy/engine/base.py", line 1418, in execute
    return meth(
  File "/Volumes/d/hermes/.venv/lib/python3.9/site-packages/sqlalchemy/sql/elements.py", line 515, in _execute_on_connection
    return connection._execute_clauseelement(
  File "/Volumes/d/hermes/.venv/lib/python3.9/site-packages/sqlalchemy/engine/base.py", line 1640, in _execute_clauseelement
    ret = self._execute_context(
  File "/Volumes/d/hermes/.venv/lib/python3.9/site-packages/sqlalchemy/engine/base.py", line 1846, in _execute_context
    return self._exec_single_context(
  File "/Volumes/d/hermes/.venv/lib/python3.9/site-packages/sqlalchemy/engine/base.py", line 1986, in _exec_single_context
    self._handle_dbapi_exception(
  File "/Volumes/d/hermes/.venv/lib/python3.9/site-packages/sqlalchemy/engine/base.py", line 2355, in _handle_dbapi_exception
    raise sqlalchemy_exception.with_traceback(exc_info[2]) from e
  File "/Volumes/d/hermes/.venv/lib/python3.9/site-packages/sqlalchemy/engine/base.py", line 1967, in _exec_single_context
    self.dialect.do_execute(
  File "/Volumes/d/hermes/.venv/lib/python3.9/site-packages/sqlalchemy/engine/default.py", line 941, in do_execute
    cursor.execute(statement, parameters)
sqlalchemy.exc.InterfaceError: (sqlite3.InterfaceError) Error binding parameter 2 - probably unsupported type.
[SQL: UPDATE shot_segments SET summary=?, characters=?, location=?, actions=?, dialogue=?, emotion=?, objects=?, visual_style=?, continuity_anchors=?, tags=? WHERE shot_segments.id = ?]
[parameters: ('一名背着长剑的剑客独自走在广阔的极寒冰原上，朝着远处的雪山和冰川前行，画面展现出一种孤独而坚定的氛围。', '["\\u80cc\\u5251\\u7684\\u5251\\u5ba2"]', ['极寒冰原', '雪山山脉', '冰川'], '["\\u5728\\u96ea\\u5730\\u4e0a\\u884c\\u8d70", "\\u72ec\\u81ea\\u65c5\\u884c"]', [], '孤独 / 坚定 / 肃穆', '["\\u957f\\u5251", "\\u5305\\u88f9\\u5251\\u7684\\u5e03\\u5957", "\\u53e4\\u98ce\\u957f\\u888d", "\\u79ef\\u96ea"]', '{"art_style": "2D\\u52a8\\u6f2b\\u98ce\\u683c", "color_palette": "\\u4ee5\\u84dd\\u3001\\u767d\\u3001\\u9ed1\\u4e3a\\u4e3b\\u7684\\u51b7\\u8272\\u8c03", "shot_type": "\\u4e2d\\u8fdc\\u666f\\u80cc\\u5f71\\u955c\\u5934", "atmosphere": "\\u5b8f\\u5927\\u4e14\\u51b7\\u51bd"}', '{"character_action": "\\u89d2\\u8272\\u80cc\\u5bf9\\u955c\\u5934\\u5411\\u753b\\u9762\\u6df1\\u5904\\u884c\\u8d70", "environmental_cues": "\\u5730\\u9762\\u7684\\u811a\\u5370\\uff0c\\u5de6\\u4fa7\\u7684\\u51b0\\u5ddd\\u5899\\uff0c\\u80cc\\u666f\\u7684\\u5c16\\u5ced\\u96ea\\u5c71"}', '["\\u7384\\u5e7b", "\\u53e4\\u98ce", "\\u96ea\\u666f", "\\u5b64\\u72ec", "\\u5251\\u5ba2", "\\u5192\\u9669"]', '8ad44598-6896-4d08-8244-0502459f0de4')]
(Background on this error at: https://sqlalche.me/e/20/rvf5)
2026-05-04 14:27:02 | INFO     | hermes.http | ← POST /api/assets/shots/8ad44598-6896-4d08-8244-0502459f0de4/reanalyze 500 15951.2ms
2026-05-04 14:27:24 | INFO     | hermes.http | → GET /api/configs/models
2026-05-04 14:27:24 | INFO     | hermes.http | ← GET /api/configs/models 200 20.1ms
2026-05-04 14:27:27 | INFO     | hermes.http | → GET /api/jobs
2026-05-04 14:27:27 | INFO     | hermes.http | ← GET /api/jobs 200 15.1ms
2026-05-04 14:27:29 | INFO     | hermes.http | → GET /api/videos
2026-05-04 14:27:29 | INFO     | hermes.http | ← GET /api/videos 200 3.6ms
2026-05-04 14:27:29 | INFO     | hermes.http | → GET /api/assets/shots
2026-05-04 14:27:29 | INFO     | hermes.http | → GET /api/assets/timelines
2026-05-04 14:27:29 | INFO     | hermes.http | ← GET /api/assets/shots 200 15.1ms
2026-05-04 14:27:29 | INFO     | hermes.http | ← GET /api/assets/timelines 200 16.2ms
2026-05-04 14:27:37 | INFO     | hermes | 日志文件：/Volumes/d/hermes/backend/storage/logs/hermes.log（级别 INFO）
2026-05-04 14:27:43 | INFO     | hermes | 日志文件：/Volumes/d/hermes/backend/storage/logs/hermes.log（级别 INFO）
2026-05-04 14:27:59 | INFO     | hermes.http | → GET /library
2026-05-04 14:27:59 | INFO     | hermes.http | ← GET /library 200 9.2ms
2026-05-04 14:28:00 | INFO     | hermes.http | → GET /assets/index-bIx2SW3n.js
2026-05-04 14:28:00 | INFO     | hermes.http | → GET /assets/index-DzzIHrGH.css
2026-05-04 14:28:00 | INFO     | hermes.http | ← GET /assets/index-bIx2SW3n.js 304 3.6ms
2026-05-04 14:28:00 | INFO     | hermes.http | ← GET /assets/index-DzzIHrGH.css 304 4.1ms
2026-05-04 14:28:00 | INFO     | hermes.http | → GET /api/videos
2026-05-04 14:28:00 | INFO     | hermes.http | ← GET /api/videos 200 34.9ms
2026-05-04 14:28:00 | INFO     | hermes.http | → GET /api/assets/shots
2026-05-04 14:28:00 | INFO     | hermes.http | → GET /api/assets/timelines
2026-05-04 14:28:00 | INFO     | hermes.http | ← GET /api/assets/shots 200 17.3ms
2026-05-04 14:28:00 | INFO     | hermes.http | ← GET /api/assets/timelines 200 21.0ms
2026-05-04 14:28:02 | INFO     | hermes.http | → POST /api/assets/shots/8ad44598-6896-4d08-8244-0502459f0de4/reanalyze
2026-05-04 14:28:02 | INFO     | app.services.analysis | 镜头分析 MiniMax VLM video=神剑认可第7集 index=19 file=0019.mp4
2026-05-04 14:28:17 | INFO     | app.routes.assets | 单镜头重新生成完成 shot=8ad44598-689 video=f897583c-075
2026-05-04 14:28:17 | INFO     | hermes.http | ← POST /api/assets/shots/8ad44598-6896-4d08-8244-0502459f0de4/reanalyze 200 15127.5ms
2026-05-04 14:28:17 | INFO     | hermes.http | → GET /api/assets/shots
2026-05-04 14:28:17 | INFO     | hermes.http | → GET /api/assets/timelines
2026-05-04 14:28:17 | INFO     | hermes.http | ← GET /api/assets/shots 200 12.4ms
2026-05-04 14:28:17 | INFO     | hermes.http | ← GET /api/assets/timelines 200 13.0ms
2026-05-04 14:33:46 | INFO     | hermes.http | → POST /api/videos/reanalyze-all-shots/f897583c-0754-45da-9794-26e2697e12a4
2026-05-04 14:33:46 | INFO     | app.services.analysis | 镜头分析 MiniMax VLM video=神剑认可第7集 index=0 file=0000.mp4
2026-05-04 14:33:58 | INFO     | app.services.analysis | 镜头分析 MiniMax VLM video=神剑认可第7集 index=1 file=0001.mp4
2026-05-04 14:34:06 | INFO     | app.services.analysis | 镜头分析 MiniMax VLM video=神剑认可第7集 index=2 file=0002.mp4
2026-05-04 14:34:15 | INFO     | app.services.analysis | 镜头分析 MiniMax VLM video=神剑认可第7集 index=3 file=0003.mp4
2026-05-04 14:34:25 | INFO     | app.services.analysis | 镜头分析 MiniMax VLM video=神剑认可第7集 index=4 file=0004.mp4
2026-05-04 14:34:35 | INFO     | app.services.analysis | 镜头分析 MiniMax VLM video=神剑认可第7集 index=5 file=0005.mp4
2026-05-04 14:34:48 | INFO     | app.services.analysis | 镜头分析 MiniMax VLM video=神剑认可第7集 index=6 file=0006.mp4
2026-05-04 14:34:59 | INFO     | app.services.analysis | 镜头分析 MiniMax VLM video=神剑认可第7集 index=7 file=0007.mp4
2026-05-04 14:35:07 | INFO     | app.services.analysis | 镜头分析 MiniMax VLM video=神剑认可第7集 index=8 file=0008.mp4
2026-05-04 14:35:20 | INFO     | app.services.analysis | 镜头分析 MiniMax VLM video=神剑认可第7集 index=9 file=0009.mp4
2026-05-04 14:35:28 | INFO     | app.services.analysis | 镜头分析 MiniMax VLM video=神剑认可第7集 index=10 file=0010.mp4
2026-05-04 14:35:39 | INFO     | app.services.analysis | 镜头分析 MiniMax VLM video=神剑认可第7集 index=11 file=0011.mp4
2026-05-04 14:35:51 | INFO     | app.services.analysis | 镜头分析 MiniMax VLM video=神剑认可第7集 index=12 file=0012.mp4
2026-05-04 14:36:00 | INFO     | app.services.analysis | 镜头分析 MiniMax VLM video=神剑认可第7集 index=13 file=0013.mp4
2026-05-04 14:36:14 | INFO     | app.services.analysis | 镜头分析 MiniMax VLM video=神剑认可第7集 index=14 file=0014.mp4
2026-05-04 14:36:25 | INFO     | app.services.analysis | 镜头分析 MiniMax VLM video=神剑认可第7集 index=15 file=0015.mp4
2026-05-04 14:36:40 | INFO     | app.services.analysis | 镜头分析 MiniMax VLM video=神剑认可第7集 index=16 file=0016.mp4
2026-05-04 14:36:53 | INFO     | app.services.analysis | 镜头分析 MiniMax VLM video=神剑认可第7集 index=17 file=0017.mp4
2026-05-04 14:37:03 | INFO     | app.services.analysis | 镜头分析 MiniMax VLM video=神剑认可第7集 index=18 file=0018.mp4
2026-05-04 14:37:14 | ERROR    | app.routes.videos | 批量重新生成镜头信息失败
Traceback (most recent call last):
  File "/Volumes/d/hermes/.venv/lib/python3.9/site-packages/sqlalchemy/engine/cursor.py", line 1136, in fetchall
    rows = dbapi_cursor.fetchall()
sqlite3.InterfaceError: Cursor needed to be reset because of commit/rollback and can no longer be fetched from.

The above exception was the direct cause of the following exception:

Traceback (most recent call last):
  File "/Volumes/d/hermes/backend/app/routes/videos.py", line 99, in reanalyze_all_shots
    n = shot_reanalyze.reanalyze_all_shots_for_video(db, video_id, granularity=granularity)
  File "/Volumes/d/hermes/backend/app/services/shot_reanalyze.py", line 65, in reanalyze_all_shots_for_video
    analyzed = analysis.analyze_shot(
  File "/Volumes/d/hermes/backend/app/services/analysis.py", line 133, in analyze_shot
    client = get_llm()
  File "/Volumes/d/hermes/backend/app/services/llm.py", line 496, in get_llm
    return resolve_llm_client(db, profile, kind=kind)
  File "/Volumes/d/hermes/backend/app/services/model_resolve.py", line 72, in resolve_llm_client
    cfg = resolve_model_row(db, kind, profile)
  File "/Volumes/d/hermes/backend/app/services/model_resolve.py", line 20, in resolve_model_row
    db.query(models.ModelConfig)
  File "/Volumes/d/hermes/.venv/lib/python3.9/site-packages/sqlalchemy/orm/query.py", line 2728, in first
    return self.limit(1)._iter().first()  # type: ignore
  File "/Volumes/d/hermes/.venv/lib/python3.9/site-packages/sqlalchemy/engine/result.py", line 1786, in first
    return self._only_one_row(
  File "/Volumes/d/hermes/.venv/lib/python3.9/site-packages/sqlalchemy/engine/result.py", line 749, in _only_one_row
    row: Optional[_InterimRowType[Any]] = onerow(hard_close=True)
  File "/Volumes/d/hermes/.venv/lib/python3.9/site-packages/sqlalchemy/engine/result.py", line 1673, in _fetchone_impl
    return self._real_result._fetchone_impl(hard_close=hard_close)
  File "/Volumes/d/hermes/.venv/lib/python3.9/site-packages/sqlalchemy/engine/result.py", line 2259, in _fetchone_impl
    row = next(self.iterator, _NO_ROW)
  File "/Volumes/d/hermes/.venv/lib/python3.9/site-packages/sqlalchemy/orm/loading.py", line 219, in chunks
    fetch = cursor._raw_all_rows()
  File "/Volumes/d/hermes/.venv/lib/python3.9/site-packages/sqlalchemy/engine/result.py", line 540, in _raw_all_rows
    rows = self._fetchall_impl()
  File "/Volumes/d/hermes/.venv/lib/python3.9/site-packages/sqlalchemy/engine/cursor.py", line 2135, in _fetchall_impl
    return self.cursor_strategy.fetchall(self, self.cursor)
  File "/Volumes/d/hermes/.venv/lib/python3.9/site-packages/sqlalchemy/engine/cursor.py", line 1140, in fetchall
    self.handle_exception(result, dbapi_cursor, e)
  File "/Volumes/d/hermes/.venv/lib/python3.9/site-packages/sqlalchemy/engine/cursor.py", line 1081, in handle_exception
    result.connection._handle_dbapi_exception(
  File "/Volumes/d/hermes/.venv/lib/python3.9/site-packages/sqlalchemy/engine/base.py", line 2355, in _handle_dbapi_exception
    raise sqlalchemy_exception.with_traceback(exc_info[2]) from e
  File "/Volumes/d/hermes/.venv/lib/python3.9/site-packages/sqlalchemy/engine/cursor.py", line 1136, in fetchall
    rows = dbapi_cursor.fetchall()
sqlalchemy.exc.InterfaceError: (sqlite3.InterfaceError) Cursor needed to be reset because of commit/rollback and can no longer be fetched from.
(Background on this error at: https://sqlalche.me/e/20/rvf5)
2026-05-04 14:38:12 | INFO     | hermes | 日志文件：/Volumes/d/hermes/backend/storage/logs/hermes.log（级别 INFO）
2026-05-04 14:38:12 | INFO     | hermes.http | → GET /library
2026-05-04 14:38:12 | INFO     | hermes.http | ← GET /library 200 2.6ms
2026-05-04 14:38:12 | INFO     | hermes.http | → GET /assets/index-BmZ46U1A.js
2026-05-04 14:38:12 | INFO     | hermes.http | → GET /assets/index-coLeS4NY.css
2026-05-04 14:38:12 | INFO     | hermes.http | ← GET /assets/index-coLeS4NY.css 200 4.2ms
2026-05-04 14:38:12 | INFO     | hermes.http | ← GET /assets/index-BmZ46U1A.js 200 7.4ms
2026-05-04 14:38:12 | INFO     | hermes.http | → GET /api/videos
2026-05-04 14:38:12 | INFO     | hermes.http | ← GET /api/videos 200 3.5ms
2026-05-04 14:38:12 | INFO     | hermes.http | → GET /api/assets/shots
2026-05-04 14:38:12 | INFO     | hermes.http | → GET /api/assets/timelines
2026-05-04 14:38:12 | INFO     | hermes.http | → GET /api/videos/f897583c-0754-45da-9794-26e2697e12a4/characters
2026-05-04 14:38:12 | INFO     | hermes.http | ← GET /api/assets/shots 200 30.5ms
2026-05-04 14:38:12 | INFO     | hermes.http | ← GET /api/videos/f897583c-0754-45da-9794-26e2697e12a4/characters 200 23.3ms
2026-05-04 14:38:12 | INFO     | hermes.http | ← GET /api/assets/timelines 200 34.3ms
2026-05-04 14:38:18 | INFO     | hermes | 日志文件：/Volumes/d/hermes/backend/storage/logs/hermes.log（级别 INFO）
2026-05-04 14:38:24 | INFO     | hermes.http | → GET /api/videos
2026-05-04 14:38:24 | INFO     | hermes.http | ← GET /api/videos 200 31.5ms
2026-05-04 14:38:24 | INFO     | hermes.http | → GET /api/videos/f897583c-0754-45da-9794-26e2697e12a4
2026-05-04 14:38:24 | INFO     | hermes.http | → GET /api/videos/f897583c-0754-45da-9794-26e2697e12a4/timelines
2026-05-04 14:38:24 | INFO     | hermes.http | ← GET /api/videos/f897583c-0754-45da-9794-26e2697e12a4 200 9.5ms
2026-05-04 14:38:24 | INFO     | hermes.http | ← GET /api/videos/f897583c-0754-45da-9794-26e2697e12a4/timelines 200 13.4ms
2026-05-04 14:38:24 | INFO     | hermes.http | → GET /api/chat/3cc60e49-87df-43d7-9278-ba2a38cc90db/messages
2026-05-04 14:38:24 | INFO     | hermes.http | → GET /api/timelines/3cc60e49-87df-43d7-9278-ba2a38cc90db/manifest
2026-05-04 14:38:24 | INFO     | hermes.http | ← GET /api/chat/3cc60e49-87df-43d7-9278-ba2a38cc90db/messages 200 10.4ms
2026-05-04 14:38:24 | INFO     | hermes.http | ← GET /api/timelines/3cc60e49-87df-43d7-9278-ba2a38cc90db/manifest 200 9.3ms
2026-05-04 14:38:37 | INFO     | hermes.http | → POST /api/chat
2026-05-04 14:38:51 | INFO     | app.routes.chat | 对话请求 intent=qa timeline=3cc60e49-87d play=0.00s profile=fast chars=8
2026-05-04 14:39:01 | INFO     | hermes.http | ← POST /api/chat 200 24031.6ms
2026-05-04 14:39:56 | INFO     | hermes.http | → GET /api/videos
2026-05-04 14:39:56 | INFO     | hermes.http | ← GET /api/videos 200 48.5ms
2026-05-04 14:39:56 | INFO     | hermes.http | → GET /api/assets/shots
2026-05-04 14:39:56 | INFO     | hermes.http | → GET /api/assets/timelines
2026-05-04 14:39:56 | INFO     | hermes.http | → GET /api/videos/f897583c-0754-45da-9794-26e2697e12a4/characters
2026-05-04 14:39:56 | INFO     | hermes.http | ← GET /api/assets/shots 200 89.8ms
2026-05-04 14:39:56 | INFO     | hermes.http | ← GET /api/videos/f897583c-0754-45da-9794-26e2697e12a4/characters 200 95.5ms
2026-05-04 14:39:56 | INFO     | hermes.http | ← GET /api/assets/timelines 200 97.8ms
2026-05-04 14:40:06 | INFO     | hermes.http | → POST /api/videos/f897583c-0754-45da-9794-26e2697e12a4/characters/extract
2026-05-04 14:40:06 | INFO     | app.services.character_library | 角色库已重建 video=f897583c-075 rows=5 granularity=scene
2026-05-04 14:40:06 | INFO     | hermes.http | ← POST /api/videos/f897583c-0754-45da-9794-26e2697e12a4/characters/extract 200 24.8ms
2026-05-04 14:40:06 | INFO     | hermes.http | → GET /api/videos/f897583c-0754-45da-9794-26e2697e12a4/characters
2026-05-04 14:40:06 | INFO     | hermes.http | ← GET /api/videos/f897583c-0754-45da-9794-26e2697e12a4/characters 200 2.8ms
2026-05-04 14:40:17 | INFO     | hermes.http | → POST /api/videos/f897583c-0754-45da-9794-26e2697e12a4/characters/extract
2026-05-04 14:40:17 | INFO     | app.services.character_library | 角色库已重建 video=f897583c-075 rows=5 granularity=scene
2026-05-04 14:40:17 | INFO     | hermes.http | ← POST /api/videos/f897583c-0754-45da-9794-26e2697e12a4/characters/extract 200 10.1ms
2026-05-04 14:40:17 | INFO     | hermes.http | → GET /api/videos/f897583c-0754-45da-9794-26e2697e12a4/characters
2026-05-04 14:40:17 | INFO     | hermes.http | ← GET /api/videos/f897583c-0754-45da-9794-26e2697e12a4/characters 200 4.2ms
2026-05-04 14:40:31 | INFO     | hermes | 日志文件：/Volumes/d/hermes/backend/storage/logs/hermes.log（级别 INFO）
2026-05-04 14:40:38 | INFO     | hermes | 日志文件：/Volumes/d/hermes/backend/storage/logs/hermes.log（级别 INFO）
2026-05-04 14:40:53 | INFO     | hermes | 日志文件：/Volumes/d/hermes/backend/storage/logs/hermes.log（级别 INFO）
2026-05-04 14:40:59 | INFO     | hermes | 日志文件：/Volumes/d/hermes/backend/storage/logs/hermes.log（级别 INFO）
2026-05-04 14:41:04 | INFO     | hermes | 日志文件：/Volumes/d/hermes/backend/storage/logs/hermes.log（级别 INFO）
2026-05-04 14:41:11 | INFO     | hermes | 日志文件：/Volumes/d/hermes/backend/storage/logs/hermes.log（级别 INFO）
2026-05-04 14:41:34 | INFO     | hermes | 日志文件：/Volumes/d/hermes/backend/storage/logs/hermes.log（级别 INFO）
2026-05-04 14:41:34 | INFO     | hermes | 日志文件：/Volumes/d/hermes/backend/storage/logs/hermes.log（级别 INFO）
2026-05-04 14:41:35 | INFO     | hermes | 日志文件：/Volumes/d/hermes/backend/storage/logs/hermes.log（级别 INFO）
2026-05-04 14:41:36 | INFO     | hermes | 日志文件：/Volumes/d/hermes/backend/storage/logs/hermes.log（级别 INFO）
2026-05-04 14:41:37 | INFO     | hermes | 日志文件：/Volumes/d/hermes/backend/storage/logs/hermes.log（级别 INFO）
2026-05-04 14:41:38 | INFO     | hermes | 日志文件：/Volumes/d/hermes/backend/storage/logs/hermes.log（级别 INFO）
2026-05-04 14:41:39 | INFO     | hermes | 日志文件：/Volumes/d/hermes/backend/storage/logs/hermes.log（级别 INFO）
2026-05-04 14:41:42 | INFO     | hermes | 日志文件：/Volumes/d/hermes/backend/storage/logs/hermes.log（级别 INFO）
2026-05-04 14:41:45 | INFO     | hermes | 日志文件：/Volumes/d/hermes/backend/storage/logs/hermes.log（级别 INFO）
2026-05-04 14:41:46 | INFO     | hermes | 日志文件：/Volumes/d/hermes/backend/storage/logs/hermes.log（级别 INFO）
2026-05-04 14:43:37 | INFO     | hermes.http | → GET /library
2026-05-04 14:43:37 | INFO     | hermes.http | ← GET /library 200 11.9ms
2026-05-04 14:43:37 | INFO     | hermes.http | → GET /assets/index-CaK5xKD2.js
2026-05-04 14:43:37 | INFO     | hermes.http | → GET /assets/index-Vbw1QXck.css
2026-05-04 14:43:37 | INFO     | hermes.http | ← GET /assets/index-CaK5xKD2.js 200 3.6ms
2026-05-04 14:43:37 | INFO     | hermes.http | ← GET /assets/index-Vbw1QXck.css 200 4.5ms
2026-05-04 14:43:38 | INFO     | hermes.http | → GET /api/videos
2026-05-04 14:43:38 | INFO     | hermes.http | ← GET /api/videos 200 29.2ms
2026-05-04 14:43:38 | INFO     | hermes.http | → GET /api/assets/timelines
2026-05-04 14:43:38 | INFO     | hermes.http | → GET /api/assets/shots
2026-05-04 14:43:38 | INFO     | hermes.http | → GET /api/videos/f897583c-0754-45da-9794-26e2697e12a4/characters
2026-05-04 14:43:38 | INFO     | hermes.http | ← GET /api/assets/shots 200 27.6ms
2026-05-04 14:43:38 | INFO     | hermes.http | ← GET /api/videos/f897583c-0754-45da-9794-26e2697e12a4/characters 200 28.1ms
2026-05-04 14:43:38 | INFO     | hermes.http | ← GET /api/assets/timelines 200 31.8ms
2026-05-04 14:43:43 | INFO     | hermes.http | → GET /api/videos
2026-05-04 14:43:43 | INFO     | hermes.http | ← GET /api/videos 200 3.3ms
2026-05-04 14:43:43 | INFO     | hermes.http | → GET /api/videos/f897583c-0754-45da-9794-26e2697e12a4/timelines
2026-05-04 14:43:43 | INFO     | hermes.http | → GET /api/videos/f897583c-0754-45da-9794-26e2697e12a4
2026-05-04 14:43:43 | INFO     | hermes.http | ← GET /api/videos/f897583c-0754-45da-9794-26e2697e12a4 200 5.5ms
2026-05-04 14:43:43 | INFO     | hermes.http | ← GET /api/videos/f897583c-0754-45da-9794-26e2697e12a4/timelines 200 8.2ms
2026-05-04 14:43:43 | INFO     | hermes.http | → GET /api/chat/3cc60e49-87df-43d7-9278-ba2a38cc90db/messages
2026-05-04 14:43:43 | INFO     | hermes.http | → GET /api/timelines/3cc60e49-87df-43d7-9278-ba2a38cc90db/manifest
2026-05-04 14:43:43 | INFO     | hermes.http | ← GET /api/chat/3cc60e49-87df-43d7-9278-ba2a38cc90db/messages 200 7.2ms
2026-05-04 14:43:43 | INFO     | hermes.http | ← GET /api/timelines/3cc60e49-87df-43d7-9278-ba2a38cc90db/manifest 200 7.4ms
2026-05-04 14:44:02 | INFO     | hermes.http | → GET /api/videos
2026-05-04 14:44:02 | INFO     | hermes.http | ← GET /api/videos 200 3.7ms
2026-05-04 14:44:02 | INFO     | hermes.http | → GET /api/assets/shots
2026-05-04 14:44:02 | INFO     | hermes.http | → GET /api/videos/f897583c-0754-45da-9794-26e2697e12a4/characters
2026-05-04 14:44:02 | INFO     | hermes.http | → GET /api/assets/timelines
2026-05-04 14:44:02 | INFO     | hermes.http | ← GET /api/assets/shots 200 12.2ms
2026-05-04 14:44:02 | INFO     | hermes.http | ← GET /api/videos/f897583c-0754-45da-9794-26e2697e12a4/characters 200 12.1ms
2026-05-04 14:44:02 | INFO     | hermes.http | ← GET /api/assets/timelines 200 12.4ms
2026-05-04 14:44:24 | INFO     | hermes | 日志文件：/Volumes/d/hermes/backend/storage/logs/hermes.log（级别 INFO）
2026-05-04 14:44:24 | INFO     | hermes | 日志文件：/Volumes/d/hermes/backend/storage/logs/hermes.log（级别 INFO）
2026-05-04 14:44:26 | INFO     | hermes | 日志文件：/Volumes/d/hermes/backend/storage/logs/hermes.log（级别 INFO）
2026-05-04 14:44:35 | INFO     | hermes | 日志文件：/Volumes/d/hermes/backend/storage/logs/hermes.log（级别 INFO）
2026-05-04 14:44:51 | INFO     | hermes | 日志文件：/Volumes/d/hermes/backend/storage/logs/hermes.log（级别 INFO）
2026-05-04 14:45:41 | INFO     | hermes | 日志文件：/Volumes/d/hermes/backend/storage/logs/hermes.log（级别 INFO）
2026-05-04 14:46:43 | INFO     | hermes | 日志文件：/Volumes/d/hermes/backend/storage/logs/hermes.log（级别 INFO）
2026-05-04 14:46:49 | INFO     | hermes | 日志文件：/Volumes/d/hermes/backend/storage/logs/hermes.log（级别 INFO）
2026-05-04 14:46:51 | INFO     | hermes | 日志文件：/Volumes/d/hermes/backend/storage/logs/hermes.log（级别 INFO）
2026-05-04 14:46:52 | INFO     | hermes | 日志文件：/Volumes/d/hermes/backend/storage/logs/hermes.log（级别 INFO）
2026-05-04 14:47:15 | INFO     | hermes | 日志文件：/Volumes/d/hermes/backend/storage/logs/hermes.log（级别 INFO）
2026-05-04 14:47:17 | INFO     | hermes | 日志文件：/Volumes/d/hermes/backend/storage/logs/hermes.log（级别 INFO）
2026-05-04 14:47:39 | INFO     | hermes | 日志文件：/Volumes/d/hermes/backend/storage/logs/hermes.log（级别 INFO）
2026-05-04 14:47:42 | INFO     | hermes | 日志文件：/Volumes/d/hermes/backend/storage/logs/hermes.log（级别 INFO）
2026-05-04 14:47:46 | INFO     | hermes | 日志文件：/Volumes/d/hermes/backend/storage/logs/hermes.log（级别 INFO）
2026-05-04 14:48:22 | INFO     | hermes | 日志文件：/Volumes/d/hermes/backend/storage/logs/hermes.log（级别 INFO）
2026-05-04 14:48:32 | INFO     | hermes | 日志文件：/Volumes/d/hermes/backend/storage/logs/hermes.log（级别 INFO）
2026-05-04 14:48:41 | INFO     | hermes | 日志文件：/Volumes/d/hermes/backend/storage/logs/hermes.log（级别 INFO）
2026-05-04 14:48:49 | INFO     | hermes | 日志文件：/Volumes/d/hermes/backend/storage/logs/hermes.log（级别 INFO）
2026-05-04 14:49:14 | INFO     | hermes | 日志文件：/Volumes/d/hermes/backend/storage/logs/hermes.log（级别 INFO）
2026-05-04 14:50:11 | INFO     | hermes | 日志文件：/Volumes/d/hermes/backend/storage/logs/hermes.log（级别 INFO）
2026-05-04 14:50:41 | INFO     | hermes.http | → GET /library
2026-05-04 14:50:41 | INFO     | hermes.http | ← GET /library 200 8.0ms
2026-05-04 14:50:41 | INFO     | hermes.http | → GET /assets/index-Vbw1QXck.css
2026-05-04 14:50:41 | INFO     | hermes.http | → GET /assets/index-CaK5xKD2.js
2026-05-04 14:50:41 | INFO     | hermes.http | ← GET /assets/index-CaK5xKD2.js 304 2.0ms
2026-05-04 14:50:41 | INFO     | hermes.http | ← GET /assets/index-Vbw1QXck.css 304 3.2ms
2026-05-04 14:50:42 | INFO     | hermes.http | → GET /api/videos
2026-05-04 14:50:42 | INFO     | hermes.http | ← GET /api/videos 200 16.3ms
2026-05-04 14:50:42 | INFO     | hermes.http | → GET /api/assets/shots
2026-05-04 14:50:42 | INFO     | hermes.http | → GET /api/assets/timelines
2026-05-04 14:50:42 | INFO     | hermes.http | → GET /api/videos/f897583c-0754-45da-9794-26e2697e12a4/characters
2026-05-04 14:50:42 | INFO     | hermes.http | ← GET /api/assets/shots 200 23.3ms
2026-05-04 14:50:42 | INFO     | hermes.http | ← GET /api/videos/f897583c-0754-45da-9794-26e2697e12a4/characters 200 22.2ms
2026-05-04 14:50:42 | INFO     | hermes.http | ← GET /api/assets/timelines 200 26.3ms
2026-05-04 14:52:48 | INFO     | hermes | 日志文件：/Volumes/d/hermes/backend/storage/logs/hermes.log（级别 INFO）
2026-05-04 14:52:53 | INFO     | hermes | 日志文件：/Volumes/d/hermes/backend/storage/logs/hermes.log（级别 INFO）
2026-05-04 14:52:57 | INFO     | hermes | 日志文件：/Volumes/d/hermes/backend/storage/logs/hermes.log（级别 INFO）
2026-05-04 14:53:13 | INFO     | hermes | 日志文件：/Volumes/d/hermes/backend/storage/logs/hermes.log（级别 INFO）
2026-05-04 14:55:30 | INFO     | hermes.http | → GET /library
2026-05-04 14:55:30 | INFO     | hermes.http | ← GET /library 200 5.0ms
2026-05-04 14:55:30 | INFO     | hermes.http | → GET /assets/index-CaK5xKD2.js
2026-05-04 14:55:30 | INFO     | hermes.http | → GET /assets/index-Vbw1QXck.css
2026-05-04 14:55:30 | INFO     | hermes.http | ← GET /assets/index-CaK5xKD2.js 304 2.7ms
2026-05-04 14:55:30 | INFO     | hermes.http | ← GET /assets/index-Vbw1QXck.css 304 3.2ms
2026-05-04 14:55:30 | INFO     | hermes.http | → GET /api/videos
2026-05-04 14:55:30 | INFO     | hermes.http | ← GET /api/videos 200 17.7ms
2026-05-04 14:55:30 | INFO     | hermes.http | → GET /api/assets/shots
2026-05-04 14:55:30 | INFO     | hermes.http | → GET /api/assets/timelines
2026-05-04 14:55:30 | INFO     | hermes.http | → GET /api/videos/f897583c-0754-45da-9794-26e2697e12a4/characters
2026-05-04 14:55:30 | INFO     | hermes.http | ← GET /api/assets/shots 200 24.6ms
2026-05-04 14:55:30 | INFO     | hermes.http | ← GET /api/videos/f897583c-0754-45da-9794-26e2697e12a4/characters 200 26.0ms
2026-05-04 14:55:30 | INFO     | hermes.http | ← GET /api/assets/timelines 200 27.4ms
2026-05-04 14:55:32 | INFO     | hermes.http | → POST /api/videos/f897583c-0754-45da-9794-26e2697e12a4/characters/extract
2026-05-04 14:55:32 | INFO     | app.services.character_library | 角色库已重建 video=f897583c-075 rows=5 granularity=scene
2026-05-04 14:55:32 | INFO     | hermes.http | ← POST /api/videos/f897583c-0754-45da-9794-26e2697e12a4/characters/extract 200 35.5ms
2026-05-04 14:55:32 | INFO     | hermes.http | → GET /api/videos/f897583c-0754-45da-9794-26e2697e12a4/characters
2026-05-04 14:55:32 | INFO     | hermes.http | ← GET /api/videos/f897583c-0754-45da-9794-26e2697e12a4/characters 200 3.3ms
2026-05-04 14:56:02 | INFO     | hermes.http | → POST /api/videos/f897583c-0754-45da-9794-26e2697e12a4/characters/extract
2026-05-04 14:56:02 | INFO     | app.services.character_library | 角色库已重建 video=f897583c-075 rows=5 granularity=scene
2026-05-04 14:56:02 | INFO     | hermes.http | ← POST /api/videos/f897583c-0754-45da-9794-26e2697e12a4/characters/extract 200 73.8ms
2026-05-04 14:56:02 | INFO     | hermes.http | → GET /api/videos/f897583c-0754-45da-9794-26e2697e12a4/characters
2026-05-04 14:56:02 | INFO     | hermes.http | ← GET /api/videos/f897583c-0754-45da-9794-26e2697e12a4/characters 200 7.5ms
2026-05-04 14:56:36 | INFO     | hermes.http | → GET /api/videos
2026-05-04 14:56:36 | INFO     | hermes.http | ← GET /api/videos 200 15.6ms
2026-05-04 14:56:36 | INFO     | hermes.http | → GET /api/videos/f897583c-0754-45da-9794-26e2697e12a4
2026-05-04 14:56:36 | INFO     | hermes.http | → GET /api/videos/f897583c-0754-45da-9794-26e2697e12a4/timelines
2026-05-04 14:56:36 | INFO     | hermes.http | ← GET /api/videos/f897583c-0754-45da-9794-26e2697e12a4 200 41.9ms
2026-05-04 14:56:36 | INFO     | hermes.http | ← GET /api/videos/f897583c-0754-45da-9794-26e2697e12a4/timelines 200 58.1ms
2026-05-04 14:56:36 | INFO     | hermes.http | → GET /api/timelines/3cc60e49-87df-43d7-9278-ba2a38cc90db/manifest
2026-05-04 14:56:36 | INFO     | hermes.http | → GET /api/chat/3cc60e49-87df-43d7-9278-ba2a38cc90db/messages
2026-05-04 14:56:36 | INFO     | hermes.http | ← GET /api/chat/3cc60e49-87df-43d7-9278-ba2a38cc90db/messages 200 21.8ms
2026-05-04 14:56:36 | INFO     | hermes.http | ← GET /api/timelines/3cc60e49-87df-43d7-9278-ba2a38cc90db/manifest 200 23.5ms
2026-05-04 14:56:47 | INFO     | hermes.http | → POST /api/chat
2026-05-04 14:56:55 | INFO     | app.routes.chat | 对话请求 intent=qa timeline=3cc60e49-87d play=0.00s profile=fast chars=14
2026-05-04 14:57:04 | INFO     | hermes.http | ← POST /api/chat 200 17033.4ms
2026-05-04 14:57:22 | INFO     | hermes.http | → GET /api/chat/179f4d9c-a431-4637-a0bb-1f47c81bf3a9/messages
2026-05-04 14:57:22 | INFO     | hermes.http | → GET /api/timelines/179f4d9c-a431-4637-a0bb-1f47c81bf3a9/manifest
2026-05-04 14:57:22 | INFO     | hermes.http | ← GET /api/chat/179f4d9c-a431-4637-a0bb-1f47c81bf3a9/messages 200 100.9ms
2026-05-04 14:57:22 | INFO     | hermes.http | ← GET /api/timelines/179f4d9c-a431-4637-a0bb-1f47c81bf3a9/manifest 200 96.8ms
2026-05-04 14:57:24 | INFO     | hermes.http | → GET /api/chat/3cc60e49-87df-43d7-9278-ba2a38cc90db/messages
2026-05-04 14:57:24 | INFO     | hermes.http | → GET /api/timelines/3cc60e49-87df-43d7-9278-ba2a38cc90db/manifest
2026-05-04 14:57:24 | INFO     | hermes.http | ← GET /api/chat/3cc60e49-87df-43d7-9278-ba2a38cc90db/messages 200 26.6ms
2026-05-04 14:57:24 | INFO     | hermes.http | ← GET /api/timelines/3cc60e49-87df-43d7-9278-ba2a38cc90db/manifest 200 27.7ms
2026-05-04 14:57:35 | INFO     | hermes.http | → GET /api/videos
2026-05-04 14:57:35 | INFO     | hermes.http | ← GET /api/videos 200 3.1ms
2026-05-04 14:57:35 | INFO     | hermes.http | → GET /api/assets/shots
2026-05-04 14:57:35 | INFO     | hermes.http | → GET /api/assets/timelines
2026-05-04 14:57:35 | INFO     | hermes.http | → GET /api/videos/f897583c-0754-45da-9794-26e2697e12a4/characters
2026-05-04 14:57:35 | INFO     | hermes.http | ← GET /api/assets/timelines 200 54.9ms
2026-05-04 14:57:35 | INFO     | hermes.http | ← GET /api/assets/shots 200 57.3ms
2026-05-04 14:57:35 | INFO     | hermes.http | ← GET /api/videos/f897583c-0754-45da-9794-26e2697e12a4/characters 200 53.2ms
2026-05-04 14:59:58 | INFO     | hermes.http | → GET /library
2026-05-04 14:59:58 | INFO     | hermes.http | ← GET /library 200 5.0ms
2026-05-04 14:59:58 | INFO     | hermes.http | → GET /assets/index-Vbw1QXck.css
2026-05-04 14:59:58 | INFO     | hermes.http | → GET /assets/index-CaK5xKD2.js
2026-05-04 14:59:58 | INFO     | hermes.http | ← GET /assets/index-CaK5xKD2.js 304 15.6ms
2026-05-04 14:59:58 | INFO     | hermes.http | ← GET /assets/index-Vbw1QXck.css 304 17.7ms
2026-05-04 14:59:58 | INFO     | hermes.http | → GET /api/videos
2026-05-04 14:59:58 | INFO     | hermes.http | ← GET /api/videos 200 30.0ms
2026-05-04 14:59:58 | INFO     | hermes.http | → GET /api/assets/shots
2026-05-04 14:59:58 | INFO     | hermes.http | → GET /api/assets/timelines
2026-05-04 14:59:58 | INFO     | hermes.http | → GET /api/videos/f897583c-0754-45da-9794-26e2697e12a4/characters
2026-05-04 14:59:58 | INFO     | hermes.http | ← GET /api/videos/f897583c-0754-45da-9794-26e2697e12a4/characters 200 7.7ms
2026-05-04 14:59:58 | INFO     | hermes.http | ← GET /api/assets/shots 200 10.2ms
2026-05-04 14:59:58 | INFO     | hermes.http | ← GET /api/assets/timelines 200 9.7ms
2026-05-04 15:03:04 | INFO     | hermes.http | → GET /library
2026-05-04 15:03:04 | INFO     | hermes.http | ← GET /library 200 3.6ms
2026-05-04 15:03:04 | INFO     | hermes.http | → GET /assets/index-CaK5xKD2.js
2026-05-04 15:03:04 | INFO     | hermes.http | → GET /assets/index-Vbw1QXck.css
2026-05-04 15:03:04 | INFO     | hermes.http | ← GET /assets/index-CaK5xKD2.js 304 5.4ms
2026-05-04 15:03:04 | INFO     | hermes.http | ← GET /assets/index-Vbw1QXck.css 304 6.3ms
2026-05-04 15:03:04 | INFO     | hermes.http | → GET /api/videos
2026-05-04 15:03:04 | INFO     | hermes.http | ← GET /api/videos 200 14.4ms
2026-05-04 15:03:04 | INFO     | hermes.http | → GET /api/assets/shots
2026-05-04 15:03:04 | INFO     | hermes.http | → GET /api/videos/f897583c-0754-45da-9794-26e2697e12a4/characters
2026-05-04 15:03:04 | INFO     | hermes.http | → GET /api/assets/timelines
2026-05-04 15:03:04 | INFO     | hermes.http | ← GET /api/assets/timelines 200 44.7ms
2026-05-04 15:03:04 | INFO     | hermes.http | ← GET /api/videos/f897583c-0754-45da-9794-26e2697e12a4/characters 200 45.6ms
2026-05-04 15:03:04 | INFO     | hermes.http | ← GET /api/assets/shots 200 51.6ms
2026-05-04 15:03:15 | INFO     | hermes.http | → GET /library
2026-05-04 15:03:15 | INFO     | hermes.http | ← GET /library 200 4.1ms
2026-05-04 15:03:15 | INFO     | hermes.http | → GET /assets/index-CAHoqtCx.js
2026-05-04 15:03:15 | INFO     | hermes.http | → GET /assets/index-DWc5Te7I.css
2026-05-04 15:03:15 | INFO     | hermes.http | ← GET /assets/index-CAHoqtCx.js 200 7.0ms
2026-05-04 15:03:15 | INFO     | hermes.http | ← GET /assets/index-DWc5Te7I.css 200 3.9ms
2026-05-04 15:03:16 | INFO     | hermes.http | → GET /api/videos
2026-05-04 15:03:16 | INFO     | hermes.http | ← GET /api/videos 200 9.0ms
2026-05-04 15:03:16 | INFO     | hermes.http | → GET /api/assets/timelines
2026-05-04 15:03:16 | INFO     | hermes.http | → GET /api/assets/shots
2026-05-04 15:03:16 | INFO     | hermes.http | → GET /api/videos/f897583c-0754-45da-9794-26e2697e12a4/characters
2026-05-04 15:03:16 | INFO     | hermes.http | ← GET /api/assets/timelines 200 10.0ms
2026-05-04 15:03:16 | INFO     | hermes.http | ← GET /api/assets/shots 200 9.3ms
2026-05-04 15:03:16 | INFO     | hermes.http | ← GET /api/videos/f897583c-0754-45da-9794-26e2697e12a4/characters 200 9.2ms
2026-05-04 15:03:27 | INFO     | hermes.http | → POST /api/videos/f897583c-0754-45da-9794-26e2697e12a4/characters/dbcef2f3-baa8-4cea-9056-6031d26f76cb/enrich
2026-05-04 15:03:45 | INFO     | app.services.character_identity_agent | 角色智能体完成 video=f897583c-075 name=男主
2026-05-04 15:03:45 | WARNING  | app.services.image_generate | OpenAI 兼容生图失败，回退占位图：Client error '404 404 Page not found' for url 'https://api.minimaxi.com/v1/images/generations'
For more information check: https://developer.mozilla.org/en-US/docs/Web/HTTP/Status/404
2026-05-04 15:03:45 | INFO     | hermes.http | ← POST /api/videos/f897583c-0754-45da-9794-26e2697e12a4/characters/dbcef2f3-baa8-4cea-9056-6031d26f76cb/enrich 200 18490.7ms
2026-05-04 15:03:45 | INFO     | hermes.http | → GET /api/videos/f897583c-0754-45da-9794-26e2697e12a4/characters
2026-05-04 15:03:45 | INFO     | hermes.http | ← GET /api/videos/f897583c-0754-45da-9794-26e2697e12a4/characters 200 2.9ms
2026-05-04 15:04:56 | INFO     | hermes.http | → POST /api/videos/f897583c-0754-45da-9794-26e2697e12a4/characters/4de4e501-ecc2-40a4-933b-3a38e734ecb0/enrich
2026-05-04 15:05:03 | INFO     | hermes.http | → GET /api/videos/dd5441a5-425d-498c-a0f2-e3db070459b3/characters
2026-05-04 15:05:03 | INFO     | hermes.http | → GET /api/assets/shots
2026-05-04 15:05:03 | INFO     | hermes.http | → GET /api/assets/timelines
2026-05-04 15:05:03 | INFO     | hermes.http | ← GET /api/videos/dd5441a5-425d-498c-a0f2-e3db070459b3/characters 200 15.3ms
2026-05-04 15:05:03 | INFO     | hermes.http | ← GET /api/assets/shots 200 18.4ms
2026-05-04 15:05:03 | INFO     | hermes.http | ← GET /api/assets/timelines 200 20.3ms
2026-05-04 15:05:07 | INFO     | hermes.http | → GET /api/assets/shots
2026-05-04 15:05:07 | INFO     | hermes.http | → GET /api/assets/timelines
2026-05-04 15:05:07 | INFO     | hermes.http | → GET /api/videos/f897583c-0754-45da-9794-26e2697e12a4/characters
2026-05-04 15:05:07 | INFO     | hermes.http | ← GET /api/assets/timelines 200 13.1ms
2026-05-04 15:05:07 | INFO     | hermes.http | ← GET /api/assets/shots 200 15.4ms
2026-05-04 15:05:07 | INFO     | hermes.http | ← GET /api/videos/f897583c-0754-45da-9794-26e2697e12a4/characters 200 18.4ms
2026-05-04 15:05:15 | INFO     | app.services.character_identity_agent | 角色智能体完成 video=f897583c-075 name=小狗
2026-05-04 15:05:15 | WARNING  | app.services.image_generate | OpenAI 兼容生图失败，回退占位图：Client error '404 404 Page not found' for url 'https://api.minimaxi.com/v1/images/generations'
For more information check: https://developer.mozilla.org/en-US/docs/Web/HTTP/Status/404
2026-05-04 15:05:15 | INFO     | hermes.http | ← POST /api/videos/f897583c-0754-45da-9794-26e2697e12a4/characters/4de4e501-ecc2-40a4-933b-3a38e734ecb0/enrich 200 18885.2ms
2026-05-04 15:05:15 | INFO     | hermes.http | → GET /api/videos/f897583c-0754-45da-9794-26e2697e12a4/characters
2026-05-04 15:05:15 | INFO     | hermes.http | ← GET /api/videos/f897583c-0754-45da-9794-26e2697e12a4/characters 200 2.7ms
2026-05-04 15:06:32 | INFO     | hermes.http | → GET /api/videos
2026-05-04 15:06:32 | INFO     | hermes.http | ← GET /api/videos 200 56.5ms
2026-05-04 15:06:32 | INFO     | hermes.http | → GET /api/videos/f897583c-0754-45da-9794-26e2697e12a4
2026-05-04 15:06:32 | INFO     | hermes.http | → GET /api/videos/f897583c-0754-45da-9794-26e2697e12a4/timelines
2026-05-04 15:06:32 | INFO     | hermes.http | ← GET /api/videos/f897583c-0754-45da-9794-26e2697e12a4 200 22.5ms
2026-05-04 15:06:32 | INFO     | hermes.http | ← GET /api/videos/f897583c-0754-45da-9794-26e2697e12a4/timelines 200 23.7ms
2026-05-04 15:06:32 | INFO     | hermes.http | → GET /api/chat/3cc60e49-87df-43d7-9278-ba2a38cc90db/messages
2026-05-04 15:06:32 | INFO     | hermes.http | → GET /api/timelines/3cc60e49-87df-43d7-9278-ba2a38cc90db/manifest
2026-05-04 15:06:32 | INFO     | hermes.http | ← GET /api/chat/3cc60e49-87df-43d7-9278-ba2a38cc90db/messages 200 8.6ms
2026-05-04 15:06:32 | INFO     | hermes.http | ← GET /api/timelines/3cc60e49-87df-43d7-9278-ba2a38cc90db/manifest 200 9.4ms
2026-05-04 15:06:42 | INFO     | hermes | 日志文件：/Volumes/d/hermes/backend/storage/logs/hermes.log（级别 INFO）
2026-05-04 15:06:42 | INFO     | hermes | 日志文件：/Volumes/d/hermes/backend/storage/logs/hermes.log（级别 INFO）
2026-05-04 15:06:44 | INFO     | hermes | 日志文件：/Volumes/d/hermes/backend/storage/logs/hermes.log（级别 INFO）
2026-05-04 15:06:49 | INFO     | hermes | 日志文件：/Volumes/d/hermes/backend/storage/logs/hermes.log（级别 INFO）
2026-05-04 15:06:55 | INFO     | hermes.http | → GET /api/videos
2026-05-04 15:06:55 | INFO     | hermes.http | ← GET /api/videos 200 12.1ms
2026-05-04 15:06:55 | INFO     | hermes.http | → GET /api/assets/shots
2026-05-04 15:06:55 | INFO     | hermes.http | → GET /api/assets/timelines
2026-05-04 15:06:55 | INFO     | hermes.http | → GET /api/videos/f897583c-0754-45da-9794-26e2697e12a4/characters
2026-05-04 15:06:55 | INFO     | hermes.http | ← GET /api/assets/timelines 200 20.9ms
2026-05-04 15:06:55 | INFO     | hermes.http | ← GET /api/assets/shots 200 22.2ms
2026-05-04 15:06:55 | INFO     | hermes.http | ← GET /api/videos/f897583c-0754-45da-9794-26e2697e12a4/characters 200 20.7ms
2026-05-04 15:08:03 | INFO     | hermes.http | → GET /library
2026-05-04 15:08:03 | INFO     | hermes.http | ← GET /library 200 7.7ms
2026-05-04 15:08:03 | INFO     | hermes.http | → GET /assets/index-CWbwT-xa.js
2026-05-04 15:08:03 | INFO     | hermes.http | → GET /assets/index-DWc5Te7I.css
2026-05-04 15:08:03 | INFO     | hermes.http | ← GET /assets/index-CWbwT-xa.js 200 5.9ms
2026-05-04 15:08:03 | INFO     | hermes.http | ← GET /assets/index-DWc5Te7I.css 200 4.7ms
2026-05-04 15:08:04 | INFO     | hermes.http | → GET /api/videos
2026-05-04 15:08:04 | INFO     | hermes.http | ← GET /api/videos 200 19.9ms
2026-05-04 15:08:04 | INFO     | hermes.http | → GET /api/assets/shots
2026-05-04 15:08:04 | INFO     | hermes.http | → GET /api/assets/timelines
2026-05-04 15:08:04 | INFO     | hermes.http | → GET /api/videos/f897583c-0754-45da-9794-26e2697e12a4/characters
2026-05-04 15:08:04 | INFO     | hermes.http | ← GET /api/assets/shots 200 12.1ms
2026-05-04 15:08:04 | INFO     | hermes.http | ← GET /api/videos/f897583c-0754-45da-9794-26e2697e12a4/characters 200 12.4ms
2026-05-04 15:08:04 | INFO     | hermes.http | ← GET /api/assets/timelines 200 14.2ms
2026-05-04 15:08:18 | INFO     | hermes.http | → POST /api/videos/f897583c-0754-45da-9794-26e2697e12a4/characters/extract
2026-05-04 15:08:18 | INFO     | app.services.character_library | 角色库已重建 video=f897583c-075 rows=5 granularity=scene
2026-05-04 15:08:18 | INFO     | hermes.http | ← POST /api/videos/f897583c-0754-45da-9794-26e2697e12a4/characters/extract 200 13.7ms
2026-05-04 15:08:18 | INFO     | hermes.http | → GET /api/videos/f897583c-0754-45da-9794-26e2697e12a4/characters
2026-05-04 15:08:18 | INFO     | hermes.http | ← GET /api/videos/f897583c-0754-45da-9794-26e2697e12a4/characters 200 2.0ms
2026-05-04 15:10:32 | INFO     | hermes | 日志文件：/Volumes/d/hermes/backend/storage/logs/hermes.log（级别 INFO）
2026-05-04 15:10:32 | INFO     | hermes | 日志文件：/Volumes/d/hermes/backend/storage/logs/hermes.log（级别 INFO）
2026-05-04 15:10:37 | INFO     | hermes | 日志文件：/Volumes/d/hermes/backend/storage/logs/hermes.log（级别 INFO）
2026-05-04 15:10:40 | INFO     | hermes | 日志文件：/Volumes/d/hermes/backend/storage/logs/hermes.log（级别 INFO）
2026-05-04 15:10:45 | INFO     | hermes | 日志文件：/Volumes/d/hermes/backend/storage/logs/hermes.log（级别 INFO）
2026-05-04 15:10:49 | INFO     | hermes | 日志文件：/Volumes/d/hermes/backend/storage/logs/hermes.log（级别 INFO）
2026-05-04 15:10:55 | INFO     | hermes | 日志文件：/Volumes/d/hermes/backend/storage/logs/hermes.log（级别 INFO）
2026-05-04 15:13:25 | INFO     | hermes.http | → GET /library
2026-05-04 15:13:25 | INFO     | hermes.http | ← GET /library 200 5.3ms
2026-05-04 15:13:25 | INFO     | hermes.http | → GET /assets/index-CWbwT-xa.js
2026-05-04 15:13:25 | INFO     | hermes.http | → GET /assets/index-DWc5Te7I.css
2026-05-04 15:13:25 | INFO     | hermes.http | ← GET /assets/index-CWbwT-xa.js 304 6.5ms
2026-05-04 15:13:25 | INFO     | hermes.http | ← GET /assets/index-DWc5Te7I.css 304 6.8ms
2026-05-04 15:13:25 | INFO     | hermes.http | → GET /api/videos
2026-05-04 15:13:25 | INFO     | hermes.http | ← GET /api/videos 200 40.5ms
2026-05-04 15:13:25 | INFO     | hermes.http | → GET /api/assets/shots
2026-05-04 15:13:25 | INFO     | hermes.http | → GET /api/assets/timelines
2026-05-04 15:13:25 | INFO     | hermes.http | → GET /api/videos/f897583c-0754-45da-9794-26e2697e12a4/characters
2026-05-04 15:13:25 | INFO     | hermes.http | ← GET /api/assets/shots 200 19.6ms
2026-05-04 15:13:25 | INFO     | hermes.http | ← GET /api/videos/f897583c-0754-45da-9794-26e2697e12a4/characters 200 17.6ms
2026-05-04 15:13:25 | INFO     | hermes.http | ← GET /api/assets/timelines 200 19.0ms
2026-05-04 15:14:20 | INFO     | hermes.http | → POST /api/videos/f897583c-0754-45da-9794-26e2697e12a4/characters/dbcef2f3-baa8-4cea-9056-6031d26f76cb/enrich
2026-05-04 15:14:34 | INFO     | app.services.character_identity_agent | 角色智能体完成 video=f897583c-075 name=男主
2026-05-04 15:14:34 | INFO     | app.services.model_resolve | 生图 API 域名为 MiniMax，已将 provider=openai 纠正为 minimax（避免请求 OpenAI images/generations）
2026-05-04 15:14:35 | WARNING  | app.services.image_generate | MiniMax image_generation 业务错误 status=2061 msg=your current token plan not support model, image-01 body_keys=['id', 'data', 'base_resp']
2026-05-04 15:14:35 | INFO     | hermes.http | ← POST /api/videos/f897583c-0754-45da-9794-26e2697e12a4/characters/dbcef2f3-baa8-4cea-9056-6031d26f76cb/enrich 200 14496.1ms
2026-05-04 15:14:35 | INFO     | hermes.http | → GET /api/videos/f897583c-0754-45da-9794-26e2697e12a4/characters
2026-05-04 15:14:35 | INFO     | hermes.http | ← GET /api/videos/f897583c-0754-45da-9794-26e2697e12a4/characters 200 3.2ms
2026-05-04 15:17:55 | INFO     | hermes.http | → GET /library
2026-05-04 15:17:55 | INFO     | hermes.http | ← GET /library 200 15.0ms
2026-05-04 15:17:56 | INFO     | hermes.http | → GET /assets/index-CWbwT-xa.js
2026-05-04 15:17:56 | INFO     | hermes.http | → GET /assets/index-DWc5Te7I.css
2026-05-04 15:17:56 | INFO     | hermes.http | ← GET /assets/index-CWbwT-xa.js 304 22.6ms
2026-05-04 15:17:56 | INFO     | hermes.http | ← GET /assets/index-DWc5Te7I.css 304 25.3ms
2026-05-04 15:17:56 | INFO     | hermes.http | → GET /api/videos
2026-05-04 15:17:56 | INFO     | hermes.http | ← GET /api/videos 200 21.8ms
2026-05-04 15:17:56 | INFO     | hermes.http | → GET /api/assets/shots
2026-05-04 15:17:56 | INFO     | hermes.http | → GET /api/assets/timelines
2026-05-04 15:17:56 | INFO     | hermes.http | → GET /api/videos/f897583c-0754-45da-9794-26e2697e12a4/characters
2026-05-04 15:17:56 | INFO     | hermes.http | ← GET /api/videos/f897583c-0754-45da-9794-26e2697e12a4/characters 200 8.8ms
2026-05-04 15:17:56 | INFO     | hermes.http | ← GET /api/assets/timelines 200 10.6ms
2026-05-04 15:17:56 | INFO     | hermes.http | ← GET /api/assets/shots 200 12.6ms
2026-05-04 15:18:06 | INFO     | hermes.http | → GET /api/videos
2026-05-04 15:18:06 | INFO     | hermes.http | ← GET /api/videos 200 3.1ms
2026-05-04 15:18:06 | INFO     | hermes.http | → GET /api/videos/f897583c-0754-45da-9794-26e2697e12a4
2026-05-04 15:18:06 | INFO     | hermes.http | → GET /api/videos/f897583c-0754-45da-9794-26e2697e12a4/timelines
2026-05-04 15:18:06 | INFO     | hermes.http | ← GET /api/videos/f897583c-0754-45da-9794-26e2697e12a4 200 9.6ms
2026-05-04 15:18:06 | INFO     | hermes.http | ← GET /api/videos/f897583c-0754-45da-9794-26e2697e12a4/timelines 200 16.1ms
2026-05-04 15:18:06 | INFO     | hermes.http | → GET /api/timelines/3cc60e49-87df-43d7-9278-ba2a38cc90db/manifest
2026-05-04 15:18:06 | INFO     | hermes.http | → GET /api/chat/3cc60e49-87df-43d7-9278-ba2a38cc90db/messages
2026-05-04 15:18:06 | INFO     | hermes.http | ← GET /api/timelines/3cc60e49-87df-43d7-9278-ba2a38cc90db/manifest 200 25.9ms
2026-05-04 15:18:06 | INFO     | hermes.http | ← GET /api/chat/3cc60e49-87df-43d7-9278-ba2a38cc90db/messages 200 27.2ms
2026-05-04 15:18:08 | INFO     | hermes.http | → GET /api/videos
2026-05-04 15:18:08 | INFO     | hermes.http | ← GET /api/videos 200 4.2ms
2026-05-04 15:18:08 | INFO     | hermes.http | → GET /api/assets/shots
2026-05-04 15:18:08 | INFO     | hermes.http | → GET /api/videos/f897583c-0754-45da-9794-26e2697e12a4/characters
2026-05-04 15:18:08 | INFO     | hermes.http | → GET /api/assets/timelines
2026-05-04 15:18:08 | INFO     | hermes.http | ← GET /api/videos/f897583c-0754-45da-9794-26e2697e12a4/characters 200 11.3ms
2026-05-04 15:18:08 | INFO     | hermes.http | ← GET /api/assets/shots 200 16.0ms
2026-05-04 15:18:08 | INFO     | hermes.http | ← GET /api/assets/timelines 200 17.3ms
2026-05-04 15:21:57 | INFO     | hermes.http | → GET /library
2026-05-04 15:21:57 | INFO     | hermes.http | ← GET /library 200 10.1ms
2026-05-04 15:21:57 | INFO     | hermes.http | → GET /assets/index-DhM0XWWf.js
2026-05-04 15:21:57 | INFO     | hermes.http | → GET /assets/index-B4ytbDn6.css
2026-05-04 15:21:57 | INFO     | hermes.http | ← GET /assets/index-DhM0XWWf.js 200 25.9ms
2026-05-04 15:21:57 | INFO     | hermes.http | ← GET /assets/index-B4ytbDn6.css 200 37.2ms
2026-05-04 15:21:57 | INFO     | hermes.http | → GET /api/videos
2026-05-04 15:21:57 | INFO     | hermes.http | ← GET /api/videos 200 21.9ms
2026-05-04 15:21:57 | INFO     | hermes.http | → GET /api/assets/shots
2026-05-04 15:21:57 | INFO     | hermes.http | → GET /api/assets/timelines
2026-05-04 15:21:57 | INFO     | hermes.http | → GET /api/videos/f897583c-0754-45da-9794-26e2697e12a4/characters
2026-05-04 15:21:57 | INFO     | hermes.http | ← GET /api/assets/shots 200 11.6ms
2026-05-04 15:21:57 | INFO     | hermes.http | ← GET /api/videos/f897583c-0754-45da-9794-26e2697e12a4/characters 200 9.6ms
2026-05-04 15:21:57 | INFO     | hermes.http | ← GET /api/assets/timelines 200 12.0ms
2026-05-04 15:22:27 | INFO     | hermes.http | → GET /api/configs/models
2026-05-04 15:22:27 | INFO     | hermes.http | ← GET /api/configs/models 200 63.0ms
2026-05-04 15:31:03 | INFO     | hermes.http | → GET /config
2026-05-04 15:31:03 | INFO     | hermes.http | ← GET /config 200 4.9ms
2026-05-04 15:31:03 | INFO     | hermes.http | → GET /assets/index-CV5KNmOJ.js
2026-05-04 15:31:03 | INFO     | hermes.http | → GET /assets/index-Dx3QIUst.css
2026-05-04 15:31:03 | INFO     | hermes.http | ← GET /assets/index-Dx3QIUst.css 200 4.0ms
2026-05-04 15:31:03 | INFO     | hermes.http | ← GET /assets/index-CV5KNmOJ.js 200 6.9ms
2026-05-04 15:31:03 | INFO     | hermes.http | → GET /api/configs/models
2026-05-04 15:31:03 | INFO     | hermes.http | ← GET /api/configs/models 200 24.1ms
2026-05-04 15:31:05 | INFO     | hermes.http | → GET /api/videos
2026-05-04 15:31:05 | INFO     | hermes.http | ← GET /api/videos 200 11.9ms
2026-05-04 15:31:05 | INFO     | hermes.http | → GET /api/assets/shots
2026-05-04 15:31:05 | INFO     | hermes.http | → GET /api/videos/f897583c-0754-45da-9794-26e2697e12a4/characters
2026-05-04 15:31:05 | INFO     | hermes.http | → GET /api/assets/timelines
2026-05-04 15:31:05 | INFO     | hermes.http | ← GET /api/videos/f897583c-0754-45da-9794-26e2697e12a4/characters 200 19.6ms
2026-05-04 15:31:05 | INFO     | hermes.http | ← GET /api/assets/shots 200 21.4ms
2026-05-04 15:31:05 | INFO     | hermes.http | ← GET /api/assets/timelines 200 21.3ms
2026-05-04 15:31:16 | INFO     | hermes.http | → GET /api/videos
2026-05-04 15:31:16 | INFO     | hermes.http | ← GET /api/videos 200 23.7ms
2026-05-04 15:31:16 | INFO     | hermes.http | → GET /api/videos/f897583c-0754-45da-9794-26e2697e12a4
2026-05-04 15:31:16 | INFO     | hermes.http | → GET /api/videos/f897583c-0754-45da-9794-26e2697e12a4/timelines
2026-05-04 15:31:16 | INFO     | hermes.http | ← GET /api/videos/f897583c-0754-45da-9794-26e2697e12a4 200 9.8ms
2026-05-04 15:31:16 | INFO     | hermes.http | ← GET /api/videos/f897583c-0754-45da-9794-26e2697e12a4/timelines 200 11.8ms
2026-05-04 15:31:16 | INFO     | hermes.http | → GET /api/chat/3cc60e49-87df-43d7-9278-ba2a38cc90db/messages
2026-05-04 15:31:16 | INFO     | hermes.http | → GET /api/timelines/3cc60e49-87df-43d7-9278-ba2a38cc90db/manifest
2026-05-04 15:31:16 | INFO     | hermes.http | ← GET /api/chat/3cc60e49-87df-43d7-9278-ba2a38cc90db/messages 200 6.2ms
2026-05-04 15:31:16 | INFO     | hermes.http | ← GET /api/timelines/3cc60e49-87df-43d7-9278-ba2a38cc90db/manifest 200 8.8ms
2026-05-04 15:31:25 | INFO     | hermes.http | → GET /api/videos
2026-05-04 15:31:25 | INFO     | hermes.http | ← GET /api/videos 200 3.0ms
2026-05-04 15:31:25 | INFO     | hermes.http | → GET /api/assets/shots
2026-05-04 15:31:25 | INFO     | hermes.http | → GET /api/assets/timelines
2026-05-04 15:31:25 | INFO     | hermes.http | → GET /api/videos/f897583c-0754-45da-9794-26e2697e12a4/characters
2026-05-04 15:31:25 | INFO     | hermes.http | ← GET /api/videos/f897583c-0754-45da-9794-26e2697e12a4/characters 200 15.5ms
2026-05-04 15:31:25 | INFO     | hermes.http | ← GET /api/assets/shots 200 16.4ms
2026-05-04 15:31:25 | INFO     | hermes.http | ← GET /api/assets/timelines 200 17.3ms
2026-05-04 15:37:10 | INFO     | hermes | 日志文件：/Volumes/d/hermes/backend/storage/logs/hermes.log（级别 INFO）
2026-05-04 15:44:44 | INFO     | hermes | 日志文件：/Volumes/d/hermes/backend/storage/logs/hermes.log（级别 INFO）
2026-05-04 15:45:01 | INFO     | hermes | 日志文件：/Volumes/d/hermes/backend/storage/logs/hermes.log（级别 INFO）
2026-05-04 17:00:30 | INFO     | hermes.http | → GET /library
2026-05-04 17:00:30 | INFO     | hermes.http | ← GET /library 200 9.4ms
2026-05-04 17:00:30 | INFO     | hermes.http | → GET /assets/index-Dx3QIUst.css
2026-05-04 17:00:30 | INFO     | hermes.http | → GET /assets/index-CV5KNmOJ.js
2026-05-04 17:00:30 | INFO     | hermes.http | ← GET /assets/index-Dx3QIUst.css 304 4.9ms
2026-05-04 17:00:30 | INFO     | hermes.http | ← GET /assets/index-CV5KNmOJ.js 304 7.1ms
2026-05-04 17:00:30 | INFO     | hermes.http | → GET /api/videos
2026-05-04 17:00:30 | INFO     | hermes.http | ← GET /api/videos 200 27.2ms
2026-05-04 17:00:30 | INFO     | hermes.http | → GET /favicon.ico
2026-05-04 17:00:30 | INFO     | hermes.http | ← GET /favicon.ico 200 1.9ms
2026-05-04 17:00:30 | INFO     | hermes.http | → GET /api/assets/shots
2026-05-04 17:00:30 | INFO     | hermes.http | → GET /api/videos/f897583c-0754-45da-9794-26e2697e12a4/characters
2026-05-04 17:00:30 | INFO     | hermes.http | → GET /api/assets/timelines
2026-05-04 17:00:30 | INFO     | hermes.http | ← GET /api/assets/shots 200 23.7ms
2026-05-04 17:00:30 | INFO     | hermes.http | ← GET /api/videos/f897583c-0754-45da-9794-26e2697e12a4/characters 200 32.4ms
2026-05-04 17:00:30 | INFO     | hermes.http | ← GET /api/assets/timelines 200 39.0ms
2026-05-04 17:00:38 | INFO     | hermes.http | → GET /library
2026-05-04 17:00:38 | INFO     | hermes.http | ← GET /library 200 0.9ms
2026-05-04 17:00:38 | INFO     | hermes.http | → GET /api/videos
2026-05-04 17:00:38 | INFO     | hermes.http | ← GET /api/videos 200 6.9ms
2026-05-04 17:00:38 | INFO     | hermes.http | → GET /api/assets/timelines
2026-05-04 17:00:38 | INFO     | hermes.http | → GET /api/assets/shots
2026-05-04 17:00:38 | INFO     | hermes.http | → GET /api/videos/f897583c-0754-45da-9794-26e2697e12a4/characters
2026-05-04 17:00:38 | INFO     | hermes.http | ← GET /api/videos/f897583c-0754-45da-9794-26e2697e12a4/characters 200 14.3ms
2026-05-04 17:00:38 | INFO     | hermes.http | ← GET /api/assets/timelines 200 19.1ms
2026-05-04 17:00:38 | INFO     | hermes.http | ← GET /api/assets/shots 200 22.4ms
2026-05-04 17:00:40 | INFO     | hermes.http | → GET /api/videos
2026-05-04 17:00:40 | INFO     | hermes.http | ← GET /api/videos 200 3.0ms
2026-05-04 17:00:40 | INFO     | hermes.http | → GET /api/videos/f897583c-0754-45da-9794-26e2697e12a4/timelines
2026-05-04 17:00:40 | INFO     | hermes.http | → GET /api/videos/f897583c-0754-45da-9794-26e2697e12a4
2026-05-04 17:00:40 | INFO     | hermes.http | ← GET /api/videos/f897583c-0754-45da-9794-26e2697e12a4 200 7.5ms
2026-05-04 17:00:40 | INFO     | hermes.http | ← GET /api/videos/f897583c-0754-45da-9794-26e2697e12a4/timelines 200 16.2ms
2026-05-04 17:00:40 | INFO     | hermes.http | → GET /api/chat/3cc60e49-87df-43d7-9278-ba2a38cc90db/messages
2026-05-04 17:00:40 | INFO     | hermes.http | → GET /api/timelines/3cc60e49-87df-43d7-9278-ba2a38cc90db/manifest
2026-05-04 17:00:40 | INFO     | hermes.http | ← GET /api/chat/3cc60e49-87df-43d7-9278-ba2a38cc90db/messages 200 9.8ms
2026-05-04 17:00:40 | INFO     | hermes.http | ← GET /api/timelines/3cc60e49-87df-43d7-9278-ba2a38cc90db/manifest 200 10.6ms
2026-05-04 17:00:41 | INFO     | hermes.http | → GET /api/videos
2026-05-04 17:00:41 | INFO     | hermes.http | ← GET /api/videos 200 17.1ms
2026-05-04 17:00:41 | INFO     | hermes.http | → GET /api/assets/shots
2026-05-04 17:00:41 | INFO     | hermes.http | → GET /api/assets/timelines
2026-05-04 17:00:41 | INFO     | hermes.http | → GET /api/videos/f897583c-0754-45da-9794-26e2697e12a4/characters
2026-05-04 17:00:41 | INFO     | hermes.http | ← GET /api/videos/f897583c-0754-45da-9794-26e2697e12a4/characters 200 4.9ms
2026-05-04 17:00:41 | INFO     | hermes.http | ← GET /api/assets/timelines 200 8.5ms
2026-05-04 17:00:41 | INFO     | hermes.http | ← GET /api/assets/shots 200 9.6ms
2026-05-04 17:01:25 | INFO     | hermes.http | → GET /library
2026-05-04 17:01:25 | INFO     | hermes.http | ← GET /library 200 5.5ms
2026-05-04 17:01:25 | INFO     | hermes.http | → GET /api/videos
2026-05-04 17:01:25 | INFO     | hermes.http | ← GET /api/videos 200 50.0ms
2026-05-04 17:01:25 | INFO     | hermes.http | → GET /api/assets/shots
2026-05-04 17:01:25 | INFO     | hermes.http | → GET /api/assets/timelines
2026-05-04 17:01:25 | INFO     | hermes.http | → GET /api/videos/f897583c-0754-45da-9794-26e2697e12a4/characters
2026-05-04 17:01:25 | INFO     | hermes.http | ← GET /api/assets/timelines 200 13.6ms
2026-05-04 17:01:25 | INFO     | hermes.http | ← GET /api/assets/shots 200 16.1ms
2026-05-04 17:01:25 | INFO     | hermes.http | ← GET /api/videos/f897583c-0754-45da-9794-26e2697e12a4/characters 200 13.9ms
2026-05-04 17:01:26 | INFO     | hermes.http | → GET /api/videos
2026-05-04 17:01:26 | INFO     | hermes.http | ← GET /api/videos 200 2.2ms
2026-05-04 17:01:26 | INFO     | hermes.http | → GET /api/videos/f897583c-0754-45da-9794-26e2697e12a4
2026-05-04 17:01:26 | INFO     | hermes.http | → GET /api/videos/f897583c-0754-45da-9794-26e2697e12a4/timelines
2026-05-04 17:01:26 | INFO     | hermes.http | ← GET /api/videos/f897583c-0754-45da-9794-26e2697e12a4 200 3.3ms
2026-05-04 17:01:26 | INFO     | hermes.http | ← GET /api/videos/f897583c-0754-45da-9794-26e2697e12a4/timelines 200 4.7ms
2026-05-04 17:01:26 | INFO     | hermes.http | → GET /api/chat/3cc60e49-87df-43d7-9278-ba2a38cc90db/messages
2026-05-04 17:01:26 | INFO     | hermes.http | → GET /api/timelines/3cc60e49-87df-43d7-9278-ba2a38cc90db/manifest
2026-05-04 17:01:26 | INFO     | hermes.http | ← GET /api/chat/3cc60e49-87df-43d7-9278-ba2a38cc90db/messages 200 7.9ms
2026-05-04 17:01:26 | INFO     | hermes.http | ← GET /api/timelines/3cc60e49-87df-43d7-9278-ba2a38cc90db/manifest 200 8.5ms
2026-05-04 17:01:27 | INFO     | hermes.http | → GET /api/videos
2026-05-04 17:01:27 | INFO     | hermes.http | ← GET /api/videos 200 3.8ms
2026-05-04 17:01:27 | INFO     | hermes.http | → GET /api/assets/shots
2026-05-04 17:01:27 | INFO     | hermes.http | → GET /api/assets/timelines
2026-05-04 17:01:27 | INFO     | hermes.http | → GET /api/videos/f897583c-0754-45da-9794-26e2697e12a4/characters
2026-05-04 17:01:27 | INFO     | hermes.http | ← GET /api/videos/f897583c-0754-45da-9794-26e2697e12a4/characters 200 18.6ms
2026-05-04 17:01:27 | INFO     | hermes.http | ← GET /api/assets/shots 200 21.3ms
2026-05-04 17:01:27 | INFO     | hermes.http | ← GET /api/assets/timelines 200 24.4ms
2026-05-04 17:01:30 | INFO     | hermes.http | → POST /api/videos/f897583c-0754-45da-9794-26e2697e12a4/characters/dbcef2f3-baa8-4cea-9056-6031d26f76cb/enrich
2026-05-04 17:01:52 | INFO     | app.services.character_identity_agent | 角色智能体完成 video=f897583c-075 name=男主
2026-05-04 17:01:52 | INFO     | app.services.model_resolve | 生图 API 域名为 MiniMax，已将 provider=openai 纠正为 minimax（避免请求 OpenAI images/generations）
2026-05-04 17:02:11 | INFO     | app.services.image_generate | MiniMax 生图已保存（url）-> /Volumes/d/hermes/backend/storage/generated/characters/dbcef2f3-baa8-4cea-9056-6031d26f76cb/turnaround.png
2026-05-04 17:02:11 | INFO     | hermes.http | ← POST /api/videos/f897583c-0754-45da-9794-26e2697e12a4/characters/dbcef2f3-baa8-4cea-9056-6031d26f76cb/enrich 200 41195.8ms
2026-05-04 17:02:11 | INFO     | hermes.http | → GET /api/videos/f897583c-0754-45da-9794-26e2697e12a4/characters
2026-05-04 17:02:11 | INFO     | hermes.http | ← GET /api/videos/f897583c-0754-45da-9794-26e2697e12a4/characters 200 3.4ms
2026-05-04 17:03:26 | INFO     | hermes.http | → POST /api/videos/f897583c-0754-45da-9794-26e2697e12a4/characters/dbcef2f3-baa8-4cea-9056-6031d26f76cb/enrich
2026-05-04 17:03:43 | INFO     | app.services.character_identity_agent | 角色智能体完成 video=f897583c-075 name=男主
2026-05-04 17:03:43 | INFO     | app.services.model_resolve | 生图 API 域名为 MiniMax，已将 provider=openai 纠正为 minimax（避免请求 OpenAI images/generations）
2026-05-04 17:03:49 | INFO     | hermes.http | → POST /api/videos/f897583c-0754-45da-9794-26e2697e12a4/characters/extract
2026-05-04 17:03:49 | INFO     | app.services.character_library | 角色库已重建 video=f897583c-075 rows=5 granularity=scene
2026-05-04 17:03:49 | INFO     | hermes.http | ← POST /api/videos/f897583c-0754-45da-9794-26e2697e12a4/characters/extract 200 36.7ms
2026-05-04 17:03:49 | INFO     | hermes.http | → GET /api/videos/f897583c-0754-45da-9794-26e2697e12a4/characters
2026-05-04 17:03:49 | INFO     | hermes.http | ← GET /api/videos/f897583c-0754-45da-9794-26e2697e12a4/characters 200 4.2ms
2026-05-04 17:03:52 | INFO     | hermes.http | → POST /api/videos/f897583c-0754-45da-9794-26e2697e12a4/characters/extract
2026-05-04 17:03:52 | INFO     | app.services.character_library | 角色库已重建 video=f897583c-075 rows=5 granularity=scene
2026-05-04 17:03:52 | INFO     | hermes.http | ← POST /api/videos/f897583c-0754-45da-9794-26e2697e12a4/characters/extract 200 21.3ms
2026-05-04 17:03:52 | INFO     | hermes.http | → GET /api/videos/f897583c-0754-45da-9794-26e2697e12a4/characters
2026-05-04 17:03:52 | INFO     | hermes.http | ← GET /api/videos/f897583c-0754-45da-9794-26e2697e12a4/characters 200 4.1ms
2026-05-04 17:04:00 | INFO     | app.services.image_generate | MiniMax 生图已保存（url）-> /Volumes/d/hermes/backend/storage/generated/characters/dbcef2f3-baa8-4cea-9056-6031d26f76cb/turnaround.png
2026-05-04 17:04:00 | INFO     | hermes.http | ← POST /api/videos/f897583c-0754-45da-9794-26e2697e12a4/characters/dbcef2f3-baa8-4cea-9056-6031d26f76cb/enrich 200 33910.4ms
2026-05-04 17:04:00 | INFO     | hermes.http | → GET /api/videos/f897583c-0754-45da-9794-26e2697e12a4/characters
2026-05-04 17:04:00 | INFO     | hermes.http | ← GET /api/videos/f897583c-0754-45da-9794-26e2697e12a4/characters 200 3.1ms
2026-05-04 17:51:46 | INFO     | hermes | 日志文件：/Volumes/d/hermes/backend/storage/logs/hermes.log（级别 INFO）
2026-05-04 17:52:05 | INFO     | hermes.http | → GET /
2026-05-04 17:52:05 | INFO     | hermes.http | ← GET / 200 14.7ms
2026-05-04 17:52:05 | INFO     | hermes.http | → GET /assets/index-CV5KNmOJ.js
2026-05-04 17:52:05 | INFO     | hermes.http | → GET /assets/index-Dx3QIUst.css
2026-05-04 17:52:05 | INFO     | hermes.http | ← GET /assets/index-CV5KNmOJ.js 200 5.7ms
2026-05-04 17:52:05 | INFO     | hermes.http | ← GET /assets/index-Dx3QIUst.css 200 7.0ms
2026-05-04 17:52:05 | INFO     | hermes.http | → GET /api/videos
2026-05-04 17:52:05 | INFO     | hermes.http | → GET /favicon.ico
2026-05-04 17:52:05 | INFO     | hermes.http | ← GET /favicon.ico 200 43.4ms
2026-05-04 17:52:05 | INFO     | hermes.http | ← GET /api/videos 200 67.3ms
2026-05-04 17:52:05 | INFO     | hermes.http | → GET /api/videos/f897583c-0754-45da-9794-26e2697e12a4/timelines
2026-05-04 17:52:05 | INFO     | hermes.http | → GET /api/videos/f897583c-0754-45da-9794-26e2697e12a4
2026-05-04 17:52:05 | INFO     | hermes.http | ← GET /api/videos/f897583c-0754-45da-9794-26e2697e12a4 200 8.4ms
2026-05-04 17:52:05 | INFO     | hermes.http | ← GET /api/videos/f897583c-0754-45da-9794-26e2697e12a4/timelines 200 14.0ms
2026-05-04 17:52:05 | INFO     | hermes.http | → GET /api/chat/3cc60e49-87df-43d7-9278-ba2a38cc90db/messages
2026-05-04 17:52:05 | INFO     | hermes.http | → GET /api/timelines/3cc60e49-87df-43d7-9278-ba2a38cc90db/manifest
2026-05-04 17:52:05 | INFO     | hermes.http | ← GET /api/chat/3cc60e49-87df-43d7-9278-ba2a38cc90db/messages 200 27.3ms
2026-05-04 17:52:05 | INFO     | hermes.http | ← GET /api/timelines/3cc60e49-87df-43d7-9278-ba2a38cc90db/manifest 200 26.2ms
2026-05-04 17:52:07 | INFO     | hermes.http | → GET /api/videos
2026-05-04 17:52:07 | INFO     | hermes.http | → GET /favicon.ico
2026-05-04 17:52:07 | INFO     | hermes.http | ← GET /api/videos 200 6.8ms
2026-05-04 17:52:07 | INFO     | hermes.http | ← GET /favicon.ico 200 2.9ms
2026-05-04 17:52:07 | INFO     | hermes.http | → GET /api/assets/shots
2026-05-04 17:52:07 | INFO     | hermes.http | → GET /api/assets/timelines
2026-05-04 17:52:07 | INFO     | hermes.http | → GET /api/videos/f897583c-0754-45da-9794-26e2697e12a4/characters
2026-05-04 17:52:07 | INFO     | hermes.http | ← GET /api/assets/shots 200 20.2ms
2026-05-04 17:52:07 | INFO     | hermes.http | ← GET /api/assets/timelines 200 19.5ms
2026-05-04 17:52:07 | INFO     | hermes.http | ← GET /api/videos/f897583c-0754-45da-9794-26e2697e12a4/characters 200 19.6ms
2026-05-04 17:52:11 | INFO     | hermes.http | → GET /favicon.ico
2026-05-04 17:52:11 | INFO     | hermes.http | ← GET /favicon.ico 200 2.8ms
2026-05-04 17:54:46 | INFO     | hermes | 日志文件：/Volumes/d/hermes/backend/storage/logs/hermes.log（级别 INFO）
2026-05-04 17:57:24 | INFO     | hermes | 日志文件：/Volumes/d/hermes/backend/storage/logs/hermes.log（级别 INFO）
2026-05-04 17:57:50 | INFO     | hermes | 日志文件：/Volumes/d/hermes/backend/storage/logs/hermes.log（级别 INFO）
2026-05-04 17:58:07 | INFO     | hermes | 日志文件：/Volumes/d/hermes/backend/storage/logs/hermes.log（级别 INFO）
2026-05-04 17:58:08 | INFO     | hermes | 日志文件：/Volumes/d/hermes/backend/storage/logs/hermes.log（级别 INFO）
2026-05-04 17:58:54 | INFO     | hermes.http | → POST /api/videos/f897583c-0754-45da-9794-26e2697e12a4/characters/dbcef2f3-baa8-4cea-9056-6031d26f76cb/enrich
2026-05-04 17:58:54 | ERROR    | app.routes.videos | 角色富化失败
Traceback (most recent call last):
  File "/Volumes/d/hermes/backend/app/routes/videos.py", line 230, in enrich_one_character
    vc = character_enrichment.enrich_video_character(
  File "/Volumes/d/hermes/backend/app/services/character_enrichment.py", line 114, in enrich_video_character
    agent = analyze_character_from_evidence(
  File "/Volumes/d/hermes/backend/app/services/character_identity_agent.py", line 188, in analyze_character_from_evidence
    evidence_text = _extract_appearance_evidence(bundle)
  File "/Volumes/d/hermes/backend/app/services/character_identity_agent.py", line 94, in _extract_appearance_evidence
    bind_llm(db, profile)
NameError: name 'db' is not defined
2026-05-04 17:58:54 | INFO     | hermes.http | ← POST /api/videos/f897583c-0754-45da-9794-26e2697e12a4/characters/dbcef2f3-baa8-4cea-9056-6031d26f76cb/enrich 500 28.4ms
2026-05-04 18:07:35 | INFO     | hermes | 日志文件：/Volumes/d/hermes/backend/storage/logs/hermes.log（级别 INFO）
2026-05-04 18:13:15 | INFO     | hermes.http | → POST /api/videos/f897583c-0754-45da-9794-26e2697e12a4/characters/dbcef2f3-baa8-4cea-9056-6031d26f76cb/enrich
2026-05-04 18:13:31 | INFO     | app.services.character_identity_agent | 外观证据提取完成 video=f897583c-075 name=男主 chars=442
2026-05-04 18:13:51 | WARNING  | app.services.character_identity_agent | appearance_for_art 可能包含未经验证的元素: word=dog video=f897583c-075 name=男主
2026-05-04 18:13:51 | INFO     | app.services.character_identity_agent | 角色身份完成 video=f897583c-075 name=男主 appearance=light-colored suit jacket, dark dress pants, white dress shirt, medium build (no
2026-05-04 18:13:51 | INFO     | app.services.model_resolve | 生图 API 域名为 MiniMax，已将 provider=openai 纠正为 minimax（避免请求 OpenAI images/generations）
2026-05-04 18:14:15 | INFO     | app.services.image_generate | MiniMax 生图已保存（url）-> /Volumes/d/hermes/backend/storage/generated/characters/dbcef2f3-baa8-4cea-9056-6031d26f76cb/turnaround.png
2026-05-04 18:14:15 | INFO     | hermes.http | ← POST /api/videos/f897583c-0754-45da-9794-26e2697e12a4/characters/dbcef2f3-baa8-4cea-9056-6031d26f76cb/enrich 200 60368.9ms
2026-05-04 18:14:15 | INFO     | hermes.http | → GET /api/videos/f897583c-0754-45da-9794-26e2697e12a4/characters
2026-05-04 18:14:15 | INFO     | hermes.http | ← GET /api/videos/f897583c-0754-45da-9794-26e2697e12a4/characters 200 5.5ms
2026-05-04 19:14:10 | INFO     | hermes.http | → GET /favicon.ico
2026-05-04 19:14:10 | INFO     | hermes.http | ← GET /favicon.ico 200 10.2ms
2026-05-04 20:04:08 | INFO     | hermes.http | → GET /library
2026-05-04 20:04:08 | INFO     | hermes.http | ← GET /library 200 12.7ms
2026-05-04 20:04:09 | INFO     | hermes.http | → GET /assets/index-CV5KNmOJ.js
2026-05-04 20:04:09 | INFO     | hermes.http | → GET /assets/index-Dx3QIUst.css
2026-05-04 20:04:09 | INFO     | hermes.http | ← GET /assets/index-CV5KNmOJ.js 304 35.2ms
2026-05-04 20:04:09 | INFO     | hermes.http | ← GET /assets/index-Dx3QIUst.css 304 9.4ms
2026-05-04 20:04:09 | INFO     | hermes.http | → GET /api/videos
2026-05-04 20:04:09 | INFO     | hermes.http | → GET /favicon.ico
2026-05-04 20:04:09 | INFO     | hermes.http | ← GET /favicon.ico 200 25.2ms
2026-05-04 20:04:09 | INFO     | hermes.http | ← GET /api/videos 200 43.0ms
2026-05-04 20:04:09 | INFO     | hermes.http | → GET /api/assets/shots
2026-05-04 20:04:09 | INFO     | hermes.http | → GET /api/assets/timelines
2026-05-04 20:04:09 | INFO     | hermes.http | → GET /api/videos/f897583c-0754-45da-9794-26e2697e12a4/characters
2026-05-04 20:04:09 | INFO     | hermes.http | ← GET /api/assets/timelines 200 22.6ms
2026-05-04 20:04:09 | INFO     | hermes.http | ← GET /api/videos/f897583c-0754-45da-9794-26e2697e12a4/characters 200 20.6ms
2026-05-04 20:04:09 | INFO     | hermes.http | ← GET /api/assets/shots 200 25.0ms
2026-05-04 20:08:07 | INFO     | hermes | 日志文件：/Volumes/d/hermes/backend/storage/logs/hermes.log（级别 INFO）
2026-05-04 20:08:22 | INFO     | hermes.http | → GET /library
2026-05-04 20:08:22 | INFO     | hermes.http | ← GET /library 200 3.2ms
2026-05-04 20:08:22 | INFO     | hermes.http | → GET /api/videos
2026-05-04 20:08:22 | INFO     | hermes.http | ← GET /api/videos 200 9.6ms
2026-05-04 20:08:22 | INFO     | hermes.http | → GET /api/assets/shots
2026-05-04 20:08:22 | INFO     | hermes.http | → GET /api/assets/timelines
2026-05-04 20:08:22 | INFO     | hermes.http | → GET /api/videos/f897583c-0754-45da-9794-26e2697e12a4/characters
2026-05-04 20:08:22 | INFO     | hermes.http | ← GET /api/assets/shots 200 30.3ms
2026-05-04 20:08:22 | INFO     | hermes.http | ← GET /api/videos/f897583c-0754-45da-9794-26e2697e12a4/characters 200 32.4ms
2026-05-04 20:08:22 | INFO     | hermes.http | ← GET /api/assets/timelines 200 45.2ms
2026-05-04 20:08:35 | INFO     | hermes | 日志文件：/Volumes/d/hermes/backend/storage/logs/hermes.log（级别 INFO）
2026-05-04 20:08:37 | INFO     | hermes.http | → POST /api/videos/f897583c-0754-45da-9794-26e2697e12a4/characters/ef499e24-e417-439d-bfbe-1b3560fc392b/enrich
2026-05-04 20:08:59 | INFO     | hermes.http | → GET /api/videos
2026-05-04 20:08:59 | INFO     | hermes.http | ← GET /api/videos 200 46.4ms
2026-05-04 20:08:59 | INFO     | hermes.http | → GET /api/videos/f897583c-0754-45da-9794-26e2697e12a4
2026-05-04 20:08:59 | INFO     | hermes.http | → GET /api/videos/f897583c-0754-45da-9794-26e2697e12a4/timelines
2026-05-04 20:08:59 | INFO     | hermes.http | ← GET /api/videos/f897583c-0754-45da-9794-26e2697e12a4 200 15.3ms
2026-05-04 20:08:59 | INFO     | hermes.http | ← GET /api/videos/f897583c-0754-45da-9794-26e2697e12a4/timelines 200 23.0ms
2026-05-04 20:08:59 | INFO     | hermes.http | → GET /api/chat/3cc60e49-87df-43d7-9278-ba2a38cc90db/messages
2026-05-04 20:08:59 | INFO     | hermes.http | → GET /api/timelines/3cc60e49-87df-43d7-9278-ba2a38cc90db/manifest
2026-05-04 20:08:59 | INFO     | hermes.http | ← GET /api/chat/3cc60e49-87df-43d7-9278-ba2a38cc90db/messages 200 46.8ms
2026-05-04 20:08:59 | INFO     | hermes.http | ← GET /api/timelines/3cc60e49-87df-43d7-9278-ba2a38cc90db/manifest 200 45.2ms
2026-05-04 20:09:01 | ERROR    | app.routes.videos | 角色富化失败
Traceback (most recent call last):
  File "/Volumes/d/hermes/backend/app/routes/videos.py", line 230, in enrich_one_character
    vc = character_enrichment.enrich_video_character(
  File "/Volumes/d/hermes/backend/app/services/character_enrichment.py", line 114, in enrich_video_character
    agent = analyze_character_from_evidence(
  File "/Volumes/d/hermes/backend/app/services/character_identity_agent.py", line 434, in analyze_character_from_evidence
    prompt_parts = build_appearance_prompt_parts(
  File "/Volumes/d/hermes/backend/app/services/character_identity_agent.py", line 163, in build_appearance_prompt_parts
    bind_llm.__wrapped__  # no-op, just to suppress unused warning
AttributeError: 'function' object has no attribute '__wrapped__'
2026-05-04 20:09:01 | INFO     | hermes.http | ← POST /api/videos/f897583c-0754-45da-9794-26e2697e12a4/characters/ef499e24-e417-439d-bfbe-1b3560fc392b/enrich 500 23527.3ms
2026-05-04 20:09:15 | INFO     | hermes.http | → DELETE /api/chat/3cc60e49-87df-43d7-9278-ba2a38cc90db/messages
2026-05-04 20:09:15 | INFO     | app.routes.chat | 已清除对话 timeline=3cc60e49-87d deleted=22
2026-05-04 20:09:15 | INFO     | hermes.http | ← DELETE /api/chat/3cc60e49-87df-43d7-9278-ba2a38cc90db/messages 200 15.6ms
2026-05-04 20:09:27 | INFO     | hermes | 日志文件：/Volumes/d/hermes/backend/storage/logs/hermes.log（级别 INFO）
2026-05-04 20:10:21 | INFO     | hermes | 日志文件：/Volumes/d/hermes/backend/storage/logs/hermes.log（级别 INFO）
2026-05-04 20:10:31 | INFO     | hermes.http | → GET /api/videos
2026-05-04 20:10:31 | INFO     | hermes.http | ← GET /api/videos 200 17.9ms
2026-05-04 20:10:31 | INFO     | hermes.http | → GET /api/assets/shots
2026-05-04 20:10:31 | INFO     | hermes.http | → GET /api/videos/f897583c-0754-45da-9794-26e2697e12a4/characters
2026-05-04 20:10:31 | INFO     | hermes.http | → GET /api/assets/timelines
2026-05-04 20:10:31 | INFO     | hermes.http | ← GET /api/videos/f897583c-0754-45da-9794-26e2697e12a4/characters 200 13.5ms
2026-05-04 20:10:31 | INFO     | hermes.http | ← GET /api/assets/shots 200 15.4ms
2026-05-04 20:10:31 | INFO     | hermes.http | ← GET /api/assets/timelines 200 15.1ms
2026-05-04 20:10:32 | INFO     | hermes.http | → GET /api/jobs
2026-05-04 20:10:32 | INFO     | hermes.http | ← GET /api/jobs 200 6.2ms
2026-05-04 20:10:33 | INFO     | hermes.http | → GET /api/configs/models
2026-05-04 20:10:33 | INFO     | hermes.http | ← GET /api/configs/models 200 4.3ms
2026-05-04 20:10:47 | INFO     | hermes.http | → GET /api/videos
2026-05-04 20:10:47 | INFO     | hermes.http | ← GET /api/videos 200 4.1ms
2026-05-04 20:10:47 | INFO     | hermes.http | → GET /api/assets/shots
2026-05-04 20:10:47 | INFO     | hermes.http | → GET /api/assets/timelines
2026-05-04 20:10:47 | INFO     | hermes.http | → GET /api/videos/f897583c-0754-45da-9794-26e2697e12a4/characters
2026-05-04 20:10:47 | INFO     | hermes.http | ← GET /api/videos/f897583c-0754-45da-9794-26e2697e12a4/characters 200 17.7ms
2026-05-04 20:10:47 | INFO     | hermes.http | ← GET /api/assets/shots 200 26.1ms
2026-05-04 20:10:47 | INFO     | hermes.http | ← GET /api/assets/timelines 200 26.3ms
2026-05-04 20:10:48 | INFO     | hermes.http | → GET /api/videos
2026-05-04 20:10:48 | INFO     | hermes.http | ← GET /api/videos 200 1.9ms
2026-05-04 20:10:48 | INFO     | hermes.http | → GET /api/videos/f897583c-0754-45da-9794-26e2697e12a4
2026-05-04 20:10:48 | INFO     | hermes.http | → GET /api/videos/f897583c-0754-45da-9794-26e2697e12a4/timelines
2026-05-04 20:10:48 | INFO     | hermes.http | ← GET /api/videos/f897583c-0754-45da-9794-26e2697e12a4 200 7.9ms
2026-05-04 20:10:48 | INFO     | hermes.http | ← GET /api/videos/f897583c-0754-45da-9794-26e2697e12a4/timelines 200 7.7ms
2026-05-04 20:10:48 | INFO     | hermes.http | → GET /api/chat/3cc60e49-87df-43d7-9278-ba2a38cc90db/messages
2026-05-04 20:10:48 | INFO     | hermes.http | → GET /api/timelines/3cc60e49-87df-43d7-9278-ba2a38cc90db/manifest
2026-05-04 20:10:48 | INFO     | hermes.http | ← GET /api/chat/3cc60e49-87df-43d7-9278-ba2a38cc90db/messages 200 11.0ms
2026-05-04 20:10:48 | INFO     | hermes.http | ← GET /api/timelines/3cc60e49-87df-43d7-9278-ba2a38cc90db/manifest 200 14.7ms
2026-05-04 20:11:31 | INFO     | hermes | 日志文件：/Volumes/d/hermes/backend/storage/logs/hermes.log（级别 INFO）
2026-05-04 20:12:07 | INFO     | hermes.http | → GET /api/videos
2026-05-04 20:12:07 | INFO     | hermes.http | ← GET /api/videos 200 6.2ms
2026-05-04 20:12:07 | INFO     | hermes.http | → GET /api/videos/f897583c-0754-45da-9794-26e2697e12a4/characters
2026-05-04 20:12:07 | INFO     | hermes.http | → GET /api/assets/shots
2026-05-04 20:12:07 | INFO     | hermes.http | → GET /api/assets/timelines
2026-05-04 20:12:07 | INFO     | hermes.http | ← GET /api/assets/shots 200 23.4ms
2026-05-04 20:12:07 | INFO     | hermes.http | ← GET /api/videos/f897583c-0754-45da-9794-26e2697e12a4/characters 200 25.1ms
2026-05-04 20:12:07 | INFO     | hermes.http | ← GET /api/assets/timelines 200 26.1ms
2026-05-04 20:12:12 | INFO     | hermes.http | → GET /api/assets/shots
2026-05-04 20:12:12 | INFO     | hermes.http | → GET /api/assets/timelines
2026-05-04 20:12:12 | INFO     | hermes.http | → GET /api/videos/dd5441a5-425d-498c-a0f2-e3db070459b3/characters
2026-05-04 20:12:12 | INFO     | hermes.http | ← GET /api/videos/dd5441a5-425d-498c-a0f2-e3db070459b3/characters 200 7.4ms
2026-05-04 20:12:12 | INFO     | hermes.http | ← GET /api/assets/shots 200 13.7ms
2026-05-04 20:12:12 | INFO     | hermes.http | ← GET /api/assets/timelines 200 18.2ms
2026-05-04 20:12:33 | INFO     | hermes.http | → GET /api/assets/timelines
2026-05-04 20:12:33 | INFO     | hermes.http | → GET /api/videos/f897583c-0754-45da-9794-26e2697e12a4/characters
2026-05-04 20:12:33 | INFO     | hermes.http | → GET /api/assets/shots
2026-05-04 20:12:33 | INFO     | hermes.http | ← GET /api/videos/f897583c-0754-45da-9794-26e2697e12a4/characters 200 22.7ms
2026-05-04 20:12:33 | INFO     | hermes.http | ← GET /api/assets/shots 200 24.0ms
2026-05-04 20:12:34 | INFO     | hermes.http | ← GET /api/assets/timelines 200 43.1ms
2026-05-04 20:12:53 | INFO     | hermes | 日志文件：/Volumes/d/hermes/backend/storage/logs/hermes.log（级别 INFO）
2026-05-04 20:13:13 | INFO     | hermes.http | → GET /api/assets/timelines
2026-05-04 20:13:13 | INFO     | hermes.http | → GET /api/assets/shots
2026-05-04 20:13:13 | INFO     | hermes.http | → GET /api/videos/f897583c-0754-45da-9794-26e2697e12a4/characters
2026-05-04 20:13:13 | INFO     | hermes.http | ← GET /api/videos/f897583c-0754-45da-9794-26e2697e12a4/characters 200 29.4ms
2026-05-04 20:13:13 | INFO     | hermes.http | ← GET /api/assets/timelines 200 45.2ms
2026-05-04 20:13:13 | INFO     | hermes.http | ← GET /api/assets/shots 200 46.7ms
2026-05-04 20:13:58 | INFO     | hermes.http | → POST /api/videos/f897583c-0754-45da-9794-26e2697e12a4/characters/dbcef2f3-baa8-4cea-9056-6031d26f76cb/enrich
2026-05-04 20:14:34 | INFO     | app.services.character_identity_agent | 角色身份完成 video=f897583c-075 name=男主 appearance=hair color not confirmed in footage, eye color not confirmed in footage, wearing
2026-05-04 20:14:34 | ERROR    | app.routes.videos | 角色富化失败
Traceback (most recent call last):
  File "/Volumes/d/hermes/backend/app/routes/videos.py", line 230, in enrich_one_character
    vc = character_enrichment.enrich_video_character(
  File "/Volumes/d/hermes/backend/app/services/character_enrichment.py", line 132, in enrich_video_character
    gen_prompt = compose_final_prompt(
NameError: name 'compose_final_prompt' is not defined
2026-05-04 20:14:34 | INFO     | hermes.http | ← POST /api/videos/f897583c-0754-45da-9794-26e2697e12a4/characters/dbcef2f3-baa8-4cea-9056-6031d26f76cb/enrich 500 36465.8ms
2026-05-04 20:23:05 | INFO     | hermes.http | → GET /library
2026-05-04 20:23:05 | INFO     | hermes.http | ← GET /library 200 27.9ms
2026-05-04 20:23:05 | INFO     | hermes.http | → GET /assets/index-CV5KNmOJ.js
2026-05-04 20:23:05 | INFO     | hermes.http | → GET /assets/index-Dx3QIUst.css
2026-05-04 20:23:05 | INFO     | hermes.http | ← GET /assets/index-CV5KNmOJ.js 304 14.3ms
2026-05-04 20:23:05 | INFO     | hermes.http | ← GET /assets/index-Dx3QIUst.css 304 12.0ms
2026-05-04 20:23:05 | INFO     | hermes.http | → GET /api/videos
2026-05-04 20:23:05 | INFO     | hermes.http | → GET /favicon.ico
2026-05-04 20:23:05 | INFO     | hermes.http | ← GET /favicon.ico 200 35.2ms
2026-05-04 20:23:05 | INFO     | hermes.http | ← GET /api/videos 200 58.3ms
2026-05-04 20:23:05 | INFO     | hermes.http | → GET /api/assets/shots
2026-05-04 20:23:05 | INFO     | hermes.http | → GET /api/assets/timelines
2026-05-04 20:23:05 | INFO     | hermes.http | → GET /api/videos/f897583c-0754-45da-9794-26e2697e12a4/characters
2026-05-04 20:23:05 | INFO     | hermes.http | ← GET /api/videos/f897583c-0754-45da-9794-26e2697e12a4/characters 200 19.1ms
2026-05-04 20:23:05 | INFO     | hermes.http | ← GET /api/assets/shots 200 24.3ms
2026-05-04 20:23:05 | INFO     | hermes.http | ← GET /api/assets/timelines 200 26.2ms
2026-05-04 20:23:09 | INFO     | hermes.http | → POST /api/videos/f897583c-0754-45da-9794-26e2697e12a4/characters/dbcef2f3-baa8-4cea-9056-6031d26f76cb/enrich
2026-05-04 20:23:57 | INFO     | app.services.character_identity_agent | 角色身份完成 video=f897583c-075 name=男主 appearance=not confirmed in footage, hair color not confirmed in footage, eye color not con
2026-05-04 20:23:57 | ERROR    | app.routes.videos | 角色富化失败
Traceback (most recent call last):
  File "/Volumes/d/hermes/backend/app/routes/videos.py", line 230, in enrich_one_character
    vc = character_enrichment.enrich_video_character(
  File "/Volumes/d/hermes/backend/app/services/character_enrichment.py", line 132, in enrich_video_character
    gen_prompt = compose_final_prompt(
NameError: name 'compose_final_prompt' is not defined
2026-05-04 20:23:57 | INFO     | hermes.http | ← POST /api/videos/f897583c-0754-45da-9794-26e2697e12a4/characters/dbcef2f3-baa8-4cea-9056-6031d26f76cb/enrich 500 48335.4ms
2026-05-04 20:24:25 | INFO     | hermes | 日志文件：/Volumes/d/hermes/backend/storage/logs/hermes.log（级别 INFO）
2026-05-04 20:24:30 | INFO     | hermes.http | → GET /library
2026-05-04 20:24:30 | INFO     | hermes.http | ← GET /library 200 12.9ms
2026-05-04 20:24:30 | INFO     | hermes.http | → GET /api/videos
2026-05-04 20:24:30 | INFO     | hermes.http | ← GET /api/videos 200 5.0ms
2026-05-04 20:24:30 | INFO     | hermes.http | → GET /api/assets/shots
2026-05-04 20:24:30 | INFO     | hermes.http | → GET /api/assets/timelines
2026-05-04 20:24:30 | INFO     | hermes.http | → GET /api/videos/f897583c-0754-45da-9794-26e2697e12a4/characters
2026-05-04 20:24:30 | INFO     | hermes.http | ← GET /api/assets/shots 200 38.6ms
2026-05-04 20:24:30 | INFO     | hermes.http | ← GET /api/assets/timelines 200 40.3ms
2026-05-04 20:24:30 | INFO     | hermes.http | ← GET /api/videos/f897583c-0754-45da-9794-26e2697e12a4/characters 200 48.0ms
2026-05-04 20:24:32 | INFO     | hermes.http | → POST /api/videos/f897583c-0754-45da-9794-26e2697e12a4/characters/dbcef2f3-baa8-4cea-9056-6031d26f76cb/enrich
2026-05-04 20:25:27 | INFO     | app.services.character_identity_agent | 角色身份完成 video=f897583c-075 name=男主 appearance=wearing suit and tie, formal business attire, not confirmed in footage: hair col
2026-05-04 20:25:27 | ERROR    | app.routes.videos | 角色富化失败
Traceback (most recent call last):
  File "/Volumes/d/hermes/backend/app/routes/videos.py", line 230, in enrich_one_character
    vc = character_enrichment.enrich_video_character(
  File "/Volumes/d/hermes/backend/app/services/character_enrichment.py", line 132, in enrich_video_character
    gen_prompt = compose_final_prompt(
NameError: name 'compose_final_prompt' is not defined
2026-05-04 20:25:27 | INFO     | hermes.http | ← POST /api/videos/f897583c-0754-45da-9794-26e2697e12a4/characters/dbcef2f3-baa8-4cea-9056-6031d26f76cb/enrich 500 54758.0ms
2026-05-04 20:26:09 | INFO     | hermes | 日志文件：/Volumes/d/hermes/backend/storage/logs/hermes.log（级别 INFO）
2026-05-04 20:29:39 | INFO     | hermes.http | → POST /api/videos/f897583c-0754-45da-9794-26e2697e12a4/characters/dbcef2f3-baa8-4cea-9056-6031d26f76cb/enrich
2026-05-04 20:30:17 | INFO     | app.services.character_identity_agent | 角色身份完成 video=f897583c-075 name=男主 appearance=not confirmed in footage, wearing formal suit, male character, young adult build
2026-05-04 20:30:17 | INFO     | app.services.model_resolve | 生图 API 域名为 MiniMax，已将 provider=openai 纠正为 minimax（避免请求 OpenAI images/generations）
2026-05-04 20:30:46 | INFO     | app.services.image_generate | MiniMax 生图已保存（url）-> /Volumes/d/hermes/backend/storage/generated/characters/dbcef2f3-baa8-4cea-9056-6031d26f76cb/turnaround.png
2026-05-04 20:30:46 | INFO     | hermes.http | ← POST /api/videos/f897583c-0754-45da-9794-26e2697e12a4/characters/dbcef2f3-baa8-4cea-9056-6031d26f76cb/enrich 200 67160.2ms
2026-05-04 20:30:46 | INFO     | hermes.http | → GET /api/videos/f897583c-0754-45da-9794-26e2697e12a4/characters
2026-05-04 20:30:46 | INFO     | hermes.http | ← GET /api/videos/f897583c-0754-45da-9794-26e2697e12a4/characters 200 4.3ms
2026-05-04 20:31:31 | INFO     | hermes.http | → GET /library
2026-05-04 20:31:31 | INFO     | hermes.http | ← GET /library 200 13.2ms
2026-05-04 20:31:31 | INFO     | hermes.http | → GET /api/videos
2026-05-04 20:31:31 | INFO     | hermes.http | ← GET /api/videos 200 26.8ms
2026-05-04 20:31:31 | INFO     | hermes.http | → GET /api/assets/shots
2026-05-04 20:31:31 | INFO     | hermes.http | → GET /api/videos/f897583c-0754-45da-9794-26e2697e12a4/characters
2026-05-04 20:31:31 | INFO     | hermes.http | → GET /api/assets/timelines
2026-05-04 20:31:31 | INFO     | hermes.http | ← GET /api/assets/shots 200 20.8ms
2026-05-04 20:31:31 | INFO     | hermes.http | ← GET /api/videos/f897583c-0754-45da-9794-26e2697e12a4/characters 200 22.9ms
2026-05-04 20:31:31 | INFO     | hermes.http | ← GET /api/assets/timelines 200 23.7ms
2026-05-04 20:34:15 | INFO     | hermes | 日志文件：/Volumes/d/hermes/backend/storage/logs/hermes.log（级别 INFO）
2026-05-04 20:35:36 | INFO     | hermes.http | → POST /api/videos/f897583c-0754-45da-9794-26e2697e12a4/characters/dbcef2f3-baa8-4cea-9056-6031d26f76cb/enrich
2026-05-04 20:36:28 | INFO     | app.services.character_identity_agent | 角色身份完成 video=f897583c-075 name=男主 appearance=male adult, wearing suit, suit color not confirmed in footage, professional atti
2026-05-04 20:36:28 | INFO     | app.services.model_resolve | 生图 API 域名为 MiniMax，已将 provider=openai 纠正为 minimax（避免请求 OpenAI images/generations）
2026-05-04 20:36:59 | INFO     | app.services.image_generate | MiniMax 生图已保存（url）-> /Volumes/d/hermes/backend/storage/generated/characters/dbcef2f3-baa8-4cea-9056-6031d26f76cb/turnaround.png
2026-05-04 20:36:59 | INFO     | hermes.http | ← POST /api/videos/f897583c-0754-45da-9794-26e2697e12a4/characters/dbcef2f3-baa8-4cea-9056-6031d26f76cb/enrich 200 82847.6ms
2026-05-04 20:36:59 | INFO     | hermes.http | → GET /api/videos/f897583c-0754-45da-9794-26e2697e12a4/characters
2026-05-04 20:36:59 | INFO     | hermes.http | ← GET /api/videos/f897583c-0754-45da-9794-26e2697e12a4/characters 200 5.4ms
2026-05-04 20:37:09 | INFO     | hermes.http | → GET /library
2026-05-04 20:37:09 | INFO     | hermes.http | ← GET /library 200 5.1ms
2026-05-04 20:37:09 | INFO     | hermes.http | → GET /api/videos
2026-05-04 20:37:09 | INFO     | hermes.http | ← GET /api/videos 200 41.2ms
2026-05-04 20:37:09 | INFO     | hermes.http | → GET /api/assets/shots
2026-05-04 20:37:09 | INFO     | hermes.http | → GET /api/assets/timelines
2026-05-04 20:37:09 | INFO     | hermes.http | → GET /api/videos/f897583c-0754-45da-9794-26e2697e12a4/characters
2026-05-04 20:37:09 | INFO     | hermes.http | ← GET /api/assets/shots 200 24.5ms
2026-05-04 20:37:09 | INFO     | hermes.http | ← GET /api/videos/f897583c-0754-45da-9794-26e2697e12a4/characters 200 23.4ms
2026-05-04 20:37:09 | INFO     | hermes.http | ← GET /api/assets/timelines 200 27.0ms
2026-05-04 20:39:06 | INFO     | hermes | 日志文件：/Volumes/d/hermes/backend/storage/logs/hermes.log（级别 INFO）
2026-05-04 20:39:23 | INFO     | hermes | 日志文件：/Volumes/d/hermes/backend/storage/logs/hermes.log（级别 INFO）
2026-05-04 20:39:28 | INFO     | hermes.http | → GET /api/assets/shots
2026-05-04 20:39:28 | INFO     | hermes.http | → GET /api/assets/timelines
2026-05-04 20:39:28 | INFO     | hermes.http | → GET /api/videos/dd5441a5-425d-498c-a0f2-e3db070459b3/characters
2026-05-04 20:39:28 | INFO     | hermes.http | ← GET /api/assets/shots 200 26.0ms
2026-05-04 20:39:28 | INFO     | hermes.http | ← GET /api/videos/dd5441a5-425d-498c-a0f2-e3db070459b3/characters 200 26.6ms
2026-05-04 20:39:28 | INFO     | hermes.http | ← GET /api/assets/timelines 200 28.6ms
2026-05-04 20:39:31 | INFO     | hermes.http | → GET /api/assets/shots
2026-05-04 20:39:31 | INFO     | hermes.http | → GET /api/assets/timelines
2026-05-04 20:39:31 | INFO     | hermes.http | → GET /api/videos/f897583c-0754-45da-9794-26e2697e12a4/characters
2026-05-04 20:39:32 | INFO     | hermes.http | ← GET /api/assets/shots 200 106.8ms
2026-05-04 20:39:32 | INFO     | hermes.http | ← GET /api/videos/f897583c-0754-45da-9794-26e2697e12a4/characters 200 94.3ms
2026-05-04 20:39:32 | INFO     | hermes.http | ← GET /api/assets/timelines 200 105.7ms
2026-05-04 20:39:47 | INFO     | hermes | 日志文件：/Volumes/d/hermes/backend/storage/logs/hermes.log（级别 INFO）
2026-05-04 20:41:31 | INFO     | hermes.http | → GET /library
2026-05-04 20:41:31 | INFO     | hermes.http | ← GET /library 200 6.4ms
2026-05-04 20:41:31 | INFO     | hermes.http | → GET /assets/index-CV5KNmOJ.js
2026-05-04 20:41:31 | INFO     | hermes.http | → GET /assets/index-Dx3QIUst.css
2026-05-04 20:41:31 | INFO     | hermes.http | ← GET /assets/index-CV5KNmOJ.js 304 20.9ms
2026-05-04 20:41:31 | INFO     | hermes.http | ← GET /assets/index-Dx3QIUst.css 304 16.9ms
2026-05-04 20:41:31 | INFO     | hermes.http | → GET /api/videos
2026-05-04 20:41:31 | INFO     | hermes.http | → GET /favicon.ico
2026-05-04 20:41:31 | INFO     | hermes.http | ← GET /favicon.ico 200 12.7ms
2026-05-04 20:41:31 | INFO     | hermes.http | ← GET /api/videos 200 21.1ms
2026-05-04 20:41:31 | INFO     | hermes.http | → GET /api/assets/shots
2026-05-04 20:41:31 | INFO     | hermes.http | → GET /api/assets/timelines
2026-05-04 20:41:31 | INFO     | hermes.http | → GET /api/videos/f897583c-0754-45da-9794-26e2697e12a4/characters
2026-05-04 20:41:31 | INFO     | hermes.http | ← GET /api/assets/shots 200 21.0ms
2026-05-04 20:41:31 | INFO     | hermes.http | ← GET /api/assets/timelines 200 21.7ms
2026-05-04 20:41:31 | INFO     | hermes.http | ← GET /api/videos/f897583c-0754-45da-9794-26e2697e12a4/characters 200 23.7ms
2026-05-04 20:42:01 | INFO     | hermes.http | → GET /api/videos
2026-05-04 20:42:01 | INFO     | hermes.http | ← GET /api/videos 200 27.1ms
2026-05-04 20:42:01 | INFO     | hermes.http | → GET /api/assets/shots
2026-05-04 20:42:01 | INFO     | hermes.http | → GET /api/assets/timelines
2026-05-04 20:42:01 | INFO     | hermes.http | → GET /api/videos/f897583c-0754-45da-9794-26e2697e12a4/characters
2026-05-04 20:42:01 | INFO     | hermes.http | ← GET /api/assets/shots 200 42.7ms
2026-05-04 20:42:01 | INFO     | hermes.http | ← GET /api/videos/f897583c-0754-45da-9794-26e2697e12a4/characters 200 34.0ms
2026-05-04 20:42:01 | INFO     | hermes.http | ← GET /api/assets/timelines 200 43.0ms
2026-05-04 20:42:02 | INFO     | hermes.http | → GET /api/videos
2026-05-04 20:42:02 | INFO     | hermes.http | ← GET /api/videos 200 3.0ms
2026-05-04 20:42:02 | INFO     | hermes.http | → GET /api/videos/f897583c-0754-45da-9794-26e2697e12a4
2026-05-04 20:42:02 | INFO     | hermes.http | → GET /api/videos/f897583c-0754-45da-9794-26e2697e12a4/timelines
2026-05-04 20:42:02 | INFO     | hermes.http | ← GET /api/videos/f897583c-0754-45da-9794-26e2697e12a4 200 88.3ms
2026-05-04 20:42:02 | INFO     | hermes.http | ← GET /api/videos/f897583c-0754-45da-9794-26e2697e12a4/timelines 200 101.4ms
2026-05-04 20:42:02 | INFO     | hermes.http | → GET /api/chat/3cc60e49-87df-43d7-9278-ba2a38cc90db/messages
2026-05-04 20:42:02 | INFO     | hermes.http | → GET /api/timelines/3cc60e49-87df-43d7-9278-ba2a38cc90db/manifest
2026-05-04 20:42:02 | INFO     | hermes.http | ← GET /api/chat/3cc60e49-87df-43d7-9278-ba2a38cc90db/messages 200 11.8ms
2026-05-04 20:42:02 | INFO     | hermes.http | ← GET /api/timelines/3cc60e49-87df-43d7-9278-ba2a38cc90db/manifest 200 11.8ms
2026-05-04 20:43:00 | INFO     | hermes | 日志文件：/Volumes/d/hermes/backend/storage/logs/hermes.log（级别 INFO）
2026-05-04 20:43:09 | INFO     | hermes | 日志文件：/Volumes/d/hermes/backend/storage/logs/hermes.log（级别 INFO）
2026-05-04 20:43:12 | INFO     | hermes.http | → GET /api/videos
2026-05-04 20:43:12 | INFO     | hermes.http | ← GET /api/videos 200 9.9ms
2026-05-04 20:43:12 | INFO     | hermes.http | → GET /api/assets/shots
2026-05-04 20:43:12 | INFO     | hermes.http | → GET /api/videos/f897583c-0754-45da-9794-26e2697e12a4/characters
2026-05-04 20:43:12 | INFO     | hermes.http | → GET /api/assets/timelines
2026-05-04 20:43:12 | INFO     | hermes.http | ← GET /api/assets/shots 200 34.5ms
2026-05-04 20:43:12 | INFO     | hermes.http | ← GET /api/assets/timelines 200 31.7ms
2026-05-04 20:43:12 | INFO     | hermes.http | ← GET /api/videos/f897583c-0754-45da-9794-26e2697e12a4/characters 200 41.7ms
2026-05-04 20:46:04 | INFO     | hermes.http | → GET /library
2026-05-04 20:46:04 | INFO     | hermes.http | ← GET /library 200 55.8ms
2026-05-04 20:46:04 | INFO     | hermes.http | → GET /api/videos
2026-05-04 20:46:04 | INFO     | hermes.http | ← GET /api/videos 200 34.4ms
2026-05-04 20:46:04 | INFO     | hermes.http | → GET /api/assets/shots
2026-05-04 20:46:04 | INFO     | hermes.http | → GET /api/assets/timelines
2026-05-04 20:46:04 | INFO     | hermes.http | → GET /api/videos/f897583c-0754-45da-9794-26e2697e12a4/characters
2026-05-04 20:46:04 | INFO     | hermes.http | ← GET /api/videos/f897583c-0754-45da-9794-26e2697e12a4/characters 200 14.8ms
2026-05-04 20:46:04 | INFO     | hermes.http | ← GET /api/assets/shots 200 19.0ms
2026-05-04 20:46:04 | INFO     | hermes.http | ← GET /api/assets/timelines 200 19.4ms
2026-05-04 20:46:23 | INFO     | hermes.http | → GET /library
2026-05-04 20:46:23 | INFO     | hermes.http | ← GET /library 200 4.0ms
2026-05-04 20:46:23 | INFO     | hermes.http | → GET /assets/index-CInNicxd.css
2026-05-04 20:46:23 | INFO     | hermes.http | → GET /assets/index-BzwWSAr6.js
2026-05-04 20:46:23 | INFO     | hermes.http | ← GET /assets/index-BzwWSAr6.js 200 13.5ms
2026-05-04 20:46:23 | INFO     | hermes.http | ← GET /assets/index-CInNicxd.css 200 17.6ms
2026-05-04 20:46:23 | INFO     | hermes.http | → GET /api/videos
2026-05-04 20:46:23 | INFO     | hermes.http | ← GET /api/videos 200 36.7ms
2026-05-04 20:46:23 | INFO     | hermes.http | → GET /api/assets/timelines
2026-05-04 20:46:23 | INFO     | hermes.http | → GET /api/assets/shots
2026-05-04 20:46:23 | INFO     | hermes.http | → GET /api/videos/f897583c-0754-45da-9794-26e2697e12a4/characters
2026-05-04 20:46:23 | INFO     | hermes.http | ← GET /api/videos/f897583c-0754-45da-9794-26e2697e12a4/characters 200 14.8ms
2026-05-04 20:46:23 | INFO     | hermes.http | ← GET /api/assets/shots 200 15.7ms
2026-05-04 20:46:23 | INFO     | hermes.http | ← GET /api/assets/timelines 200 19.2ms
2026-05-04 20:46:32 | INFO     | hermes.http | → POST /api/videos/f897583c-0754-45da-9794-26e2697e12a4/characters/dbcef2f3-baa8-4cea-9056-6031d26f76cb/upload-ref
2026-05-04 20:46:32 | INFO     | hermes.http | ← POST /api/videos/f897583c-0754-45da-9794-26e2697e12a4/characters/dbcef2f3-baa8-4cea-9056-6031d26f76cb/upload-ref 422 31.2ms
2026-05-04 20:47:28 | INFO     | hermes.http | → GET /library
2026-05-04 20:47:28 | INFO     | hermes.http | ← GET /library 200 4.1ms
2026-05-04 20:47:28 | INFO     | hermes.http | → GET /assets/index-BzwWSAr6.js
2026-05-04 20:47:28 | INFO     | hermes.http | → GET /assets/index-CInNicxd.css
2026-05-04 20:47:28 | INFO     | hermes.http | ← GET /assets/index-BzwWSAr6.js 304 3.9ms
2026-05-04 20:47:28 | INFO     | hermes.http | ← GET /assets/index-CInNicxd.css 304 3.0ms
2026-05-04 20:47:28 | INFO     | hermes.http | → GET /api/videos
2026-05-04 20:47:28 | INFO     | hermes.http | ← GET /api/videos 200 50.2ms
2026-05-04 20:47:28 | INFO     | hermes.http | → GET /api/assets/shots
2026-05-04 20:47:28 | INFO     | hermes.http | → GET /api/assets/timelines
2026-05-04 20:47:28 | INFO     | hermes.http | → GET /api/videos/f897583c-0754-45da-9794-26e2697e12a4/characters
2026-05-04 20:47:28 | INFO     | hermes.http | ← GET /api/assets/shots 200 11.5ms
2026-05-04 20:47:28 | INFO     | hermes.http | ← GET /api/videos/f897583c-0754-45da-9794-26e2697e12a4/characters 200 11.1ms
2026-05-04 20:47:28 | INFO     | hermes.http | ← GET /api/assets/timelines 200 14.1ms
2026-05-04 20:47:34 | INFO     | hermes.http | → POST /api/videos/f897583c-0754-45da-9794-26e2697e12a4/characters/dbcef2f3-baa8-4cea-9056-6031d26f76cb/upload-ref
2026-05-04 20:47:34 | INFO     | hermes.http | ← POST /api/videos/f897583c-0754-45da-9794-26e2697e12a4/characters/dbcef2f3-baa8-4cea-9056-6031d26f76cb/upload-ref 422 10.1ms
2026-05-04 20:51:17 | INFO     | hermes | 日志文件：/Volumes/d/hermes/backend/storage/logs/hermes.log（级别 INFO）
2026-05-04 20:51:23 | INFO     | hermes.http | → DELETE /api/videos/f897583c-0754-45da-9794-26e2697e12a4/characters/4de4e501-ecc2-40a4-933b-3a38e734ecb0
2026-05-04 20:51:23 | INFO     | hermes.http | ← DELETE /api/videos/f897583c-0754-45da-9794-26e2697e12a4/characters/4de4e501-ecc2-40a4-933b-3a38e734ecb0 200 7.9ms
2026-05-04 20:51:49 | INFO     | hermes | 日志文件：/Volumes/d/hermes/backend/storage/logs/hermes.log（级别 INFO）
2026-05-04 20:52:00 | INFO     | hermes.http | → GET /api/jobs
2026-05-04 20:52:00 | INFO     | hermes.http | ← GET /api/jobs 200 6.5ms
2026-05-04 20:52:01 | INFO     | hermes.http | → GET /api/configs/models
2026-05-04 20:52:01 | INFO     | hermes.http | ← GET /api/configs/models 200 4.8ms
2026-05-04 20:52:02 | INFO     | hermes.http | → GET /api/videos
2026-05-04 20:52:02 | INFO     | hermes.http | ← GET /api/videos 200 4.5ms
2026-05-04 20:52:02 | INFO     | hermes.http | → GET /api/assets/timelines
2026-05-04 20:52:02 | INFO     | hermes.http | → GET /api/videos/f897583c-0754-45da-9794-26e2697e12a4/characters
2026-05-04 20:52:02 | INFO     | hermes.http | → GET /api/assets/shots
2026-05-04 20:52:02 | INFO     | hermes.http | ← GET /api/assets/shots 200 22.3ms
2026-05-04 20:52:02 | INFO     | hermes.http | ← GET /api/assets/timelines 200 30.0ms
2026-05-04 20:52:02 | INFO     | hermes.http | ← GET /api/videos/f897583c-0754-45da-9794-26e2697e12a4/characters 200 27.9ms
2026-05-04 20:56:32 | INFO     | hermes.http | → POST /api/videos/f897583c-0754-45da-9794-26e2697e12a4/characters/dbcef2f3-baa8-4cea-9056-6031d26f76cb/enrich
2026-05-04 20:57:09 | INFO     | app.services.character_identity_agent | 角色身份完成 video=f897583c-075 name=男主 appearance=not confirmed in footage, not confirmed in footage, not confirmed in footage, no
2026-05-04 20:57:09 | INFO     | app.services.model_resolve | 生图 API 域名为 MiniMax，已将 provider=openai 纠正为 minimax（避免请求 OpenAI images/generations）
2026-05-04 20:57:43 | WARNING  | app.services.image_generate | MiniMax 图生图失败，尝试后续回退：'list' object has no attribute 'title'
2026-05-04 20:57:43 | INFO     | hermes.http | ← POST /api/videos/f897583c-0754-45da-9794-26e2697e12a4/characters/dbcef2f3-baa8-4cea-9056-6031d26f76cb/enrich 200 71715.3ms
2026-05-04 20:57:44 | INFO     | hermes.http | → GET /api/videos/f897583c-0754-45da-9794-26e2697e12a4/characters
2026-05-04 20:57:44 | INFO     | hermes.http | ← GET /api/videos/f897583c-0754-45da-9794-26e2697e12a4/characters 200 3.2ms
2026-05-04 21:01:48 | INFO     | hermes.http | → GET /library
2026-05-04 21:01:48 | INFO     | hermes.http | ← GET /library 200 7.8ms
2026-05-04 21:01:48 | INFO     | hermes.http | → GET /assets/index-DcVy9h3o.js
2026-05-04 21:01:48 | INFO     | hermes.http | → GET /assets/index-EHGmV005.css
2026-05-04 21:01:48 | INFO     | hermes.http | ← GET /assets/index-EHGmV005.css 200 2.9ms
2026-05-04 21:01:48 | INFO     | hermes.http | ← GET /assets/index-DcVy9h3o.js 200 5.3ms
2026-05-04 21:01:48 | INFO     | hermes.http | → GET /api/videos
2026-05-04 21:01:48 | INFO     | hermes.http | → GET /favicon.ico
2026-05-04 21:01:48 | INFO     | hermes.http | ← GET /favicon.ico 200 30.9ms
2026-05-04 21:01:48 | INFO     | hermes.http | ← GET /api/videos 200 58.0ms
2026-05-04 21:01:48 | INFO     | hermes.http | → GET /api/assets/timelines
2026-05-04 21:01:48 | INFO     | hermes.http | → GET /api/videos/f897583c-0754-45da-9794-26e2697e12a4/characters
2026-05-04 21:01:48 | INFO     | hermes.http | → GET /api/assets/shots
2026-05-04 21:01:48 | INFO     | hermes.http | ← GET /api/assets/shots 200 18.8ms
2026-05-04 21:01:48 | INFO     | hermes.http | ← GET /api/assets/timelines 200 20.9ms
2026-05-04 21:01:48 | INFO     | hermes.http | ← GET /api/videos/f897583c-0754-45da-9794-26e2697e12a4/characters 200 21.3ms
2026-05-04 21:01:57 | INFO     | hermes.http | → GET /library
2026-05-04 21:01:57 | INFO     | hermes.http | ← GET /library 200 12.3ms
2026-05-04 21:01:58 | INFO     | hermes.http | → GET /assets/index-DcVy9h3o.js
2026-05-04 21:01:58 | INFO     | hermes.http | → GET /assets/index-EHGmV005.css
2026-05-04 21:01:58 | INFO     | hermes.http | ← GET /assets/index-DcVy9h3o.js 200 16.9ms
2026-05-04 21:01:58 | INFO     | hermes.http | ← GET /assets/index-EHGmV005.css 200 16.5ms
2026-05-04 21:01:58 | INFO     | hermes.http | → GET /api/videos
2026-05-04 21:01:58 | INFO     | hermes.http | → GET /favicon.ico
2026-05-04 21:01:58 | INFO     | hermes.http | ← GET /favicon.ico 200 3.9ms
2026-05-04 21:01:58 | INFO     | hermes.http | ← GET /api/videos 200 50.8ms
2026-05-04 21:01:58 | INFO     | hermes.http | → GET /api/assets/shots
2026-05-04 21:01:58 | INFO     | hermes.http | → GET /api/assets/timelines
2026-05-04 21:01:58 | INFO     | hermes.http | → GET /api/videos/f897583c-0754-45da-9794-26e2697e12a4/characters
2026-05-04 21:01:58 | INFO     | hermes.http | ← GET /api/assets/shots 200 25.6ms
2026-05-04 21:01:58 | INFO     | hermes.http | ← GET /api/videos/f897583c-0754-45da-9794-26e2697e12a4/characters 200 24.4ms
2026-05-04 21:01:58 | INFO     | hermes.http | ← GET /api/assets/timelines 200 25.3ms
2026-05-04 21:03:44 | INFO     | hermes | 日志文件：/Volumes/d/hermes/backend/storage/logs/hermes.log（级别 INFO）
2026-05-04 21:03:50 | INFO     | hermes | 日志文件：/Volumes/d/hermes/backend/storage/logs/hermes.log（级别 INFO）
2026-05-04 21:06:47 | INFO     | hermes | 日志文件：/Volumes/d/hermes/backend/storage/logs/hermes.log（级别 INFO）
2026-05-04 21:06:48 | INFO     | hermes | 日志文件：/Volumes/d/hermes/backend/storage/logs/hermes.log（级别 INFO）
2026-05-04 21:06:48 | INFO     | hermes | 日志文件：/Volumes/d/hermes/backend/storage/logs/hermes.log（级别 INFO）
2026-05-04 21:06:53 | INFO     | hermes | 日志文件：/Volumes/d/hermes/backend/storage/logs/hermes.log（级别 INFO）
2026-05-04 21:07:01 | INFO     | hermes | 日志文件：/Volumes/d/hermes/backend/storage/logs/hermes.log（级别 INFO）
2026-05-04 21:07:04 | INFO     | hermes | 日志文件：/Volumes/d/hermes/backend/storage/logs/hermes.log（级别 INFO）
2026-05-04 21:07:08 | INFO     | hermes | 日志文件：/Volumes/d/hermes/backend/storage/logs/hermes.log（级别 INFO）
2026-05-04 21:07:08 | INFO     | hermes | 日志文件：/Volumes/d/hermes/backend/storage/logs/hermes.log（级别 INFO）
2026-05-04 21:07:16 | INFO     | hermes | 日志文件：/Volumes/d/hermes/backend/storage/logs/hermes.log（级别 INFO）
2026-05-04 21:08:54 | INFO     | hermes | 日志文件：/Volumes/d/hermes/backend/storage/logs/hermes.log（级别 INFO）
2026-05-04 21:09:14 | INFO     | hermes.http | → POST /api/videos/f897583c-0754-45da-9794-26e2697e12a4/characters/dbcef2f3-baa8-4cea-9056-6031d26f76cb/enrich
2026-05-04 21:09:31 | INFO     | hermes.http | → GET /library
2026-05-04 21:09:31 | INFO     | hermes.http | ← GET /library 200 6.5ms
2026-05-04 21:09:32 | INFO     | hermes.http | → GET /assets/index-CapDdohw.js
2026-05-04 21:09:32 | INFO     | hermes.http | → GET /assets/index-BhzhgsP0.css
2026-05-04 21:09:32 | INFO     | hermes.http | ← GET /assets/index-CapDdohw.js 200 13.6ms
2026-05-04 21:09:32 | INFO     | hermes.http | ← GET /assets/index-BhzhgsP0.css 200 15.0ms
2026-05-04 21:09:33 | INFO     | hermes.http | → GET /api/videos
2026-05-04 21:09:33 | INFO     | hermes.http | → GET /favicon.ico
2026-05-04 21:09:33 | INFO     | hermes.http | ← GET /favicon.ico 200 9.8ms
2026-05-04 21:09:33 | INFO     | hermes.http | ← GET /api/videos 200 22.3ms
2026-05-04 21:09:33 | INFO     | hermes.http | → GET /api/assets/shots
2026-05-04 21:09:33 | INFO     | hermes.http | → GET /api/assets/timelines
2026-05-04 21:09:33 | INFO     | hermes.http | → GET /api/videos/f897583c-0754-45da-9794-26e2697e12a4/characters
2026-05-04 21:09:33 | INFO     | hermes.http | ← GET /api/assets/shots 200 19.2ms
2026-05-04 21:09:33 | INFO     | hermes.http | ← GET /api/videos/f897583c-0754-45da-9794-26e2697e12a4/characters 200 18.1ms
2026-05-04 21:09:33 | INFO     | hermes.http | ← GET /api/assets/timelines 200 20.2ms
2026-05-04 21:09:44 | INFO     | hermes.http | → GET /library
2026-05-04 21:09:44 | INFO     | hermes.http | ← GET /library 200 22.7ms
2026-05-04 21:09:44 | INFO     | hermes.http | → GET /assets/index-CapDdohw.js
2026-05-04 21:09:44 | INFO     | hermes.http | → GET /assets/index-BhzhgsP0.css
2026-05-04 21:09:44 | INFO     | hermes.http | ← GET /assets/index-CapDdohw.js 200 3.0ms
2026-05-04 21:09:44 | INFO     | hermes.http | ← GET /assets/index-BhzhgsP0.css 200 4.3ms
2026-05-04 21:09:44 | INFO     | hermes.http | → GET /api/videos
2026-05-04 21:09:44 | INFO     | hermes.http | → GET /favicon.ico
2026-05-04 21:09:44 | INFO     | hermes.http | ← GET /favicon.ico 200 23.4ms
2026-05-04 21:09:44 | INFO     | hermes.http | ← GET /api/videos 200 39.1ms
2026-05-04 21:09:44 | INFO     | hermes.http | → GET /api/assets/shots
2026-05-04 21:09:44 | INFO     | hermes.http | → GET /api/assets/timelines
2026-05-04 21:09:44 | INFO     | hermes.http | → GET /api/videos/f897583c-0754-45da-9794-26e2697e12a4/characters
2026-05-04 21:09:44 | INFO     | hermes.http | ← GET /api/videos/f897583c-0754-45da-9794-26e2697e12a4/characters 200 8.8ms
2026-05-04 21:09:44 | INFO     | hermes.http | ← GET /api/assets/shots 200 12.1ms
2026-05-04 21:09:44 | INFO     | hermes.http | ← GET /api/assets/timelines 200 13.0ms
2026-05-04 21:09:53 | INFO     | app.services.character_identity_agent | 角色身份完成 video=f897583c-075 name=男主 appearance=not confirmed in footage: no specific hair color, eye color, facial features, or
2026-05-04 21:09:53 | INFO     | app.services.model_resolve | 生图 API 域名为 MiniMax，已将 provider=openai 纠正为 minimax（避免请求 OpenAI images/generations）
2026-05-04 21:10:27 | INFO     | app.services.image_generate | MiniMax 三视图已合成 -> /Volumes/d/hermes/backend/storage/generated/characters/dbcef2f3-baa8-4cea-9056-6031d26f76cb/turnaround.png (3 views)
2026-05-04 21:10:27 | INFO     | hermes.http | ← POST /api/videos/f897583c-0754-45da-9794-26e2697e12a4/characters/dbcef2f3-baa8-4cea-9056-6031d26f76cb/enrich 200 73624.1ms
2026-05-04 21:11:31 | INFO     | hermes.http | → POST /api/videos/f897583c-0754-45da-9794-26e2697e12a4/characters/dbcef2f3-baa8-4cea-9056-6031d26f76cb/upload-sheet
2026-05-04 21:11:31 | ERROR    | hermes.http | 请求异常 POST /api/videos/f897583c-0754-45da-9794-26e2697e12a4/characters/dbcef2f3-baa8-4cea-9056-6031d26f76cb/upload-sheet
Traceback (most recent call last):
  File "/Volumes/d/hermes/.venv/lib/python3.9/site-packages/starlette/middleware/base.py", line 157, in call_next
    message = await recv_stream.receive()
  File "/Volumes/d/hermes/.venv/lib/python3.9/site-packages/anyio/streams/memory.py", line 132, in receive
    raise EndOfStream from None
anyio.EndOfStream

During handling of the above exception, another exception occurred:

Traceback (most recent call last):
  File "/Volumes/d/hermes/backend/app/main.py", line 34, in http_access_log
    response = await call_next(request)
  File "/Volumes/d/hermes/.venv/lib/python3.9/site-packages/starlette/middleware/base.py", line 163, in call_next
    raise app_exc
  File "/Volumes/d/hermes/.venv/lib/python3.9/site-packages/starlette/middleware/base.py", line 149, in coro
    await self.app(scope, receive_or_disconnect, send_no_error)
  File "/Volumes/d/hermes/.venv/lib/python3.9/site-packages/starlette/middleware/exceptions.py", line 62, in __call__
    await wrap_app_handling_exceptions(self.app, conn)(scope, receive, send)
  File "/Volumes/d/hermes/.venv/lib/python3.9/site-packages/starlette/_exception_handler.py", line 53, in wrapped_app
    raise exc
  File "/Volumes/d/hermes/.venv/lib/python3.9/site-packages/starlette/_exception_handler.py", line 42, in wrapped_app
    await app(scope, receive, sender)
  File "/Volumes/d/hermes/.venv/lib/python3.9/site-packages/starlette/routing.py", line 715, in __call__
    await self.middleware_stack(scope, receive, send)
  File "/Volumes/d/hermes/.venv/lib/python3.9/site-packages/starlette/routing.py", line 735, in app
    await route.handle(scope, receive, send)
  File "/Volumes/d/hermes/.venv/lib/python3.9/site-packages/starlette/routing.py", line 288, in handle
    await self.app(scope, receive, send)
  File "/Volumes/d/hermes/.venv/lib/python3.9/site-packages/starlette/routing.py", line 76, in app
    await wrap_app_handling_exceptions(app, request)(scope, receive, send)
  File "/Volumes/d/hermes/.venv/lib/python3.9/site-packages/starlette/_exception_handler.py", line 53, in wrapped_app
    raise exc
  File "/Volumes/d/hermes/.venv/lib/python3.9/site-packages/starlette/_exception_handler.py", line 42, in wrapped_app
    await app(scope, receive, sender)
  File "/Volumes/d/hermes/.venv/lib/python3.9/site-packages/starlette/routing.py", line 73, in app
    response = await f(request)
  File "/Volumes/d/hermes/.venv/lib/python3.9/site-packages/fastapi/routing.py", line 301, in app
    raw_response = await run_endpoint_function(
  File "/Volumes/d/hermes/.venv/lib/python3.9/site-packages/fastapi/routing.py", line 212, in run_endpoint_function
    return await dependant.call(**values)
  File "/Volumes/d/hermes/backend/app/routes/videos.py", line 337, in upload_character_turnaround_sheet
    vc.updated_at = datetime.utcnow()
AttributeError: module 'datetime' has no attribute 'utcnow'
2026-05-04 21:12:08 | INFO     | hermes | 日志文件：/Volumes/d/hermes/backend/storage/logs/hermes.log（级别 INFO）
2026-05-04 21:12:16 | INFO     | hermes | 日志文件：/Volumes/d/hermes/backend/storage/logs/hermes.log（级别 INFO）
2026-05-04 21:12:29 | INFO     | hermes | 日志文件：/Volumes/d/hermes/backend/storage/logs/hermes.log（级别 INFO）
2026-05-04 21:12:30 | INFO     | hermes | 日志文件：/Volumes/d/hermes/backend/storage/logs/hermes.log（级别 INFO）
2026-05-04 21:12:32 | INFO     | hermes | 日志文件：/Volumes/d/hermes/backend/storage/logs/hermes.log（级别 INFO）
2026-05-04 21:12:50 | INFO     | hermes | 日志文件：/Volumes/d/hermes/backend/storage/logs/hermes.log（级别 INFO）
2026-05-04 21:13:18 | INFO     | hermes.http | → POST /api/videos/f897583c-0754-45da-9794-26e2697e12a4/characters/dbcef2f3-baa8-4cea-9056-6031d26f76cb/enrich
2026-05-04 21:13:18 | INFO     | app.services.character_enrichment | 证据对齐：15 → 15 条镜头（都市主线多数派）
2026-05-04 21:14:19 | INFO     | app.services.character_identity_agent | 角色身份完成 video=f897583c-075 name=男主 appearance=
2026-05-04 21:14:19 | INFO     | app.services.model_resolve | 生图 API 域名为 MiniMax，已将 provider=openai 纠正为 minimax（避免请求 OpenAI images/generations）
2026-05-04 21:14:59 | INFO     | app.services.image_generate | MiniMax 三视图已合成 -> /Volumes/d/hermes/backend/storage/generated/characters/dbcef2f3-baa8-4cea-9056-6031d26f76cb/turnaround.png (3 views)
2026-05-04 21:14:59 | INFO     | hermes.http | ← POST /api/videos/f897583c-0754-45da-9794-26e2697e12a4/characters/dbcef2f3-baa8-4cea-9056-6031d26f76cb/enrich 200 101470.3ms
2026-05-04 21:14:59 | INFO     | hermes.http | → GET /api/videos/f897583c-0754-45da-9794-26e2697e12a4/characters
2026-05-04 21:14:59 | INFO     | hermes.http | ← GET /api/videos/f897583c-0754-45da-9794-26e2697e12a4/characters 200 2.6ms
2026-05-04 21:21:13 | INFO     | hermes.http | → GET /library
2026-05-04 21:21:13 | INFO     | hermes.http | ← GET /library 200 15.6ms
2026-05-04 21:21:13 | INFO     | hermes.http | → GET /assets/index-CBxNl3Dh.js
2026-05-04 21:21:13 | INFO     | hermes.http | → GET /assets/index-B2RyJn4F.css
2026-05-04 21:21:13 | INFO     | hermes.http | ← GET /assets/index-CBxNl3Dh.js 200 25.5ms
2026-05-04 21:21:13 | INFO     | hermes.http | ← GET /assets/index-B2RyJn4F.css 200 29.1ms
2026-05-04 21:21:13 | INFO     | hermes.http | → GET /api/videos
2026-05-04 21:21:13 | INFO     | hermes.http | → GET /favicon.ico
2026-05-04 21:21:13 | INFO     | hermes.http | ← GET /favicon.ico 200 16.1ms
2026-05-04 21:21:13 | INFO     | hermes.http | ← GET /api/videos 200 99.8ms
2026-05-04 21:21:13 | INFO     | hermes.http | → GET /api/assets/shots
2026-05-04 21:21:13 | INFO     | hermes.http | → GET /api/assets/timelines
2026-05-04 21:21:13 | INFO     | hermes.http | → GET /api/videos/f897583c-0754-45da-9794-26e2697e12a4/characters
2026-05-04 21:21:13 | INFO     | hermes.http | ← GET /api/assets/timelines 200 28.3ms
2026-05-04 21:21:13 | INFO     | hermes.http | ← GET /api/assets/shots 200 30.1ms
2026-05-04 21:21:13 | INFO     | hermes.http | ← GET /api/videos/f897583c-0754-45da-9794-26e2697e12a4/characters 200 30.9ms
2026-05-04 21:21:34 | INFO     | hermes.http | → POST /api/videos/f897583c-0754-45da-9794-26e2697e12a4/characters/dbcef2f3-baa8-4cea-9056-6031d26f76cb/upload-sheet
2026-05-04 21:21:34 | ERROR    | hermes.http | 请求异常 POST /api/videos/f897583c-0754-45da-9794-26e2697e12a4/characters/dbcef2f3-baa8-4cea-9056-6031d26f76cb/upload-sheet
Traceback (most recent call last):
  File "/Volumes/d/hermes/.venv/lib/python3.9/site-packages/starlette/middleware/base.py", line 157, in call_next
    message = await recv_stream.receive()
  File "/Volumes/d/hermes/.venv/lib/python3.9/site-packages/anyio/streams/memory.py", line 132, in receive
    raise EndOfStream from None
anyio.EndOfStream

During handling of the above exception, another exception occurred:

Traceback (most recent call last):
  File "/Volumes/d/hermes/backend/app/main.py", line 34, in http_access_log
    response = await call_next(request)
  File "/Volumes/d/hermes/.venv/lib/python3.9/site-packages/starlette/middleware/base.py", line 163, in call_next
    raise app_exc
  File "/Volumes/d/hermes/.venv/lib/python3.9/site-packages/starlette/middleware/base.py", line 149, in coro
    await self.app(scope, receive_or_disconnect, send_no_error)
  File "/Volumes/d/hermes/.venv/lib/python3.9/site-packages/starlette/middleware/exceptions.py", line 62, in __call__
    await wrap_app_handling_exceptions(self.app, conn)(scope, receive, send)
  File "/Volumes/d/hermes/.venv/lib/python3.9/site-packages/starlette/_exception_handler.py", line 53, in wrapped_app
    raise exc
  File "/Volumes/d/hermes/.venv/lib/python3.9/site-packages/starlette/_exception_handler.py", line 42, in wrapped_app
    await app(scope, receive, sender)
  File "/Volumes/d/hermes/.venv/lib/python3.9/site-packages/starlette/routing.py", line 715, in __call__
    await self.middleware_stack(scope, receive, send)
  File "/Volumes/d/hermes/.venv/lib/python3.9/site-packages/starlette/routing.py", line 735, in app
    await route.handle(scope, receive, send)
  File "/Volumes/d/hermes/.venv/lib/python3.9/site-packages/starlette/routing.py", line 288, in handle
    await self.app(scope, receive, send)
  File "/Volumes/d/hermes/.venv/lib/python3.9/site-packages/starlette/routing.py", line 76, in app
    await wrap_app_handling_exceptions(app, request)(scope, receive, send)
  File "/Volumes/d/hermes/.venv/lib/python3.9/site-packages/starlette/_exception_handler.py", line 53, in wrapped_app
    raise exc
  File "/Volumes/d/hermes/.venv/lib/python3.9/site-packages/starlette/_exception_handler.py", line 42, in wrapped_app
    await app(scope, receive, sender)
  File "/Volumes/d/hermes/.venv/lib/python3.9/site-packages/starlette/routing.py", line 73, in app
    response = await f(request)
  File "/Volumes/d/hermes/.venv/lib/python3.9/site-packages/fastapi/routing.py", line 301, in app
    raw_response = await run_endpoint_function(
  File "/Volumes/d/hermes/.venv/lib/python3.9/site-packages/fastapi/routing.py", line 212, in run_endpoint_function
    return await dependant.call(**values)
  File "/Volumes/d/hermes/backend/app/routes/videos.py", line 337, in upload_character_turnaround_sheet
    vc.updated_at = datetime.utcnow()
AttributeError: module 'datetime' has no attribute 'utcnow'
2026-05-04 21:22:20 | INFO     | hermes | 日志文件：/Volumes/d/hermes/backend/storage/logs/hermes.log（级别 INFO）
2026-05-04 21:23:06 | INFO     | hermes.http | → GET /library
2026-05-04 21:23:06 | INFO     | hermes.http | ← GET /library 200 5.0ms
2026-05-04 21:23:06 | INFO     | hermes.http | → GET /assets/index-CBxNl3Dh.js
2026-05-04 21:23:06 | INFO     | hermes.http | → GET /assets/index-B2RyJn4F.css
2026-05-04 21:23:06 | INFO     | hermes.http | ← GET /assets/index-CBxNl3Dh.js 304 40.8ms
2026-05-04 21:23:06 | INFO     | hermes.http | ← GET /assets/index-B2RyJn4F.css 304 38.7ms
2026-05-04 21:23:06 | INFO     | hermes.http | → GET /api/videos
2026-05-04 21:23:06 | INFO     | hermes.http | → GET /favicon.ico
2026-05-04 21:23:06 | INFO     | hermes.http | ← GET /favicon.ico 200 5.1ms
2026-05-04 21:23:06 | INFO     | hermes.http | ← GET /api/videos 200 42.7ms
2026-05-04 21:23:06 | INFO     | hermes.http | → GET /api/assets/shots
2026-05-04 21:23:06 | INFO     | hermes.http | → GET /api/assets/timelines
2026-05-04 21:23:06 | INFO     | hermes.http | → GET /api/videos/f897583c-0754-45da-9794-26e2697e12a4/characters
2026-05-04 21:23:06 | INFO     | hermes.http | ← GET /api/videos/f897583c-0754-45da-9794-26e2697e12a4/characters 200 21.2ms
2026-05-04 21:23:06 | INFO     | hermes.http | ← GET /api/assets/timelines 200 24.9ms
2026-05-04 21:23:06 | INFO     | hermes.http | ← GET /api/assets/shots 200 27.4ms
2026-05-04 21:23:15 | INFO     | hermes.http | → POST /api/videos/f897583c-0754-45da-9794-26e2697e12a4/characters/855e4568-899c-41df-a245-e4937b9838f2/enrich
2026-05-04 21:23:36 | INFO     | app.services.character_identity_agent | 角色身份完成 video=f897583c-075 name=背对镜头的男性剑客 appearance=dark blue and black long robe, carrying a sheathed sword on back wrapped in clot
2026-05-04 21:23:36 | INFO     | app.services.model_resolve | 生图 API 域名为 MiniMax，已将 provider=openai 纠正为 minimax（避免请求 OpenAI images/generations）
2026-05-04 21:24:16 | INFO     | app.services.image_generate | MiniMax 三视图已合成 -> /Volumes/d/hermes/backend/storage/generated/characters/855e4568-899c-41df-a245-e4937b9838f2/turnaround.png (3 views)
2026-05-04 21:24:16 | INFO     | hermes.http | ← POST /api/videos/f897583c-0754-45da-9794-26e2697e12a4/characters/855e4568-899c-41df-a245-e4937b9838f2/enrich 200 61022.5ms
2026-05-04 21:24:16 | INFO     | hermes.http | → GET /api/videos/f897583c-0754-45da-9794-26e2697e12a4/characters
2026-05-04 21:24:16 | INFO     | hermes.http | ← GET /api/videos/f897583c-0754-45da-9794-26e2697e12a4/characters 200 2.2ms
2026-05-04 21:25:36 | INFO     | hermes.http | → POST /api/videos/f897583c-0754-45da-9794-26e2697e12a4/characters/extract
2026-05-04 21:25:36 | INFO     | app.services.character_library | 角色库已重建 video=f897583c-075 rows=5 granularity=scene
2026-05-04 21:25:36 | INFO     | hermes.http | ← POST /api/videos/f897583c-0754-45da-9794-26e2697e12a4/characters/extract 200 40.6ms
2026-05-04 21:25:36 | INFO     | hermes.http | → GET /api/videos/f897583c-0754-45da-9794-26e2697e12a4/characters
2026-05-04 21:25:36 | INFO     | hermes.http | ← GET /api/videos/f897583c-0754-45da-9794-26e2697e12a4/characters 200 4.6ms
2026-05-04 21:25:39 | INFO     | hermes.http | → POST /api/videos/f897583c-0754-45da-9794-26e2697e12a4/characters/ee029264-de36-4670-b270-a90ba74dfda4/enrich
2026-05-04 21:26:13 | INFO     | app.services.character_identity_agent | 角色身份完成 video=f897583c-075 name=小狗 appearance=
2026-05-04 21:26:13 | INFO     | app.services.model_resolve | 生图 API 域名为 MiniMax，已将 provider=openai 纠正为 minimax（避免请求 OpenAI images/generations）
2026-05-04 21:26:18 | INFO     | hermes.http | → GET /favicon.ico
2026-05-04 21:26:18 | INFO     | hermes.http | ← GET /favicon.ico 200 3.0ms
2026-05-04 21:26:48 | INFO     | app.services.image_generate | MiniMax 三视图已合成 -> /Volumes/d/hermes/backend/storage/generated/characters/ee029264-de36-4670-b270-a90ba74dfda4/turnaround.png (3 views)
2026-05-04 21:26:48 | INFO     | hermes.http | ← POST /api/videos/f897583c-0754-45da-9794-26e2697e12a4/characters/ee029264-de36-4670-b270-a90ba74dfda4/enrich 200 69743.0ms
2026-05-04 21:26:48 | INFO     | hermes.http | → GET /api/videos/f897583c-0754-45da-9794-26e2697e12a4/characters
2026-05-04 21:26:48 | INFO     | hermes.http | ← GET /api/videos/f897583c-0754-45da-9794-26e2697e12a4/characters 200 6.8ms
2026-05-04 21:27:04 | INFO     | hermes.http | → DELETE /api/videos/f897583c-0754-45da-9794-26e2697e12a4/characters/ee029264-de36-4670-b270-a90ba74dfda4
2026-05-04 21:27:04 | INFO     | hermes.http | ← DELETE /api/videos/f897583c-0754-45da-9794-26e2697e12a4/characters/ee029264-de36-4670-b270-a90ba74dfda4 200 16.0ms
2026-05-04 21:27:08 | INFO     | hermes.http | → POST /api/videos/f897583c-0754-45da-9794-26e2697e12a4/characters/ef499e24-e417-439d-bfbe-1b3560fc392b/enrich
2026-05-04 21:27:52 | INFO     | app.services.character_identity_agent | 角色身份完成 video=f897583c-075 name=蒙眼白发女子 appearance=long silver-white hair, pale skin tone, delicate build, white cloth blindfold co
2026-05-04 21:27:52 | INFO     | app.services.model_resolve | 生图 API 域名为 MiniMax，已将 provider=openai 纠正为 minimax（避免请求 OpenAI images/generations）
2026-05-04 21:28:32 | INFO     | app.services.image_generate | MiniMax 三视图已合成 -> /Volumes/d/hermes/backend/storage/generated/characters/ef499e24-e417-439d-bfbe-1b3560fc392b/turnaround.png (3 views)
2026-05-04 21:28:32 | INFO     | hermes.http | ← POST /api/videos/f897583c-0754-45da-9794-26e2697e12a4/characters/ef499e24-e417-439d-bfbe-1b3560fc392b/enrich 200 83360.9ms
2026-05-04 21:28:32 | INFO     | hermes.http | → GET /api/videos/f897583c-0754-45da-9794-26e2697e12a4/characters
2026-05-04 21:28:32 | INFO     | hermes.http | ← GET /api/videos/f897583c-0754-45da-9794-26e2697e12a4/characters 200 2.5ms
2026-05-04 21:28:41 | INFO     | hermes.http | → GET /favicon.ico
2026-05-04 21:28:41 | INFO     | hermes.http | ← GET /favicon.ico 200 2.5ms
2026-05-04 21:28:51 | INFO     | hermes.http | → GET /favicon.ico
2026-05-04 21:28:51 | INFO     | hermes.http | ← GET /favicon.ico 200 3.1ms
2026-05-04 21:29:11 | INFO     | hermes.http | → GET /favicon.ico
2026-05-04 21:29:11 | INFO     | hermes.http | ← GET /favicon.ico 200 3.3ms
2026-05-04 21:29:41 | INFO     | hermes.http | → DELETE /api/videos/f897583c-0754-45da-9794-26e2697e12a4/characters/bdf46f20-72c0-46b2-9011-181b108759f8
2026-05-04 21:29:41 | INFO     | hermes.http | ← DELETE /api/videos/f897583c-0754-45da-9794-26e2697e12a4/characters/bdf46f20-72c0-46b2-9011-181b108759f8 200 21.1ms
2026-05-04 21:29:50 | INFO     | hermes | 日志文件：/Volumes/d/hermes/backend/storage/logs/hermes.log（级别 INFO）
2026-05-04 21:29:51 | INFO     | hermes | 日志文件：/Volumes/d/hermes/backend/storage/logs/hermes.log（级别 INFO）
2026-05-04 21:29:52 | INFO     | hermes | 日志文件：/Volumes/d/hermes/backend/storage/logs/hermes.log（级别 INFO）
2026-05-04 21:35:04 | INFO     | hermes.http | → GET /api/videos
2026-05-04 21:35:04 | INFO     | hermes.http | → GET /favicon.ico
2026-05-04 21:35:04 | INFO     | hermes.http | ← GET /api/videos 200 16.8ms
2026-05-04 21:35:04 | INFO     | hermes.http | ← GET /favicon.ico 200 16.5ms
2026-05-04 21:35:04 | INFO     | hermes.http | → GET /api/videos/f897583c-0754-45da-9794-26e2697e12a4
2026-05-04 21:35:04 | INFO     | hermes.http | → GET /api/videos/f897583c-0754-45da-9794-26e2697e12a4/timelines
2026-05-04 21:35:04 | INFO     | hermes.http | ← GET /api/videos/f897583c-0754-45da-9794-26e2697e12a4 200 39.7ms
2026-05-04 21:35:04 | INFO     | hermes.http | ← GET /api/videos/f897583c-0754-45da-9794-26e2697e12a4/timelines 200 78.5ms
2026-05-04 21:35:04 | INFO     | hermes.http | → GET /api/chat/3cc60e49-87df-43d7-9278-ba2a38cc90db/messages
2026-05-04 21:35:04 | INFO     | hermes.http | → GET /api/timelines/3cc60e49-87df-43d7-9278-ba2a38cc90db/manifest
2026-05-04 21:35:04 | INFO     | hermes.http | ← GET /api/chat/3cc60e49-87df-43d7-9278-ba2a38cc90db/messages 200 33.7ms
2026-05-04 21:35:04 | INFO     | hermes.http | ← GET /api/timelines/3cc60e49-87df-43d7-9278-ba2a38cc90db/manifest 200 36.4ms
2026-05-04 21:35:53 | INFO     | hermes.http | → POST /api/chat
2026-05-04 21:35:59 | INFO     | app.routes.chat | 对话请求 intent=qa timeline=3cc60e49-87d play=25.02s profile=fast chars=10
2026-05-04 21:36:11 | INFO     | hermes.http | ← POST /api/chat 200 17642.1ms
2026-05-04 21:38:21 | INFO     | hermes | 日志文件：/Volumes/d/hermes/backend/storage/logs/hermes.log（级别 INFO）
2026-05-04 21:38:31 | INFO     | hermes | 日志文件：/Volumes/d/hermes/backend/storage/logs/hermes.log（级别 INFO）
2026-05-04 21:38:39 | INFO     | hermes | 日志文件：/Volumes/d/hermes/backend/storage/logs/hermes.log（级别 INFO）
2026-05-04 21:38:57 | INFO     | hermes | 日志文件：/Volumes/d/hermes/backend/storage/logs/hermes.log（级别 INFO）
2026-05-04 21:39:00 | INFO     | hermes | 日志文件：/Volumes/d/hermes/backend/storage/logs/hermes.log（级别 INFO）
2026-05-04 21:39:01 | INFO     | hermes | 日志文件：/Volumes/d/hermes/backend/storage/logs/hermes.log（级别 INFO）
2026-05-04 21:39:05 | INFO     | hermes | 日志文件：/Volumes/d/hermes/backend/storage/logs/hermes.log（级别 INFO）
2026-05-04 21:39:06 | INFO     | hermes | 日志文件：/Volumes/d/hermes/backend/storage/logs/hermes.log（级别 INFO）
2026-05-04 21:39:16 | INFO     | hermes | 日志文件：/Volumes/d/hermes/backend/storage/logs/hermes.log（级别 INFO）
2026-05-04 21:39:16 | INFO     | hermes | 日志文件：/Volumes/d/hermes/backend/storage/logs/hermes.log（级别 INFO）
2026-05-04 21:39:18 | INFO     | hermes | 日志文件：/Volumes/d/hermes/backend/storage/logs/hermes.log（级别 INFO）
2026-05-04 21:39:34 | INFO     | hermes | 日志文件：/Volumes/d/hermes/backend/storage/logs/hermes.log（级别 INFO）
2026-05-04 21:39:34 | INFO     | hermes | 日志文件：/Volumes/d/hermes/backend/storage/logs/hermes.log（级别 INFO）
2026-05-04 21:39:41 | INFO     | hermes | 日志文件：/Volumes/d/hermes/backend/storage/logs/hermes.log（级别 INFO）
2026-05-04 21:39:57 | INFO     | hermes | 日志文件：/Volumes/d/hermes/backend/storage/logs/hermes.log（级别 INFO）
2026-05-04 21:40:14 | INFO     | hermes | 日志文件：/Volumes/d/hermes/backend/storage/logs/hermes.log（级别 INFO）
2026-05-04 21:40:15 | INFO     | hermes | 日志文件：/Volumes/d/hermes/backend/storage/logs/hermes.log（级别 INFO）
2026-05-04 21:40:17 | INFO     | hermes | 日志文件：/Volumes/d/hermes/backend/storage/logs/hermes.log（级别 INFO）
2026-05-04 21:45:37 | INFO     | hermes.http | → GET /api/videos
2026-05-04 21:45:37 | INFO     | hermes.http | → GET /favicon.ico
2026-05-04 21:45:37 | INFO     | hermes.http | ← GET /api/videos 200 25.4ms
2026-05-04 21:45:37 | INFO     | hermes.http | ← GET /favicon.ico 200 24.3ms
2026-05-04 21:45:37 | INFO     | hermes.http | → GET /api/assets/shots
2026-05-04 21:45:37 | INFO     | hermes.http | → GET /api/assets/timelines
2026-05-04 21:45:37 | INFO     | hermes.http | → GET /api/videos/f897583c-0754-45da-9794-26e2697e12a4/characters
2026-05-04 21:45:37 | INFO     | hermes.http | ← GET /api/videos/f897583c-0754-45da-9794-26e2697e12a4/characters 200 89.1ms
2026-05-04 21:45:37 | INFO     | hermes.http | ← GET /api/assets/shots 200 92.4ms
2026-05-04 21:45:37 | INFO     | hermes.http | ← GET /api/assets/timelines 200 91.6ms
2026-05-04 21:45:42 | INFO     | hermes.http | → GET /api/jobs
2026-05-04 21:45:42 | INFO     | hermes.http | ← GET /api/jobs 200 9.5ms
2026-05-04 21:45:43 | INFO     | hermes.http | → GET /api/videos
2026-05-04 21:45:43 | INFO     | hermes.http | ← GET /api/videos 200 1.6ms
2026-05-04 21:45:43 | INFO     | hermes.http | → GET /api/assets/shots
2026-05-04 21:45:43 | INFO     | hermes.http | → GET /api/assets/timelines
2026-05-04 21:45:43 | INFO     | hermes.http | → GET /api/videos/f897583c-0754-45da-9794-26e2697e12a4/characters
2026-05-04 21:45:43 | INFO     | hermes.http | ← GET /api/assets/shots 200 10.0ms
2026-05-04 21:45:43 | INFO     | hermes.http | ← GET /api/videos/f897583c-0754-45da-9794-26e2697e12a4/characters 200 9.7ms
2026-05-04 21:45:43 | INFO     | hermes.http | ← GET /api/assets/timelines 200 10.9ms
2026-05-04 21:48:46 | INFO     | hermes | 日志文件：/Volumes/d/hermes/backend/storage/logs/hermes.log（级别 INFO）
2026-05-04 21:48:46 | INFO     | hermes.http | → POST /api/videos/f897583c-0754-45da-9794-26e2697e12a4/characters/ef499e24-e417-439d-bfbe-1b3560fc392b/upload-sheet
2026-05-04 21:48:46 | INFO     | hermes.http | → GET /api/videos
2026-05-04 21:48:46 | INFO     | hermes.http | → GET /favicon.ico
2026-05-04 21:48:46 | INFO     | hermes.http | → GET /
2026-05-04 21:48:46 | INFO     | hermes.http | → GET /
2026-05-04 21:48:46 | INFO     | hermes.http | → GET /
2026-05-04 21:48:46 | INFO     | hermes.http | ← GET /api/videos 200 9.5ms
2026-05-04 21:48:46 | INFO     | hermes.http | ← GET / 200 7.9ms
2026-05-04 21:48:46 | INFO     | hermes.http | ← GET /favicon.ico 200 9.7ms
2026-05-04 21:48:46 | INFO     | hermes.http | ← GET / 200 8.9ms
2026-05-04 21:48:46 | INFO     | hermes.http | ← GET / 200 8.6ms
2026-05-04 21:48:46 | INFO     | hermes.http | → GET /assets/index-DEM9CwQi.js
2026-05-04 21:48:46 | INFO     | hermes.http | → GET /assets/index-BG2zMAlz.css
2026-05-04 21:48:46 | INFO     | hermes.http | ← GET /assets/index-BG2zMAlz.css 200 1.4ms
2026-05-04 21:48:46 | INFO     | hermes.http | ← GET /assets/index-DEM9CwQi.js 200 2.8ms
2026-05-04 21:48:46 | INFO     | hermes.http | ← POST /api/videos/f897583c-0754-45da-9794-26e2697e12a4/characters/ef499e24-e417-439d-bfbe-1b3560fc392b/upload-sheet 400 118.4ms
2026-05-04 21:48:46 | INFO     | hermes.http | → GET /api/videos
2026-05-04 21:48:46 | INFO     | hermes.http | → GET /favicon.ico
2026-05-04 21:48:46 | INFO     | hermes.http | ← GET /favicon.ico 200 9.7ms
2026-05-04 21:48:46 | INFO     | hermes.http | ← GET /api/videos 200 15.6ms
2026-05-04 21:48:46 | INFO     | hermes.http | → GET /api/videos/f897583c-0754-45da-9794-26e2697e12a4
2026-05-04 21:48:46 | INFO     | hermes.http | → GET /api/videos/f897583c-0754-45da-9794-26e2697e12a4/timelines
2026-05-04 21:48:46 | INFO     | hermes.http | ← GET /api/videos/f897583c-0754-45da-9794-26e2697e12a4 200 89.0ms
2026-05-04 21:48:46 | INFO     | hermes.http | ← GET /api/videos/f897583c-0754-45da-9794-26e2697e12a4/timelines 200 102.3ms
2026-05-04 21:48:46 | INFO     | hermes.http | → GET /api/chat/3cc60e49-87df-43d7-9278-ba2a38cc90db/messages
2026-05-04 21:48:46 | INFO     | hermes.http | → GET /api/timelines/3cc60e49-87df-43d7-9278-ba2a38cc90db/manifest
2026-05-04 21:48:46 | INFO     | hermes.http | ← GET /api/chat/3cc60e49-87df-43d7-9278-ba2a38cc90db/messages 200 31.3ms
2026-05-04 21:48:46 | INFO     | hermes.http | ← GET /api/timelines/3cc60e49-87df-43d7-9278-ba2a38cc90db/manifest 200 33.7ms
2026-05-04 21:48:47 | INFO     | hermes | 日志文件：/Volumes/d/hermes/backend/storage/logs/hermes.log（级别 INFO）
2026-05-04 21:49:18 | INFO     | hermes.http | → GET /
2026-05-04 21:49:18 | INFO     | hermes.http | ← GET / 200 3.8ms
2026-05-04 21:49:18 | INFO     | hermes.http | → GET /assets/index-DEM9CwQi.js
2026-05-04 21:49:18 | INFO     | hermes.http | → GET /assets/index-BG2zMAlz.css
2026-05-04 21:49:18 | INFO     | hermes.http | ← GET /assets/index-DEM9CwQi.js 304 2.4ms
2026-05-04 21:49:18 | INFO     | hermes.http | ← GET /assets/index-BG2zMAlz.css 304 3.0ms
2026-05-04 21:49:18 | INFO     | hermes.http | → GET /api/videos
2026-05-04 21:49:18 | INFO     | hermes.http | → GET /favicon.ico
2026-05-04 21:49:18 | INFO     | hermes.http | ← GET /favicon.ico 200 20.4ms
2026-05-04 21:49:18 | INFO     | hermes.http | ← GET /api/videos 200 26.1ms
2026-05-04 21:49:18 | INFO     | hermes.http | → GET /api/videos/f897583c-0754-45da-9794-26e2697e12a4
2026-05-04 21:49:18 | INFO     | hermes.http | → GET /api/videos/f897583c-0754-45da-9794-26e2697e12a4/timelines
2026-05-04 21:49:18 | INFO     | hermes.http | ← GET /api/videos/f897583c-0754-45da-9794-26e2697e12a4 200 11.4ms
2026-05-04 21:49:18 | INFO     | hermes.http | ← GET /api/videos/f897583c-0754-45da-9794-26e2697e12a4/timelines 200 18.2ms
2026-05-04 21:49:18 | INFO     | hermes.http | → GET /api/chat/3cc60e49-87df-43d7-9278-ba2a38cc90db/messages
2026-05-04 21:49:18 | INFO     | hermes.http | → GET /api/timelines/3cc60e49-87df-43d7-9278-ba2a38cc90db/manifest
2026-05-04 21:49:18 | INFO     | hermes.http | ← GET /api/chat/3cc60e49-87df-43d7-9278-ba2a38cc90db/messages 200 25.1ms
2026-05-04 21:49:18 | INFO     | hermes.http | ← GET /api/timelines/3cc60e49-87df-43d7-9278-ba2a38cc90db/manifest 200 25.4ms
2026-05-04 21:49:23 | INFO     | hermes.http | → DELETE /api/chat/3cc60e49-87df-43d7-9278-ba2a38cc90db/messages
2026-05-04 21:49:23 | INFO     | app.routes.chat | 已清除对话 timeline=3cc60e49-87d deleted=2
2026-05-04 21:49:23 | INFO     | hermes.http | ← DELETE /api/chat/3cc60e49-87df-43d7-9278-ba2a38cc90db/messages 200 10.3ms
2026-05-04 21:49:36 | INFO     | hermes.http | → POST /api/chat
2026-05-04 21:49:48 | INFO     | app.routes.chat | 对话请求 intent=qa timeline=3cc60e49-87d play=9.29s profile=fast chars=6
2026-05-04 21:49:52 | INFO     | hermes.http | ← POST /api/chat 200 16290.1ms
2026-05-04 21:51:07 | INFO     | hermes | 日志文件：/Volumes/d/hermes/backend/storage/logs/hermes.log（级别 INFO）
2026-05-04 21:51:54 | INFO     | hermes.http | → GET /api/videos
2026-05-04 21:51:54 | INFO     | hermes.http | → GET /favicon.ico
2026-05-04 21:51:54 | INFO     | hermes.http | ← GET /favicon.ico 200 61.2ms
2026-05-04 21:51:54 | INFO     | hermes.http | ← GET /api/videos 200 73.3ms
2026-05-04 21:51:54 | INFO     | hermes.http | → GET /api/assets/shots
2026-05-04 21:51:54 | INFO     | hermes.http | → GET /api/assets/timelines
2026-05-04 21:51:54 | INFO     | hermes.http | → GET /api/videos/f897583c-0754-45da-9794-26e2697e12a4/characters
2026-05-04 21:51:54 | INFO     | hermes.http | ← GET /api/assets/shots 200 29.2ms
2026-05-04 21:51:54 | INFO     | hermes.http | ← GET /api/videos/f897583c-0754-45da-9794-26e2697e12a4/characters 200 33.1ms
2026-05-04 21:51:54 | INFO     | hermes.http | ← GET /api/assets/timelines 200 35.9ms
2026-05-04 21:51:55 | INFO     | hermes.http | → GET /api/videos
2026-05-04 21:51:55 | INFO     | hermes.http | ← GET /api/videos 200 3.9ms
2026-05-04 21:51:55 | INFO     | hermes.http | → GET /api/videos/f897583c-0754-45da-9794-26e2697e12a4
2026-05-04 21:51:55 | INFO     | hermes.http | → GET /api/videos/f897583c-0754-45da-9794-26e2697e12a4/timelines
2026-05-04 21:51:55 | INFO     | hermes.http | ← GET /api/videos/f897583c-0754-45da-9794-26e2697e12a4 200 9.4ms
2026-05-04 21:51:55 | INFO     | hermes.http | ← GET /api/videos/f897583c-0754-45da-9794-26e2697e12a4/timelines 200 11.2ms
2026-05-04 21:51:55 | INFO     | hermes.http | → GET /api/chat/3cc60e49-87df-43d7-9278-ba2a38cc90db/messages
2026-05-04 21:51:55 | INFO     | hermes.http | → GET /api/timelines/3cc60e49-87df-43d7-9278-ba2a38cc90db/manifest
2026-05-04 21:51:55 | INFO     | hermes.http | ← GET /api/chat/3cc60e49-87df-43d7-9278-ba2a38cc90db/messages 200 6.8ms
2026-05-04 21:51:55 | INFO     | hermes.http | ← GET /api/timelines/3cc60e49-87df-43d7-9278-ba2a38cc90db/manifest 200 7.2ms
2026-05-04 21:52:33 | INFO     | hermes.http | → POST /api/videos/upload
2026-05-04 21:52:34 | INFO     | app.services.analysis | 镜头分析 OpenAI 兼容多模态 video=神剑新开 index=0 file=0000.mp4
2026-05-04 21:52:34 | WARNING  | app.services.llm | LLM 请求失败，回退到 mock：Client error '404 Not Found' for url 'http://localhost:11434/api/chat/chat/completions'
For more information check: https://developer.mozilla.org/en-US/docs/Web/HTTP/Status/404
2026-05-04 21:52:35 | WARNING  | app.services.asr | ASR 请求失败：Client error '404 404 Page not found' for url 'https://api.minimaxi.com/v1/audio/transcriptions'
For more information check: https://developer.mozilla.org/en-US/docs/Web/HTTP/Status/404
2026-05-04 21:52:35 | ERROR    | app.routes.videos | 处理上传失败
Traceback (most recent call last):
  File "/Volumes/d/hermes/backend/app/routes/videos.py", line 50, in upload_video
    video, _timeline = ingest.ingest_pipeline(
  File "/Volumes/d/hermes/backend/app/services/ingest.py", line 186, in ingest_pipeline
    all_shots = slice_multi_granularity(db, video=video, granularities=granularities)
  File "/Volumes/d/hermes/backend/app/services/ingest.py", line 158, in slice_multi_granularity
    all_segments.extend(slice_segments(db, video=video, granularity=g, boundaries=boundaries))
  File "/Volumes/d/hermes/backend/app/services/ingest.py", line 91, in slice_segments
    seg = models.ShotSegment(
TypeError: app.models.ShotSegment() got multiple values for keyword argument 'audio_path'
2026-05-04 21:52:35 | INFO     | hermes.http | ← POST /api/videos/upload 500 1395.7ms
2026-05-04 21:53:12 | INFO     | hermes | 日志文件：/Volumes/d/hermes/backend/storage/logs/hermes.log（级别 INFO）
2026-05-04 21:53:31 | INFO     | hermes.http | → GET /upload
2026-05-04 21:53:31 | INFO     | hermes.http | ← GET /upload 200 5.1ms
2026-05-04 21:53:31 | INFO     | hermes.http | → GET /assets/index-DEM9CwQi.js
2026-05-04 21:53:31 | INFO     | hermes.http | → GET /assets/index-BG2zMAlz.css
2026-05-04 21:53:31 | INFO     | hermes.http | ← GET /assets/index-DEM9CwQi.js 304 3.3ms
2026-05-04 21:53:31 | INFO     | hermes.http | ← GET /assets/index-BG2zMAlz.css 304 2.9ms
2026-05-04 21:53:31 | INFO     | hermes.http | → GET /favicon.ico
2026-05-04 21:53:31 | INFO     | hermes.http | ← GET /favicon.ico 200 6.9ms
2026-05-04 21:53:58 | INFO     | hermes.http | → POST /api/videos/upload
2026-05-04 21:53:59 | INFO     | app.services.analysis | 镜头分析 OpenAI 兼容多模态 video=神剑新开 index=0 file=0000.mp4
2026-05-04 21:53:59 | WARNING  | app.services.llm | LLM 请求失败，回退到 mock：Client error '404 Not Found' for url 'http://localhost:11434/api/chat/chat/completions'
For more information check: https://developer.mozilla.org/en-US/docs/Web/HTTP/Status/404
2026-05-04 21:53:59 | WARNING  | app.services.asr | ASR 请求失败：Client error '404 404 Page not found' for url 'https://api.minimaxi.com/v1/audio/transcriptions'
For more information check: https://developer.mozilla.org/en-US/docs/Web/HTTP/Status/404
2026-05-04 21:54:00 | INFO     | app.services.analysis | 镜头分析 OpenAI 兼容多模态 video=神剑新开 index=1 file=0001.mp4
2026-05-04 21:54:00 | WARNING  | app.services.llm | LLM 请求失败，回退到 mock：Client error '404 Not Found' for url 'http://localhost:11434/api/chat/chat/completions'
For more information check: https://developer.mozilla.org/en-US/docs/Web/HTTP/Status/404
2026-05-04 21:54:00 | WARNING  | app.services.asr | ASR 请求失败：Client error '404 404 Page not found' for url 'https://api.minimaxi.com/v1/audio/transcriptions'
For more information check: https://developer.mozilla.org/en-US/docs/Web/HTTP/Status/404
2026-05-04 21:54:01 | INFO     | app.services.analysis | 镜头分析 OpenAI 兼容多模态 video=神剑新开 index=2 file=0002.mp4
2026-05-04 21:54:01 | WARNING  | app.services.llm | LLM 请求失败，回退到 mock：Client error '404 Not Found' for url 'http://localhost:11434/api/chat/chat/completions'
For more information check: https://developer.mozilla.org/en-US/docs/Web/HTTP/Status/404
2026-05-04 21:54:01 | WARNING  | app.services.asr | ASR 请求失败：Client error '404 404 Page not found' for url 'https://api.minimaxi.com/v1/audio/transcriptions'
For more information check: https://developer.mozilla.org/en-US/docs/Web/HTTP/Status/404
2026-05-04 21:54:02 | INFO     | app.services.analysis | 镜头分析 OpenAI 兼容多模态 video=神剑新开 index=3 file=0003.mp4
2026-05-04 21:54:02 | WARNING  | app.services.llm | LLM 请求失败，回退到 mock：Client error '404 Not Found' for url 'http://localhost:11434/api/chat/chat/completions'
For more information check: https://developer.mozilla.org/en-US/docs/Web/HTTP/Status/404
2026-05-04 21:54:02 | WARNING  | app.services.asr | ASR 请求失败：Client error '404 404 Page not found' for url 'https://api.minimaxi.com/v1/audio/transcriptions'
For more information check: https://developer.mozilla.org/en-US/docs/Web/HTTP/Status/404
2026-05-04 21:54:03 | INFO     | app.services.analysis | 镜头分析 OpenAI 兼容多模态 video=神剑新开 index=4 file=0004.mp4
2026-05-04 21:54:03 | WARNING  | app.services.llm | LLM 请求失败，回退到 mock：Client error '404 Not Found' for url 'http://localhost:11434/api/chat/chat/completions'
For more information check: https://developer.mozilla.org/en-US/docs/Web/HTTP/Status/404
2026-05-04 21:54:04 | WARNING  | app.services.asr | ASR 请求失败：Client error '404 404 Page not found' for url 'https://api.minimaxi.com/v1/audio/transcriptions'
For more information check: https://developer.mozilla.org/en-US/docs/Web/HTTP/Status/404
2026-05-04 21:54:04 | INFO     | app.services.analysis | 镜头分析 OpenAI 兼容多模态 video=神剑新开 index=5 file=0005.mp4
2026-05-04 21:54:04 | WARNING  | app.services.llm | LLM 请求失败，回退到 mock：Client error '404 Not Found' for url 'http://localhost:11434/api/chat/chat/completions'
For more information check: https://developer.mozilla.org/en-US/docs/Web/HTTP/Status/404
2026-05-04 21:54:04 | WARNING  | app.services.asr | ASR 请求失败：Client error '404 404 Page not found' for url 'https://api.minimaxi.com/v1/audio/transcriptions'
For more information check: https://developer.mozilla.org/en-US/docs/Web/HTTP/Status/404
2026-05-04 21:54:05 | INFO     | app.services.analysis | 镜头分析 OpenAI 兼容多模态 video=神剑新开 index=6 file=0006.mp4
2026-05-04 21:54:05 | WARNING  | app.services.llm | LLM 请求失败，回退到 mock：Client error '404 Not Found' for url 'http://localhost:11434/api/chat/chat/completions'
For more information check: https://developer.mozilla.org/en-US/docs/Web/HTTP/Status/404
2026-05-04 21:54:05 | WARNING  | app.services.asr | ASR 请求失败：Client error '404 404 Page not found' for url 'https://api.minimaxi.com/v1/audio/transcriptions'
For more information check: https://developer.mozilla.org/en-US/docs/Web/HTTP/Status/404
2026-05-04 21:54:06 | INFO     | app.services.analysis | 镜头分析 OpenAI 兼容多模态 video=神剑新开 index=7 file=0007.mp4
2026-05-04 21:54:06 | WARNING  | app.services.llm | LLM 请求失败，回退到 mock：Client error '404 Not Found' for url 'http://localhost:11434/api/chat/chat/completions'
For more information check: https://developer.mozilla.org/en-US/docs/Web/HTTP/Status/404
2026-05-04 21:54:06 | WARNING  | app.services.asr | ASR 请求失败：Client error '404 404 Page not found' for url 'https://api.minimaxi.com/v1/audio/transcriptions'
For more information check: https://developer.mozilla.org/en-US/docs/Web/HTTP/Status/404
2026-05-04 21:54:07 | INFO     | app.services.analysis | 镜头分析 OpenAI 兼容多模态 video=神剑新开 index=8 file=0008.mp4
2026-05-04 21:54:07 | WARNING  | app.services.llm | LLM 请求失败，回退到 mock：Client error '404 Not Found' for url 'http://localhost:11434/api/chat/chat/completions'
For more information check: https://developer.mozilla.org/en-US/docs/Web/HTTP/Status/404
2026-05-04 21:54:07 | WARNING  | app.services.asr | ASR 请求失败：Client error '404 404 Page not found' for url 'https://api.minimaxi.com/v1/audio/transcriptions'
For more information check: https://developer.mozilla.org/en-US/docs/Web/HTTP/Status/404
2026-05-04 21:54:07 | INFO     | app.services.analysis | 镜头分析 OpenAI 兼容多模态 video=神剑新开 index=9 file=0009.mp4
2026-05-04 21:54:07 | WARNING  | app.services.llm | LLM 请求失败，回退到 mock：Client error '404 Not Found' for url 'http://localhost:11434/api/chat/chat/completions'
For more information check: https://developer.mozilla.org/en-US/docs/Web/HTTP/Status/404
2026-05-04 21:54:08 | WARNING  | app.services.asr | ASR 请求失败：Client error '404 404 Page not found' for url 'https://api.minimaxi.com/v1/audio/transcriptions'
For more information check: https://developer.mozilla.org/en-US/docs/Web/HTTP/Status/404
2026-05-04 21:54:08 | INFO     | app.services.analysis | 镜头分析 OpenAI 兼容多模态 video=神剑新开 index=10 file=0010.mp4
2026-05-04 21:54:08 | WARNING  | app.services.llm | LLM 请求失败，回退到 mock：Client error '404 Not Found' for url 'http://localhost:11434/api/chat/chat/completions'
For more information check: https://developer.mozilla.org/en-US/docs/Web/HTTP/Status/404
2026-05-04 21:54:09 | WARNING  | app.services.asr | ASR 请求失败：Client error '404 404 Page not found' for url 'https://api.minimaxi.com/v1/audio/transcriptions'
For more information check: https://developer.mozilla.org/en-US/docs/Web/HTTP/Status/404
2026-05-04 21:54:09 | INFO     | app.services.analysis | 镜头分析 OpenAI 兼容多模态 video=神剑新开 index=11 file=0011.mp4
2026-05-04 21:54:09 | WARNING  | app.services.llm | LLM 请求失败，回退到 mock：Client error '404 Not Found' for url 'http://localhost:11434/api/chat/chat/completions'
For more information check: https://developer.mozilla.org/en-US/docs/Web/HTTP/Status/404
2026-05-04 21:54:10 | WARNING  | app.services.asr | ASR 请求失败：Client error '404 404 Page not found' for url 'https://api.minimaxi.com/v1/audio/transcriptions'
For more information check: https://developer.mozilla.org/en-US/docs/Web/HTTP/Status/404
2026-05-04 21:54:10 | INFO     | app.services.analysis | 镜头分析 OpenAI 兼容多模态 video=神剑新开 index=12 file=0012.mp4
2026-05-04 21:54:10 | WARNING  | app.services.llm | LLM 请求失败，回退到 mock：Client error '404 Not Found' for url 'http://localhost:11434/api/chat/chat/completions'
For more information check: https://developer.mozilla.org/en-US/docs/Web/HTTP/Status/404
2026-05-04 21:54:10 | WARNING  | app.services.asr | ASR 请求失败：Client error '404 404 Page not found' for url 'https://api.minimaxi.com/v1/audio/transcriptions'
For more information check: https://developer.mozilla.org/en-US/docs/Web/HTTP/Status/404
2026-05-04 21:54:11 | INFO     | app.services.analysis | 镜头分析 OpenAI 兼容多模态 video=神剑新开 index=13 file=0013.mp4
2026-05-04 21:54:11 | WARNING  | app.services.llm | LLM 请求失败，回退到 mock：Client error '404 Not Found' for url 'http://localhost:11434/api/chat/chat/completions'
For more information check: https://developer.mozilla.org/en-US/docs/Web/HTTP/Status/404
2026-05-04 21:54:11 | WARNING  | app.services.asr | ASR 请求失败：Client error '404 404 Page not found' for url 'https://api.minimaxi.com/v1/audio/transcriptions'
For more information check: https://developer.mozilla.org/en-US/docs/Web/HTTP/Status/404
2026-05-04 21:54:12 | INFO     | app.services.analysis | 镜头分析 OpenAI 兼容多模态 video=神剑新开 index=14 file=0014.mp4
2026-05-04 21:54:12 | WARNING  | app.services.llm | LLM 请求失败，回退到 mock：Client error '404 Not Found' for url 'http://localhost:11434/api/chat/chat/completions'
For more information check: https://developer.mozilla.org/en-US/docs/Web/HTTP/Status/404
2026-05-04 21:54:12 | WARNING  | app.services.asr | ASR 请求失败：Client error '404 404 Page not found' for url 'https://api.minimaxi.com/v1/audio/transcriptions'
For more information check: https://developer.mozilla.org/en-US/docs/Web/HTTP/Status/404
2026-05-04 21:54:13 | INFO     | app.services.analysis | 镜头分析 OpenAI 兼容多模态 video=神剑新开 index=15 file=0015.mp4
2026-05-04 21:54:13 | WARNING  | app.services.llm | LLM 请求失败，回退到 mock：Client error '404 Not Found' for url 'http://localhost:11434/api/chat/chat/completions'
For more information check: https://developer.mozilla.org/en-US/docs/Web/HTTP/Status/404
2026-05-04 21:54:13 | WARNING  | app.services.asr | ASR 请求失败：Client error '404 404 Page not found' for url 'https://api.minimaxi.com/v1/audio/transcriptions'
For more information check: https://developer.mozilla.org/en-US/docs/Web/HTTP/Status/404
2026-05-04 21:54:14 | INFO     | app.services.analysis | 镜头分析 OpenAI 兼容多模态 video=神剑新开 index=16 file=0016.mp4
2026-05-04 21:54:14 | WARNING  | app.services.llm | LLM 请求失败，回退到 mock：Client error '404 Not Found' for url 'http://localhost:11434/api/chat/chat/completions'
For more information check: https://developer.mozilla.org/en-US/docs/Web/HTTP/Status/404
2026-05-04 21:54:14 | WARNING  | app.services.asr | ASR 请求失败：Client error '404 404 Page not found' for url 'https://api.minimaxi.com/v1/audio/transcriptions'
For more information check: https://developer.mozilla.org/en-US/docs/Web/HTTP/Status/404
2026-05-04 21:54:14 | INFO     | app.services.analysis | 镜头分析 OpenAI 兼容多模态 video=神剑新开 index=17 file=0017.mp4
2026-05-04 21:54:14 | WARNING  | app.services.llm | LLM 请求失败，回退到 mock：Client error '404 Not Found' for url 'http://localhost:11434/api/chat/chat/completions'
For more information check: https://developer.mozilla.org/en-US/docs/Web/HTTP/Status/404
2026-05-04 21:54:15 | WARNING  | app.services.asr | ASR 请求失败：Client error '404 404 Page not found' for url 'https://api.minimaxi.com/v1/audio/transcriptions'
For more information check: https://developer.mozilla.org/en-US/docs/Web/HTTP/Status/404
2026-05-04 21:54:15 | INFO     | app.services.analysis | 镜头分析 OpenAI 兼容多模态 video=神剑新开 index=18 file=0018.mp4
2026-05-04 21:54:15 | WARNING  | app.services.llm | LLM 请求失败，回退到 mock：Client error '404 Not Found' for url 'http://localhost:11434/api/chat/chat/completions'
For more information check: https://developer.mozilla.org/en-US/docs/Web/HTTP/Status/404
2026-05-04 21:54:16 | WARNING  | app.services.asr | ASR 请求失败：Client error '404 404 Page not found' for url 'https://api.minimaxi.com/v1/audio/transcriptions'
For more information check: https://developer.mozilla.org/en-US/docs/Web/HTTP/Status/404
2026-05-04 21:54:16 | INFO     | app.services.analysis | 镜头分析 OpenAI 兼容多模态 video=神剑新开 index=19 file=0019.mp4
2026-05-04 21:54:16 | WARNING  | app.services.llm | LLM 请求失败，回退到 mock：Client error '404 Not Found' for url 'http://localhost:11434/api/chat/chat/completions'
For more information check: https://developer.mozilla.org/en-US/docs/Web/HTTP/Status/404
2026-05-04 21:54:17 | WARNING  | app.services.asr | ASR 请求失败：Client error '404 404 Page not found' for url 'https://api.minimaxi.com/v1/audio/transcriptions'
For more information check: https://developer.mozilla.org/en-US/docs/Web/HTTP/Status/404
2026-05-04 21:54:17 | INFO     | app.services.analysis | 镜头分析 OpenAI 兼容多模态 video=神剑新开 index=20 file=0020.mp4
2026-05-04 21:54:17 | WARNING  | app.services.llm | LLM 请求失败，回退到 mock：Client error '404 Not Found' for url 'http://localhost:11434/api/chat/chat/completions'
For more information check: https://developer.mozilla.org/en-US/docs/Web/HTTP/Status/404
2026-05-04 21:54:18 | WARNING  | app.services.asr | ASR 请求失败：Client error '404 404 Page not found' for url 'https://api.minimaxi.com/v1/audio/transcriptions'
For more information check: https://developer.mozilla.org/en-US/docs/Web/HTTP/Status/404
2026-05-04 21:54:18 | INFO     | app.services.analysis | 镜头分析 OpenAI 兼容多模态 video=神剑新开 index=21 file=0021.mp4
2026-05-04 21:54:18 | WARNING  | app.services.llm | LLM 请求失败，回退到 mock：Client error '404 Not Found' for url 'http://localhost:11434/api/chat/chat/completions'
For more information check: https://developer.mozilla.org/en-US/docs/Web/HTTP/Status/404
2026-05-04 21:54:18 | WARNING  | app.services.asr | ASR 请求失败：Client error '404 404 Page not found' for url 'https://api.minimaxi.com/v1/audio/transcriptions'
For more information check: https://developer.mozilla.org/en-US/docs/Web/HTTP/Status/404
2026-05-04 21:54:19 | INFO     | app.services.analysis | 镜头分析 OpenAI 兼容多模态 video=神剑新开 index=22 file=0022.mp4
2026-05-04 21:54:19 | WARNING  | app.services.llm | LLM 请求失败，回退到 mock：Client error '404 Not Found' for url 'http://localhost:11434/api/chat/chat/completions'
For more information check: https://developer.mozilla.org/en-US/docs/Web/HTTP/Status/404
2026-05-04 21:54:20 | WARNING  | app.services.asr | ASR 请求失败：Client error '404 404 Page not found' for url 'https://api.minimaxi.com/v1/audio/transcriptions'
For more information check: https://developer.mozilla.org/en-US/docs/Web/HTTP/Status/404
2026-05-04 21:54:20 | INFO     | app.services.analysis | 镜头分析 OpenAI 兼容多模态 video=神剑新开 index=23 file=0023.mp4
2026-05-04 21:54:20 | WARNING  | app.services.llm | LLM 请求失败，回退到 mock：Client error '404 Not Found' for url 'http://localhost:11434/api/chat/chat/completions'
For more information check: https://developer.mozilla.org/en-US/docs/Web/HTTP/Status/404
2026-05-04 21:54:21 | WARNING  | app.services.asr | ASR 请求失败：Client error '404 404 Page not found' for url 'https://api.minimaxi.com/v1/audio/transcriptions'
For more information check: https://developer.mozilla.org/en-US/docs/Web/HTTP/Status/404
2026-05-04 21:54:21 | INFO     | app.services.analysis | 镜头分析 OpenAI 兼容多模态 video=神剑新开 index=24 file=0024.mp4
2026-05-04 21:54:21 | WARNING  | app.services.llm | LLM 请求失败，回退到 mock：Client error '404 Not Found' for url 'http://localhost:11434/api/chat/chat/completions'
For more information check: https://developer.mozilla.org/en-US/docs/Web/HTTP/Status/404
2026-05-04 21:54:21 | WARNING  | app.services.asr | ASR 请求失败：Client error '404 404 Page not found' for url 'https://api.minimaxi.com/v1/audio/transcriptions'
For more information check: https://developer.mozilla.org/en-US/docs/Web/HTTP/Status/404
2026-05-04 21:54:22 | INFO     | app.services.analysis | 镜头分析 OpenAI 兼容多模态 video=神剑新开 index=25 file=0025.mp4
2026-05-04 21:54:22 | WARNING  | app.services.llm | LLM 请求失败，回退到 mock：Client error '404 Not Found' for url 'http://localhost:11434/api/chat/chat/completions'
For more information check: https://developer.mozilla.org/en-US/docs/Web/HTTP/Status/404
2026-05-04 21:54:22 | WARNING  | app.services.asr | ASR 请求失败：Client error '404 404 Page not found' for url 'https://api.minimaxi.com/v1/audio/transcriptions'
For more information check: https://developer.mozilla.org/en-US/docs/Web/HTTP/Status/404
2026-05-04 21:54:23 | INFO     | app.services.analysis | 镜头分析 OpenAI 兼容多模态 video=神剑新开 index=26 file=0026.mp4
2026-05-04 21:54:23 | WARNING  | app.services.llm | LLM 请求失败，回退到 mock：Client error '404 Not Found' for url 'http://localhost:11434/api/chat/chat/completions'
For more information check: https://developer.mozilla.org/en-US/docs/Web/HTTP/Status/404
2026-05-04 21:54:23 | WARNING  | app.services.asr | ASR 请求失败：Client error '404 404 Page not found' for url 'https://api.minimaxi.com/v1/audio/transcriptions'
For more information check: https://developer.mozilla.org/en-US/docs/Web/HTTP/Status/404
2026-05-04 21:54:24 | INFO     | app.services.analysis | 镜头分析 OpenAI 兼容多模态 video=神剑新开 index=27 file=0027.mp4
2026-05-04 21:54:24 | WARNING  | app.services.llm | LLM 请求失败，回退到 mock：Client error '404 Not Found' for url 'http://localhost:11434/api/chat/chat/completions'
For more information check: https://developer.mozilla.org/en-US/docs/Web/HTTP/Status/404
2026-05-04 21:54:24 | WARNING  | app.services.asr | ASR 请求失败：Client error '404 404 Page not found' for url 'https://api.minimaxi.com/v1/audio/transcriptions'
For more information check: https://developer.mozilla.org/en-US/docs/Web/HTTP/Status/404
2026-05-04 21:54:25 | INFO     | app.services.analysis | 镜头分析 OpenAI 兼容多模态 video=神剑新开 index=28 file=0028.mp4
2026-05-04 21:54:25 | WARNING  | app.services.llm | LLM 请求失败，回退到 mock：Client error '404 Not Found' for url 'http://localhost:11434/api/chat/chat/completions'
For more information check: https://developer.mozilla.org/en-US/docs/Web/HTTP/Status/404
2026-05-04 21:54:25 | WARNING  | app.services.asr | ASR 请求失败：Client error '404 404 Page not found' for url 'https://api.minimaxi.com/v1/audio/transcriptions'
For more information check: https://developer.mozilla.org/en-US/docs/Web/HTTP/Status/404
2026-05-04 21:54:26 | INFO     | app.services.analysis | 镜头分析 OpenAI 兼容多模态 video=神剑新开 index=29 file=0029.mp4
2026-05-04 21:54:26 | WARNING  | app.services.llm | LLM 请求失败，回退到 mock：Client error '404 Not Found' for url 'http://localhost:11434/api/chat/chat/completions'
For more information check: https://developer.mozilla.org/en-US/docs/Web/HTTP/Status/404
2026-05-04 21:54:26 | WARNING  | app.services.asr | ASR 请求失败：Client error '404 404 Page not found' for url 'https://api.minimaxi.com/v1/audio/transcriptions'
For more information check: https://developer.mozilla.org/en-US/docs/Web/HTTP/Status/404
2026-05-04 21:54:27 | INFO     | app.services.analysis | 镜头分析 OpenAI 兼容多模态 video=神剑新开 index=30 file=0030.mp4
2026-05-04 21:54:27 | WARNING  | app.services.llm | LLM 请求失败，回退到 mock：Client error '404 Not Found' for url 'http://localhost:11434/api/chat/chat/completions'
For more information check: https://developer.mozilla.org/en-US/docs/Web/HTTP/Status/404
2026-05-04 21:54:27 | WARNING  | app.services.asr | ASR 请求失败：Client error '404 404 Page not found' for url 'https://api.minimaxi.com/v1/audio/transcriptions'
For more information check: https://developer.mozilla.org/en-US/docs/Web/HTTP/Status/404
2026-05-04 21:54:28 | INFO     | app.services.analysis | 镜头分析 OpenAI 兼容多模态 video=神剑新开 index=31 file=0031.mp4
2026-05-04 21:54:28 | WARNING  | app.services.llm | LLM 请求失败，回退到 mock：Client error '404 Not Found' for url 'http://localhost:11434/api/chat/chat/completions'
For more information check: https://developer.mozilla.org/en-US/docs/Web/HTTP/Status/404
2026-05-04 21:54:28 | WARNING  | app.services.asr | ASR 请求失败：Client error '404 404 Page not found' for url 'https://api.minimaxi.com/v1/audio/transcriptions'
For more information check: https://developer.mozilla.org/en-US/docs/Web/HTTP/Status/404
2026-05-04 21:54:28 | INFO     | app.services.analysis | 镜头分析 OpenAI 兼容多模态 video=神剑新开 index=32 file=0032.mp4
2026-05-04 21:54:28 | WARNING  | app.services.llm | LLM 请求失败，回退到 mock：Client error '404 Not Found' for url 'http://localhost:11434/api/chat/chat/completions'
For more information check: https://developer.mozilla.org/en-US/docs/Web/HTTP/Status/404
2026-05-04 21:54:29 | WARNING  | app.services.asr | ASR 请求失败：Client error '404 404 Page not found' for url 'https://api.minimaxi.com/v1/audio/transcriptions'
For more information check: https://developer.mozilla.org/en-US/docs/Web/HTTP/Status/404
2026-05-04 21:54:29 | INFO     | app.services.analysis | 镜头分析 OpenAI 兼容多模态 video=神剑新开 index=33 file=0033.mp4
2026-05-04 21:54:29 | WARNING  | app.services.llm | LLM 请求失败，回退到 mock：Client error '404 Not Found' for url 'http://localhost:11434/api/chat/chat/completions'
For more information check: https://developer.mozilla.org/en-US/docs/Web/HTTP/Status/404
2026-05-04 21:54:29 | WARNING  | app.services.asr | ASR 请求失败：Client error '404 404 Page not found' for url 'https://api.minimaxi.com/v1/audio/transcriptions'
For more information check: https://developer.mozilla.org/en-US/docs/Web/HTTP/Status/404
2026-05-04 21:54:30 | INFO     | app.services.analysis | 镜头分析 OpenAI 兼容多模态 video=神剑新开 index=0 file=0000.mp4
2026-05-04 21:54:30 | WARNING  | app.services.llm | LLM 请求失败，回退到 mock：Client error '404 Not Found' for url 'http://localhost:11434/api/chat/chat/completions'
For more information check: https://developer.mozilla.org/en-US/docs/Web/HTTP/Status/404
2026-05-04 21:54:31 | WARNING  | app.services.asr | ASR 请求失败：Client error '404 404 Page not found' for url 'https://api.minimaxi.com/v1/audio/transcriptions'
For more information check: https://developer.mozilla.org/en-US/docs/Web/HTTP/Status/404
2026-05-04 21:54:31 | INFO     | app.services.analysis | 镜头分析 OpenAI 兼容多模态 video=神剑新开 index=1 file=0001.mp4
2026-05-04 21:54:31 | WARNING  | app.services.llm | LLM 请求失败，回退到 mock：Client error '404 Not Found' for url 'http://localhost:11434/api/chat/chat/completions'
For more information check: https://developer.mozilla.org/en-US/docs/Web/HTTP/Status/404
2026-05-04 21:54:32 | WARNING  | app.services.asr | ASR 请求失败：Client error '404 404 Page not found' for url 'https://api.minimaxi.com/v1/audio/transcriptions'
For more information check: https://developer.mozilla.org/en-US/docs/Web/HTTP/Status/404
2026-05-04 21:54:32 | INFO     | app.services.analysis | 镜头分析 OpenAI 兼容多模态 video=神剑新开 index=2 file=0002.mp4
2026-05-04 21:54:32 | WARNING  | app.services.llm | LLM 请求失败，回退到 mock：Client error '404 Not Found' for url 'http://localhost:11434/api/chat/chat/completions'
For more information check: https://developer.mozilla.org/en-US/docs/Web/HTTP/Status/404
2026-05-04 21:54:33 | WARNING  | app.services.asr | ASR 请求失败：Client error '404 404 Page not found' for url 'https://api.minimaxi.com/v1/audio/transcriptions'
For more information check: https://developer.mozilla.org/en-US/docs/Web/HTTP/Status/404
2026-05-04 21:54:34 | INFO     | app.services.analysis | 镜头分析 OpenAI 兼容多模态 video=神剑新开 index=3 file=0003.mp4
2026-05-04 21:54:34 | WARNING  | app.services.llm | LLM 请求失败，回退到 mock：Client error '404 Not Found' for url 'http://localhost:11434/api/chat/chat/completions'
For more information check: https://developer.mozilla.org/en-US/docs/Web/HTTP/Status/404
2026-05-04 21:54:35 | WARNING  | app.services.asr | ASR 请求失败：Client error '404 404 Page not found' for url 'https://api.minimaxi.com/v1/audio/transcriptions'
For more information check: https://developer.mozilla.org/en-US/docs/Web/HTTP/Status/404
2026-05-04 21:54:35 | INFO     | app.services.analysis | 镜头分析 OpenAI 兼容多模态 video=神剑新开 index=4 file=0004.mp4
2026-05-04 21:54:35 | WARNING  | app.services.llm | LLM 请求失败，回退到 mock：Client error '404 Not Found' for url 'http://localhost:11434/api/chat/chat/completions'
For more information check: https://developer.mozilla.org/en-US/docs/Web/HTTP/Status/404
2026-05-04 21:54:36 | WARNING  | app.services.asr | ASR 请求失败：Client error '404 404 Page not found' for url 'https://api.minimaxi.com/v1/audio/transcriptions'
For more information check: https://developer.mozilla.org/en-US/docs/Web/HTTP/Status/404
2026-05-04 21:54:36 | INFO     | app.services.analysis | 镜头分析 OpenAI 兼容多模态 video=神剑新开 index=5 file=0005.mp4
2026-05-04 21:54:36 | WARNING  | app.services.llm | LLM 请求失败，回退到 mock：Client error '404 Not Found' for url 'http://localhost:11434/api/chat/chat/completions'
For more information check: https://developer.mozilla.org/en-US/docs/Web/HTTP/Status/404
2026-05-04 21:54:37 | WARNING  | app.services.asr | ASR 请求失败：Client error '404 404 Page not found' for url 'https://api.minimaxi.com/v1/audio/transcriptions'
For more information check: https://developer.mozilla.org/en-US/docs/Web/HTTP/Status/404
2026-05-04 21:54:38 | INFO     | app.services.analysis | 镜头分析 OpenAI 兼容多模态 video=神剑新开 index=6 file=0006.mp4
2026-05-04 21:54:38 | WARNING  | app.services.llm | LLM 请求失败，回退到 mock：Client error '404 Not Found' for url 'http://localhost:11434/api/chat/chat/completions'
For more information check: https://developer.mozilla.org/en-US/docs/Web/HTTP/Status/404
2026-05-04 21:54:38 | WARNING  | app.services.asr | ASR 请求失败：Client error '404 404 Page not found' for url 'https://api.minimaxi.com/v1/audio/transcriptions'
For more information check: https://developer.mozilla.org/en-US/docs/Web/HTTP/Status/404
2026-05-04 21:54:39 | INFO     | app.services.analysis | 镜头分析 OpenAI 兼容多模态 video=神剑新开 index=7 file=0007.mp4
2026-05-04 21:54:39 | WARNING  | app.services.llm | LLM 请求失败，回退到 mock：Client error '404 Not Found' for url 'http://localhost:11434/api/chat/chat/completions'
For more information check: https://developer.mozilla.org/en-US/docs/Web/HTTP/Status/404
2026-05-04 21:54:39 | WARNING  | app.services.asr | ASR 请求失败：Client error '404 404 Page not found' for url 'https://api.minimaxi.com/v1/audio/transcriptions'
For more information check: https://developer.mozilla.org/en-US/docs/Web/HTTP/Status/404
2026-05-04 21:54:40 | INFO     | app.services.analysis | 镜头分析 OpenAI 兼容多模态 video=神剑新开 index=8 file=0008.mp4
2026-05-04 21:54:40 | WARNING  | app.services.llm | LLM 请求失败，回退到 mock：Client error '404 Not Found' for url 'http://localhost:11434/api/chat/chat/completions'
For more information check: https://developer.mozilla.org/en-US/docs/Web/HTTP/Status/404
2026-05-04 21:54:41 | WARNING  | app.services.asr | ASR 请求失败：Client error '404 404 Page not found' for url 'https://api.minimaxi.com/v1/audio/transcriptions'
For more information check: https://developer.mozilla.org/en-US/docs/Web/HTTP/Status/404
2026-05-04 21:54:42 | INFO     | app.services.analysis | 镜头分析 OpenAI 兼容多模态 video=神剑新开 index=9 file=0009.mp4
2026-05-04 21:54:42 | WARNING  | app.services.llm | LLM 请求失败，回退到 mock：Client error '404 Not Found' for url 'http://localhost:11434/api/chat/chat/completions'
For more information check: https://developer.mozilla.org/en-US/docs/Web/HTTP/Status/404
2026-05-04 21:54:42 | WARNING  | app.services.asr | ASR 请求失败：Client error '404 404 Page not found' for url 'https://api.minimaxi.com/v1/audio/transcriptions'
For more information check: https://developer.mozilla.org/en-US/docs/Web/HTTP/Status/404
2026-05-04 21:54:43 | INFO     | app.services.analysis | 镜头分析 OpenAI 兼容多模态 video=神剑新开 index=10 file=0010.mp4
2026-05-04 21:54:43 | WARNING  | app.services.llm | LLM 请求失败，回退到 mock：Client error '404 Not Found' for url 'http://localhost:11434/api/chat/chat/completions'
For more information check: https://developer.mozilla.org/en-US/docs/Web/HTTP/Status/404
2026-05-04 21:54:43 | WARNING  | app.services.asr | ASR 请求失败：Client error '404 404 Page not found' for url 'https://api.minimaxi.com/v1/audio/transcriptions'
For more information check: https://developer.mozilla.org/en-US/docs/Web/HTTP/Status/404
2026-05-04 21:54:44 | INFO     | app.services.analysis | 镜头分析 OpenAI 兼容多模态 video=神剑新开 index=11 file=0011.mp4
2026-05-04 21:54:44 | WARNING  | app.services.llm | LLM 请求失败，回退到 mock：Client error '404 Not Found' for url 'http://localhost:11434/api/chat/chat/completions'
For more information check: https://developer.mozilla.org/en-US/docs/Web/HTTP/Status/404
2026-05-04 21:54:44 | WARNING  | app.services.asr | ASR 请求失败：Client error '404 404 Page not found' for url 'https://api.minimaxi.com/v1/audio/transcriptions'
For more information check: https://developer.mozilla.org/en-US/docs/Web/HTTP/Status/404
2026-05-04 21:54:45 | INFO     | app.services.analysis | 镜头分析 OpenAI 兼容多模态 video=神剑新开 index=12 file=0012.mp4
2026-05-04 21:54:45 | WARNING  | app.services.llm | LLM 请求失败，回退到 mock：Client error '404 Not Found' for url 'http://localhost:11434/api/chat/chat/completions'
For more information check: https://developer.mozilla.org/en-US/docs/Web/HTTP/Status/404
2026-05-04 21:54:46 | WARNING  | app.services.asr | ASR 请求失败：Client error '404 404 Page not found' for url 'https://api.minimaxi.com/v1/audio/transcriptions'
For more information check: https://developer.mozilla.org/en-US/docs/Web/HTTP/Status/404
2026-05-04 21:54:47 | INFO     | app.services.analysis | 镜头分析 OpenAI 兼容多模态 video=神剑新开 index=13 file=0013.mp4
2026-05-04 21:54:47 | WARNING  | app.services.llm | LLM 请求失败，回退到 mock：Client error '404 Not Found' for url 'http://localhost:11434/api/chat/chat/completions'
For more information check: https://developer.mozilla.org/en-US/docs/Web/HTTP/Status/404
2026-05-04 21:54:47 | WARNING  | app.services.asr | ASR 请求失败：Client error '404 404 Page not found' for url 'https://api.minimaxi.com/v1/audio/transcriptions'
For more information check: https://developer.mozilla.org/en-US/docs/Web/HTTP/Status/404
2026-05-04 21:54:48 | INFO     | app.services.analysis | 镜头分析 OpenAI 兼容多模态 video=神剑新开 index=14 file=0014.mp4
2026-05-04 21:54:48 | WARNING  | app.services.llm | LLM 请求失败，回退到 mock：Client error '404 Not Found' for url 'http://localhost:11434/api/chat/chat/completions'
For more information check: https://developer.mozilla.org/en-US/docs/Web/HTTP/Status/404
2026-05-04 21:54:48 | WARNING  | app.services.asr | ASR 请求失败：Client error '404 404 Page not found' for url 'https://api.minimaxi.com/v1/audio/transcriptions'
For more information check: https://developer.mozilla.org/en-US/docs/Web/HTTP/Status/404
2026-05-04 21:54:49 | INFO     | app.services.analysis | 镜头分析 OpenAI 兼容多模态 video=神剑新开 index=15 file=0015.mp4
2026-05-04 21:54:49 | WARNING  | app.services.llm | LLM 请求失败，回退到 mock：Client error '404 Not Found' for url 'http://localhost:11434/api/chat/chat/completions'
For more information check: https://developer.mozilla.org/en-US/docs/Web/HTTP/Status/404
2026-05-04 21:54:50 | WARNING  | app.services.asr | ASR 请求失败：Client error '404 404 Page not found' for url 'https://api.minimaxi.com/v1/audio/transcriptions'
For more information check: https://developer.mozilla.org/en-US/docs/Web/HTTP/Status/404
2026-05-04 21:54:51 | INFO     | app.services.analysis | 镜头分析 OpenAI 兼容多模态 video=神剑新开 index=16 file=0016.mp4
2026-05-04 21:54:51 | WARNING  | app.services.llm | LLM 请求失败，回退到 mock：Client error '404 Not Found' for url 'http://localhost:11434/api/chat/chat/completions'
For more information check: https://developer.mozilla.org/en-US/docs/Web/HTTP/Status/404
2026-05-04 21:54:51 | WARNING  | app.services.asr | ASR 请求失败：Client error '404 404 Page not found' for url 'https://api.minimaxi.com/v1/audio/transcriptions'
For more information check: https://developer.mozilla.org/en-US/docs/Web/HTTP/Status/404
2026-05-04 21:54:52 | INFO     | app.services.analysis | 镜头分析 OpenAI 兼容多模态 video=神剑新开 index=17 file=0017.mp4
2026-05-04 21:54:52 | WARNING  | app.services.llm | LLM 请求失败，回退到 mock：Client error '404 Not Found' for url 'http://localhost:11434/api/chat/chat/completions'
For more information check: https://developer.mozilla.org/en-US/docs/Web/HTTP/Status/404
2026-05-04 21:54:52 | WARNING  | app.services.asr | ASR 请求失败：Client error '404 404 Page not found' for url 'https://api.minimaxi.com/v1/audio/transcriptions'
For more information check: https://developer.mozilla.org/en-US/docs/Web/HTTP/Status/404
2026-05-04 21:54:53 | INFO     | app.services.analysis | 镜头分析 OpenAI 兼容多模态 video=神剑新开 index=18 file=0018.mp4
2026-05-04 21:54:53 | WARNING  | app.services.llm | LLM 请求失败，回退到 mock：Client error '404 Not Found' for url 'http://localhost:11434/api/chat/chat/completions'
For more information check: https://developer.mozilla.org/en-US/docs/Web/HTTP/Status/404
2026-05-04 21:54:53 | WARNING  | app.services.asr | ASR 请求失败：Client error '404 404 Page not found' for url 'https://api.minimaxi.com/v1/audio/transcriptions'
For more information check: https://developer.mozilla.org/en-US/docs/Web/HTTP/Status/404
2026-05-04 21:54:54 | INFO     | app.services.analysis | 镜头分析 OpenAI 兼容多模态 video=神剑新开 index=19 file=0019.mp4
2026-05-04 21:54:54 | WARNING  | app.services.llm | LLM 请求失败，回退到 mock：Client error '404 Not Found' for url 'http://localhost:11434/api/chat/chat/completions'
For more information check: https://developer.mozilla.org/en-US/docs/Web/HTTP/Status/404
2026-05-04 21:54:54 | WARNING  | app.services.asr | ASR 请求失败：Client error '404 404 Page not found' for url 'https://api.minimaxi.com/v1/audio/transcriptions'
For more information check: https://developer.mozilla.org/en-US/docs/Web/HTTP/Status/404
2026-05-04 21:54:57 | INFO     | app.services.analysis | 镜头分析 OpenAI 兼容多模态 video=神剑新开 index=0 file=0000.mp4
2026-05-04 21:54:57 | WARNING  | app.services.llm | LLM 请求失败，回退到 mock：Client error '404 Not Found' for url 'http://localhost:11434/api/chat/chat/completions'
For more information check: https://developer.mozilla.org/en-US/docs/Web/HTTP/Status/404
2026-05-04 21:54:57 | WARNING  | app.services.asr | ASR 请求失败：Client error '404 404 Page not found' for url 'https://api.minimaxi.com/v1/audio/transcriptions'
For more information check: https://developer.mozilla.org/en-US/docs/Web/HTTP/Status/404
2026-05-04 21:55:00 | INFO     | app.services.analysis | 镜头分析 OpenAI 兼容多模态 video=神剑新开 index=1 file=0001.mp4
2026-05-04 21:55:00 | WARNING  | app.services.llm | LLM 请求失败，回退到 mock：Client error '404 Not Found' for url 'http://localhost:11434/api/chat/chat/completions'
For more information check: https://developer.mozilla.org/en-US/docs/Web/HTTP/Status/404
2026-05-04 21:55:00 | WARNING  | app.services.asr | ASR 请求失败：Client error '404 404 Page not found' for url 'https://api.minimaxi.com/v1/audio/transcriptions'
For more information check: https://developer.mozilla.org/en-US/docs/Web/HTTP/Status/404
2026-05-04 21:55:03 | INFO     | app.services.analysis | 镜头分析 OpenAI 兼容多模态 video=神剑新开 index=2 file=0002.mp4
2026-05-04 21:55:03 | WARNING  | app.services.llm | LLM 请求失败，回退到 mock：Client error '404 Not Found' for url 'http://localhost:11434/api/chat/chat/completions'
For more information check: https://developer.mozilla.org/en-US/docs/Web/HTTP/Status/404
2026-05-04 21:55:04 | WARNING  | app.services.asr | ASR 请求失败：Client error '404 404 Page not found' for url 'https://api.minimaxi.com/v1/audio/transcriptions'
For more information check: https://developer.mozilla.org/en-US/docs/Web/HTTP/Status/404
2026-05-04 21:55:07 | INFO     | app.services.analysis | 镜头分析 OpenAI 兼容多模态 video=神剑新开 index=3 file=0003.mp4
2026-05-04 21:55:07 | WARNING  | app.services.llm | LLM 请求失败，回退到 mock：Client error '404 Not Found' for url 'http://localhost:11434/api/chat/chat/completions'
For more information check: https://developer.mozilla.org/en-US/docs/Web/HTTP/Status/404
2026-05-04 21:55:08 | WARNING  | app.services.asr | ASR 请求失败：Client error '404 404 Page not found' for url 'https://api.minimaxi.com/v1/audio/transcriptions'
For more information check: https://developer.mozilla.org/en-US/docs/Web/HTTP/Status/404
2026-05-04 21:55:11 | INFO     | app.services.analysis | 镜头分析 OpenAI 兼容多模态 video=神剑新开 index=4 file=0004.mp4
2026-05-04 21:55:11 | WARNING  | app.services.llm | LLM 请求失败，回退到 mock：Client error '404 Not Found' for url 'http://localhost:11434/api/chat/chat/completions'
For more information check: https://developer.mozilla.org/en-US/docs/Web/HTTP/Status/404
2026-05-04 21:55:11 | WARNING  | app.services.asr | ASR 请求失败：Client error '404 404 Page not found' for url 'https://api.minimaxi.com/v1/audio/transcriptions'
For more information check: https://developer.mozilla.org/en-US/docs/Web/HTTP/Status/404
2026-05-04 21:55:13 | INFO     | app.services.analysis | 镜头分析 OpenAI 兼容多模态 video=神剑新开 index=0 file=0000.mp4
2026-05-04 21:55:13 | WARNING  | app.services.llm | LLM 请求失败，回退到 mock：Client error '404 Not Found' for url 'http://localhost:11434/api/chat/chat/completions'
For more information check: https://developer.mozilla.org/en-US/docs/Web/HTTP/Status/404
2026-05-04 21:55:14 | WARNING  | app.services.asr | ASR 请求失败：Client error '404 404 Page not found' for url 'https://api.minimaxi.com/v1/audio/transcriptions'
For more information check: https://developer.mozilla.org/en-US/docs/Web/HTTP/Status/404
2026-05-04 21:55:15 | INFO     | app.services.analysis | 镜头分析 OpenAI 兼容多模态 video=神剑新开 index=1 file=0001.mp4
2026-05-04 21:55:15 | WARNING  | app.services.llm | LLM 请求失败，回退到 mock：Client error '404 Not Found' for url 'http://localhost:11434/api/chat/chat/completions'
For more information check: https://developer.mozilla.org/en-US/docs/Web/HTTP/Status/404
2026-05-04 21:55:15 | WARNING  | app.services.asr | ASR 请求失败：Client error '404 404 Page not found' for url 'https://api.minimaxi.com/v1/audio/transcriptions'
For more information check: https://developer.mozilla.org/en-US/docs/Web/HTTP/Status/404
2026-05-04 21:55:16 | INFO     | app.services.analysis | 镜头分析 OpenAI 兼容多模态 video=神剑新开 index=2 file=0002.mp4
2026-05-04 21:55:16 | WARNING  | app.services.llm | LLM 请求失败，回退到 mock：Client error '404 Not Found' for url 'http://localhost:11434/api/chat/chat/completions'
For more information check: https://developer.mozilla.org/en-US/docs/Web/HTTP/Status/404
2026-05-04 21:55:17 | WARNING  | app.services.asr | ASR 请求失败：Client error '404 404 Page not found' for url 'https://api.minimaxi.com/v1/audio/transcriptions'
For more information check: https://developer.mozilla.org/en-US/docs/Web/HTTP/Status/404
2026-05-04 21:55:18 | INFO     | app.services.analysis | 镜头分析 OpenAI 兼容多模态 video=神剑新开 index=3 file=0003.mp4
2026-05-04 21:55:18 | WARNING  | app.services.llm | LLM 请求失败，回退到 mock：Client error '404 Not Found' for url 'http://localhost:11434/api/chat/chat/completions'
For more information check: https://developer.mozilla.org/en-US/docs/Web/HTTP/Status/404
2026-05-04 21:55:18 | WARNING  | app.services.asr | ASR 请求失败：Client error '404 404 Page not found' for url 'https://api.minimaxi.com/v1/audio/transcriptions'
For more information check: https://developer.mozilla.org/en-US/docs/Web/HTTP/Status/404
2026-05-04 21:55:19 | INFO     | app.services.analysis | 镜头分析 OpenAI 兼容多模态 video=神剑新开 index=4 file=0004.mp4
2026-05-04 21:55:19 | WARNING  | app.services.llm | LLM 请求失败，回退到 mock：Client error '404 Not Found' for url 'http://localhost:11434/api/chat/chat/completions'
For more information check: https://developer.mozilla.org/en-US/docs/Web/HTTP/Status/404
2026-05-04 21:55:19 | WARNING  | app.services.asr | ASR 请求失败：Client error '404 404 Page not found' for url 'https://api.minimaxi.com/v1/audio/transcriptions'
For more information check: https://developer.mozilla.org/en-US/docs/Web/HTTP/Status/404
2026-05-04 21:55:20 | INFO     | app.services.analysis | 镜头分析 OpenAI 兼容多模态 video=神剑新开 index=5 file=0005.mp4
2026-05-04 21:55:20 | WARNING  | app.services.llm | LLM 请求失败，回退到 mock：Client error '404 Not Found' for url 'http://localhost:11434/api/chat/chat/completions'
For more information check: https://developer.mozilla.org/en-US/docs/Web/HTTP/Status/404
2026-05-04 21:55:20 | WARNING  | app.services.asr | ASR 请求失败：Client error '404 404 Page not found' for url 'https://api.minimaxi.com/v1/audio/transcriptions'
For more information check: https://developer.mozilla.org/en-US/docs/Web/HTTP/Status/404
2026-05-04 21:55:21 | INFO     | app.services.analysis | 镜头分析 OpenAI 兼容多模态 video=神剑新开 index=6 file=0006.mp4
2026-05-04 21:55:21 | WARNING  | app.services.llm | LLM 请求失败，回退到 mock：Client error '404 Not Found' for url 'http://localhost:11434/api/chat/chat/completions'
For more information check: https://developer.mozilla.org/en-US/docs/Web/HTTP/Status/404
2026-05-04 21:55:22 | WARNING  | app.services.asr | ASR 请求失败：Client error '404 404 Page not found' for url 'https://api.minimaxi.com/v1/audio/transcriptions'
For more information check: https://developer.mozilla.org/en-US/docs/Web/HTTP/Status/404
2026-05-04 21:55:22 | INFO     | app.services.analysis | 镜头分析 OpenAI 兼容多模态 video=神剑新开 index=7 file=0007.mp4
2026-05-04 21:55:22 | WARNING  | app.services.llm | LLM 请求失败，回退到 mock：Client error '404 Not Found' for url 'http://localhost:11434/api/chat/chat/completions'
For more information check: https://developer.mozilla.org/en-US/docs/Web/HTTP/Status/404
2026-05-04 21:55:23 | WARNING  | app.services.asr | ASR 请求失败：Client error '404 404 Page not found' for url 'https://api.minimaxi.com/v1/audio/transcriptions'
For more information check: https://developer.mozilla.org/en-US/docs/Web/HTTP/Status/404
2026-05-04 21:55:23 | INFO     | app.services.analysis | 镜头分析 OpenAI 兼容多模态 video=神剑新开 index=8 file=0008.mp4
2026-05-04 21:55:24 | WARNING  | app.services.llm | LLM 请求失败，回退到 mock：Client error '404 Not Found' for url 'http://localhost:11434/api/chat/chat/completions'
For more information check: https://developer.mozilla.org/en-US/docs/Web/HTTP/Status/404
2026-05-04 21:55:24 | WARNING  | app.services.asr | ASR 请求失败：Client error '404 404 Page not found' for url 'https://api.minimaxi.com/v1/audio/transcriptions'
For more information check: https://developer.mozilla.org/en-US/docs/Web/HTTP/Status/404
2026-05-04 21:55:25 | INFO     | app.services.analysis | 镜头分析 OpenAI 兼容多模态 video=神剑新开 index=9 file=0009.mp4
2026-05-04 21:55:25 | WARNING  | app.services.llm | LLM 请求失败，回退到 mock：Client error '404 Not Found' for url 'http://localhost:11434/api/chat/chat/completions'
For more information check: https://developer.mozilla.org/en-US/docs/Web/HTTP/Status/404
2026-05-04 21:55:25 | WARNING  | app.services.asr | ASR 请求失败：Client error '404 404 Page not found' for url 'https://api.minimaxi.com/v1/audio/transcriptions'
For more information check: https://developer.mozilla.org/en-US/docs/Web/HTTP/Status/404
2026-05-04 21:55:26 | INFO     | app.services.analysis | 镜头分析 OpenAI 兼容多模态 video=神剑新开 index=10 file=0010.mp4
2026-05-04 21:55:26 | WARNING  | app.services.llm | LLM 请求失败，回退到 mock：Client error '404 Not Found' for url 'http://localhost:11434/api/chat/chat/completions'
For more information check: https://developer.mozilla.org/en-US/docs/Web/HTTP/Status/404
2026-05-04 21:55:27 | WARNING  | app.services.asr | ASR 请求失败：Client error '404 404 Page not found' for url 'https://api.minimaxi.com/v1/audio/transcriptions'
For more information check: https://developer.mozilla.org/en-US/docs/Web/HTTP/Status/404
2026-05-04 21:55:27 | INFO     | app.services.analysis | 镜头分析 OpenAI 兼容多模态 video=神剑新开 index=11 file=0011.mp4
2026-05-04 21:55:27 | WARNING  | app.services.llm | LLM 请求失败，回退到 mock：Client error '404 Not Found' for url 'http://localhost:11434/api/chat/chat/completions'
For more information check: https://developer.mozilla.org/en-US/docs/Web/HTTP/Status/404
2026-05-04 21:55:28 | WARNING  | app.services.asr | ASR 请求失败：Client error '404 404 Page not found' for url 'https://api.minimaxi.com/v1/audio/transcriptions'
For more information check: https://developer.mozilla.org/en-US/docs/Web/HTTP/Status/404
2026-05-04 21:55:29 | INFO     | app.services.analysis | 镜头分析 OpenAI 兼容多模态 video=神剑新开 index=12 file=0012.mp4
2026-05-04 21:55:29 | WARNING  | app.services.llm | LLM 请求失败，回退到 mock：Client error '404 Not Found' for url 'http://localhost:11434/api/chat/chat/completions'
For more information check: https://developer.mozilla.org/en-US/docs/Web/HTTP/Status/404
2026-05-04 21:55:29 | WARNING  | app.services.asr | ASR 请求失败：Client error '404 404 Page not found' for url 'https://api.minimaxi.com/v1/audio/transcriptions'
For more information check: https://developer.mozilla.org/en-US/docs/Web/HTTP/Status/404
2026-05-04 21:55:30 | INFO     | app.services.analysis | 镜头分析 OpenAI 兼容多模态 video=神剑新开 index=13 file=0013.mp4
2026-05-04 21:55:30 | WARNING  | app.services.llm | LLM 请求失败，回退到 mock：Client error '404 Not Found' for url 'http://localhost:11434/api/chat/chat/completions'
For more information check: https://developer.mozilla.org/en-US/docs/Web/HTTP/Status/404
2026-05-04 21:55:30 | WARNING  | app.services.asr | ASR 请求失败：Client error '404 404 Page not found' for url 'https://api.minimaxi.com/v1/audio/transcriptions'
For more information check: https://developer.mozilla.org/en-US/docs/Web/HTTP/Status/404
2026-05-04 21:55:31 | INFO     | app.services.analysis | 镜头分析 OpenAI 兼容多模态 video=神剑新开 index=14 file=0014.mp4
2026-05-04 21:55:31 | WARNING  | app.services.llm | LLM 请求失败，回退到 mock：Client error '404 Not Found' for url 'http://localhost:11434/api/chat/chat/completions'
For more information check: https://developer.mozilla.org/en-US/docs/Web/HTTP/Status/404
2026-05-04 21:55:32 | WARNING  | app.services.asr | ASR 请求失败：Client error '404 404 Page not found' for url 'https://api.minimaxi.com/v1/audio/transcriptions'
For more information check: https://developer.mozilla.org/en-US/docs/Web/HTTP/Status/404
2026-05-04 21:55:32 | INFO     | app.services.analysis | 镜头分析 OpenAI 兼容多模态 video=神剑新开 index=15 file=0015.mp4
2026-05-04 21:55:32 | WARNING  | app.services.llm | LLM 请求失败，回退到 mock：Client error '404 Not Found' for url 'http://localhost:11434/api/chat/chat/completions'
For more information check: https://developer.mozilla.org/en-US/docs/Web/HTTP/Status/404
2026-05-04 21:55:33 | WARNING  | app.services.asr | ASR 请求失败：Client error '404 404 Page not found' for url 'https://api.minimaxi.com/v1/audio/transcriptions'
For more information check: https://developer.mozilla.org/en-US/docs/Web/HTTP/Status/404
2026-05-04 21:55:33 | INFO     | app.services.analysis | 镜头分析 OpenAI 兼容多模态 video=神剑新开 index=16 file=0016.mp4
2026-05-04 21:55:33 | WARNING  | app.services.llm | LLM 请求失败，回退到 mock：Client error '404 Not Found' for url 'http://localhost:11434/api/chat/chat/completions'
For more information check: https://developer.mozilla.org/en-US/docs/Web/HTTP/Status/404
2026-05-04 21:55:34 | WARNING  | app.services.asr | ASR 请求失败：Client error '404 404 Page not found' for url 'https://api.minimaxi.com/v1/audio/transcriptions'
For more information check: https://developer.mozilla.org/en-US/docs/Web/HTTP/Status/404
2026-05-04 21:55:44 | INFO     | app.services.character_library | 角色库已重建 video=dc7266b7-c17 rows=0 granularity=None
2026-05-04 21:55:44 | INFO     | hermes.http | ← POST /api/videos/upload 200 105518.4ms
2026-05-04 21:55:45 | INFO     | hermes | 日志文件：/Volumes/d/hermes/backend/storage/logs/hermes.log（级别 INFO）
2026-05-04 21:55:45 | INFO     | hermes.http | → GET /api/videos/dc7266b7-c17e-4977-9146-8774e0d4e167
2026-05-04 21:55:45 | INFO     | hermes.http | → GET /api/videos/dc7266b7-c17e-4977-9146-8774e0d4e167/timelines
2026-05-04 21:55:45 | INFO     | hermes.http | → GET /favicon.ico
2026-05-04 21:55:45 | INFO     | hermes.http | ← GET /api/videos/dc7266b7-c17e-4977-9146-8774e0d4e167 200 5.7ms
2026-05-04 21:55:45 | INFO     | hermes.http | ← GET /favicon.ico 200 7.3ms
2026-05-04 21:55:45 | INFO     | hermes.http | ← GET /api/videos/dc7266b7-c17e-4977-9146-8774e0d4e167/timelines 200 7.7ms
2026-05-04 21:55:45 | INFO     | hermes.http | → GET /api/chat/9c9996c9-87f9-409c-be73-61a35fae832c/messages
2026-05-04 21:55:45 | INFO     | hermes.http | → GET /api/timelines/9c9996c9-87f9-409c-be73-61a35fae832c/manifest
2026-05-04 21:55:45 | INFO     | hermes.http | ← GET /api/chat/9c9996c9-87f9-409c-be73-61a35fae832c/messages 200 3.3ms
2026-05-04 21:55:45 | INFO     | hermes.http | ← GET /api/timelines/9c9996c9-87f9-409c-be73-61a35fae832c/manifest 200 3.4ms
2026-05-04 21:55:48 | INFO     | hermes.http | → GET /api/videos
2026-05-04 21:55:48 | INFO     | hermes.http | ← GET /api/videos 200 5.9ms
2026-05-04 21:55:48 | INFO     | hermes.http | → GET /api/assets/shots
2026-05-04 21:55:48 | INFO     | hermes.http | → GET /api/assets/timelines
2026-05-04 21:55:48 | INFO     | hermes.http | → GET /api/videos/dc7266b7-c17e-4977-9146-8774e0d4e167/characters
2026-05-04 21:55:48 | INFO     | hermes.http | ← GET /api/assets/shots 200 16.9ms
2026-05-04 21:55:48 | INFO     | hermes.http | ← GET /api/videos/dc7266b7-c17e-4977-9146-8774e0d4e167/characters 200 15.6ms
2026-05-04 21:55:48 | INFO     | hermes.http | ← GET /api/assets/timelines 200 19.7ms
2026-05-04 21:56:29 | INFO     | hermes.http | → POST /api/videos/upload
2026-05-04 21:56:29 | INFO     | app.services.analysis | 镜头分析 OpenAI 兼容多模态 video=神剑2 index=0 file=0000.mp4
2026-05-04 21:56:29 | WARNING  | app.services.llm | LLM 请求失败，回退到 mock：Client error '404 Not Found' for url 'http://localhost:11434/v1/chat/completions'
For more information check: https://developer.mozilla.org/en-US/docs/Web/HTTP/Status/404
2026-05-04 21:56:30 | WARNING  | app.services.asr | ASR 请求失败：Client error '404 404 Page not found' for url 'https://api.minimaxi.com/v1/audio/transcriptions'
For more information check: https://developer.mozilla.org/en-US/docs/Web/HTTP/Status/404
2026-05-04 21:56:30 | INFO     | app.services.analysis | 镜头分析 OpenAI 兼容多模态 video=神剑2 index=1 file=0001.mp4
2026-05-04 21:56:30 | WARNING  | app.services.llm | LLM 请求失败，回退到 mock：Client error '404 Not Found' for url 'http://localhost:11434/v1/chat/completions'
For more information check: https://developer.mozilla.org/en-US/docs/Web/HTTP/Status/404
2026-05-04 21:56:31 | WARNING  | app.services.asr | ASR 请求失败：Client error '404 404 Page not found' for url 'https://api.minimaxi.com/v1/audio/transcriptions'
For more information check: https://developer.mozilla.org/en-US/docs/Web/HTTP/Status/404
2026-05-04 21:56:31 | INFO     | app.services.analysis | 镜头分析 OpenAI 兼容多模态 video=神剑2 index=2 file=0002.mp4
2026-05-04 21:56:31 | WARNING  | app.services.llm | LLM 请求失败，回退到 mock：Client error '404 Not Found' for url 'http://localhost:11434/v1/chat/completions'
For more information check: https://developer.mozilla.org/en-US/docs/Web/HTTP/Status/404
2026-05-04 21:56:32 | WARNING  | app.services.asr | ASR 请求失败：Client error '404 404 Page not found' for url 'https://api.minimaxi.com/v1/audio/transcriptions'
For more information check: https://developer.mozilla.org/en-US/docs/Web/HTTP/Status/404
2026-05-04 21:56:32 | INFO     | app.services.analysis | 镜头分析 OpenAI 兼容多模态 video=神剑2 index=3 file=0003.mp4
2026-05-04 21:56:32 | WARNING  | app.services.llm | LLM 请求失败，回退到 mock：Client error '404 Not Found' for url 'http://localhost:11434/v1/chat/completions'
For more information check: https://developer.mozilla.org/en-US/docs/Web/HTTP/Status/404
2026-05-04 21:56:33 | WARNING  | app.services.asr | ASR 请求失败：Client error '404 404 Page not found' for url 'https://api.minimaxi.com/v1/audio/transcriptions'
For more information check: https://developer.mozilla.org/en-US/docs/Web/HTTP/Status/404
2026-05-04 21:56:33 | INFO     | app.services.analysis | 镜头分析 OpenAI 兼容多模态 video=神剑2 index=4 file=0004.mp4
2026-05-04 21:56:33 | WARNING  | app.services.llm | LLM 请求失败，回退到 mock：Client error '404 Not Found' for url 'http://localhost:11434/v1/chat/completions'
For more information check: https://developer.mozilla.org/en-US/docs/Web/HTTP/Status/404
2026-05-04 21:56:34 | WARNING  | app.services.asr | ASR 请求失败：Client error '404 404 Page not found' for url 'https://api.minimaxi.com/v1/audio/transcriptions'
For more information check: https://developer.mozilla.org/en-US/docs/Web/HTTP/Status/404
2026-05-04 21:56:34 | INFO     | app.services.analysis | 镜头分析 OpenAI 兼容多模态 video=神剑2 index=5 file=0005.mp4
2026-05-04 21:56:34 | WARNING  | app.services.llm | LLM 请求失败，回退到 mock：Client error '404 Not Found' for url 'http://localhost:11434/v1/chat/completions'
For more information check: https://developer.mozilla.org/en-US/docs/Web/HTTP/Status/404
2026-05-04 21:56:35 | WARNING  | app.services.asr | ASR 请求失败：Client error '404 404 Page not found' for url 'https://api.minimaxi.com/v1/audio/transcriptions'
For more information check: https://developer.mozilla.org/en-US/docs/Web/HTTP/Status/404
2026-05-04 21:56:35 | INFO     | app.services.analysis | 镜头分析 OpenAI 兼容多模态 video=神剑2 index=6 file=0006.mp4
2026-05-04 21:56:35 | WARNING  | app.services.llm | LLM 请求失败，回退到 mock：Client error '404 Not Found' for url 'http://localhost:11434/v1/chat/completions'
For more information check: https://developer.mozilla.org/en-US/docs/Web/HTTP/Status/404
2026-05-04 21:56:36 | WARNING  | app.services.asr | ASR 请求失败：Client error '404 404 Page not found' for url 'https://api.minimaxi.com/v1/audio/transcriptions'
For more information check: https://developer.mozilla.org/en-US/docs/Web/HTTP/Status/404
2026-05-04 21:56:36 | INFO     | app.services.analysis | 镜头分析 OpenAI 兼容多模态 video=神剑2 index=7 file=0007.mp4
2026-05-04 21:56:36 | WARNING  | app.services.llm | LLM 请求失败，回退到 mock：Client error '404 Not Found' for url 'http://localhost:11434/v1/chat/completions'
For more information check: https://developer.mozilla.org/en-US/docs/Web/HTTP/Status/404
2026-05-04 21:56:37 | WARNING  | app.services.asr | ASR 请求失败：Client error '404 404 Page not found' for url 'https://api.minimaxi.com/v1/audio/transcriptions'
For more information check: https://developer.mozilla.org/en-US/docs/Web/HTTP/Status/404
2026-05-04 21:56:37 | INFO     | app.services.analysis | 镜头分析 OpenAI 兼容多模态 video=神剑2 index=8 file=0008.mp4
2026-05-04 21:56:37 | WARNING  | app.services.llm | LLM 请求失败，回退到 mock：Client error '404 Not Found' for url 'http://localhost:11434/v1/chat/completions'
For more information check: https://developer.mozilla.org/en-US/docs/Web/HTTP/Status/404
2026-05-04 21:56:38 | WARNING  | app.services.asr | ASR 请求失败：Client error '404 404 Page not found' for url 'https://api.minimaxi.com/v1/audio/transcriptions'
For more information check: https://developer.mozilla.org/en-US/docs/Web/HTTP/Status/404
2026-05-04 21:56:38 | INFO     | app.services.analysis | 镜头分析 OpenAI 兼容多模态 video=神剑2 index=9 file=0009.mp4
2026-05-04 21:56:38 | WARNING  | app.services.llm | LLM 请求失败，回退到 mock：Client error '404 Not Found' for url 'http://localhost:11434/v1/chat/completions'
For more information check: https://developer.mozilla.org/en-US/docs/Web/HTTP/Status/404
2026-05-04 21:56:39 | WARNING  | app.services.asr | ASR 请求失败：Client error '404 404 Page not found' for url 'https://api.minimaxi.com/v1/audio/transcriptions'
For more information check: https://developer.mozilla.org/en-US/docs/Web/HTTP/Status/404
2026-05-04 21:56:40 | INFO     | app.services.analysis | 镜头分析 OpenAI 兼容多模态 video=神剑2 index=10 file=0010.mp4
2026-05-04 21:56:40 | WARNING  | app.services.llm | LLM 请求失败，回退到 mock：Client error '404 Not Found' for url 'http://localhost:11434/v1/chat/completions'
For more information check: https://developer.mozilla.org/en-US/docs/Web/HTTP/Status/404
2026-05-04 21:56:40 | WARNING  | app.services.asr | ASR 请求失败：Client error '404 404 Page not found' for url 'https://api.minimaxi.com/v1/audio/transcriptions'
For more information check: https://developer.mozilla.org/en-US/docs/Web/HTTP/Status/404
2026-05-04 21:56:40 | INFO     | app.services.analysis | 镜头分析 OpenAI 兼容多模态 video=神剑2 index=11 file=0011.mp4
2026-05-04 21:56:40 | WARNING  | app.services.llm | LLM 请求失败，回退到 mock：Client error '404 Not Found' for url 'http://localhost:11434/v1/chat/completions'
For more information check: https://developer.mozilla.org/en-US/docs/Web/HTTP/Status/404
2026-05-04 21:56:41 | WARNING  | app.services.asr | ASR 请求失败：Client error '404 404 Page not found' for url 'https://api.minimaxi.com/v1/audio/transcriptions'
For more information check: https://developer.mozilla.org/en-US/docs/Web/HTTP/Status/404
2026-05-04 21:56:41 | INFO     | app.services.analysis | 镜头分析 OpenAI 兼容多模态 video=神剑2 index=12 file=0012.mp4
2026-05-04 21:56:41 | WARNING  | app.services.llm | LLM 请求失败，回退到 mock：Client error '404 Not Found' for url 'http://localhost:11434/v1/chat/completions'
For more information check: https://developer.mozilla.org/en-US/docs/Web/HTTP/Status/404
2026-05-04 21:56:42 | WARNING  | app.services.asr | ASR 请求失败：Client error '404 404 Page not found' for url 'https://api.minimaxi.com/v1/audio/transcriptions'
For more information check: https://developer.mozilla.org/en-US/docs/Web/HTTP/Status/404
2026-05-04 21:56:42 | INFO     | app.services.analysis | 镜头分析 OpenAI 兼容多模态 video=神剑2 index=13 file=0013.mp4
2026-05-04 21:56:42 | WARNING  | app.services.llm | LLM 请求失败，回退到 mock：Client error '404 Not Found' for url 'http://localhost:11434/v1/chat/completions'
For more information check: https://developer.mozilla.org/en-US/docs/Web/HTTP/Status/404
2026-05-04 21:56:43 | WARNING  | app.services.asr | ASR 请求失败：Client error '404 404 Page not found' for url 'https://api.minimaxi.com/v1/audio/transcriptions'
For more information check: https://developer.mozilla.org/en-US/docs/Web/HTTP/Status/404
2026-05-04 21:56:43 | INFO     | app.services.analysis | 镜头分析 OpenAI 兼容多模态 video=神剑2 index=14 file=0014.mp4
2026-05-04 21:56:43 | WARNING  | app.services.llm | LLM 请求失败，回退到 mock：Client error '404 Not Found' for url 'http://localhost:11434/v1/chat/completions'
For more information check: https://developer.mozilla.org/en-US/docs/Web/HTTP/Status/404
2026-05-04 21:56:44 | WARNING  | app.services.asr | ASR 请求失败：Client error '404 404 Page not found' for url 'https://api.minimaxi.com/v1/audio/transcriptions'
For more information check: https://developer.mozilla.org/en-US/docs/Web/HTTP/Status/404
2026-05-04 21:56:44 | INFO     | app.services.analysis | 镜头分析 OpenAI 兼容多模态 video=神剑2 index=15 file=0015.mp4
2026-05-04 21:56:44 | WARNING  | app.services.llm | LLM 请求失败，回退到 mock：Client error '404 Not Found' for url 'http://localhost:11434/v1/chat/completions'
For more information check: https://developer.mozilla.org/en-US/docs/Web/HTTP/Status/404
2026-05-04 21:56:45 | WARNING  | app.services.asr | ASR 请求失败：Client error '404 404 Page not found' for url 'https://api.minimaxi.com/v1/audio/transcriptions'
For more information check: https://developer.mozilla.org/en-US/docs/Web/HTTP/Status/404
2026-05-04 21:56:45 | INFO     | app.services.analysis | 镜头分析 OpenAI 兼容多模态 video=神剑2 index=16 file=0016.mp4
2026-05-04 21:56:45 | WARNING  | app.services.llm | LLM 请求失败，回退到 mock：Client error '404 Not Found' for url 'http://localhost:11434/v1/chat/completions'
For more information check: https://developer.mozilla.org/en-US/docs/Web/HTTP/Status/404
2026-05-04 21:56:46 | WARNING  | app.services.asr | ASR 请求失败：Client error '404 404 Page not found' for url 'https://api.minimaxi.com/v1/audio/transcriptions'
For more information check: https://developer.mozilla.org/en-US/docs/Web/HTTP/Status/404
2026-05-04 21:56:47 | INFO     | app.services.analysis | 镜头分析 OpenAI 兼容多模态 video=神剑2 index=17 file=0017.mp4
2026-05-04 21:56:47 | WARNING  | app.services.llm | LLM 请求失败，回退到 mock：Client error '404 Not Found' for url 'http://localhost:11434/v1/chat/completions'
For more information check: https://developer.mozilla.org/en-US/docs/Web/HTTP/Status/404
2026-05-04 21:56:47 | WARNING  | app.services.asr | ASR 请求失败：Client error '404 404 Page not found' for url 'https://api.minimaxi.com/v1/audio/transcriptions'
For more information check: https://developer.mozilla.org/en-US/docs/Web/HTTP/Status/404
2026-05-04 21:56:48 | INFO     | app.services.analysis | 镜头分析 OpenAI 兼容多模态 video=神剑2 index=18 file=0018.mp4
2026-05-04 21:56:48 | WARNING  | app.services.llm | LLM 请求失败，回退到 mock：Client error '404 Not Found' for url 'http://localhost:11434/v1/chat/completions'
For more information check: https://developer.mozilla.org/en-US/docs/Web/HTTP/Status/404
2026-05-04 21:56:48 | WARNING  | app.services.asr | ASR 请求失败：Client error '404 404 Page not found' for url 'https://api.minimaxi.com/v1/audio/transcriptions'
For more information check: https://developer.mozilla.org/en-US/docs/Web/HTTP/Status/404
2026-05-04 21:56:49 | INFO     | app.services.analysis | 镜头分析 OpenAI 兼容多模态 video=神剑2 index=19 file=0019.mp4
2026-05-04 21:56:49 | WARNING  | app.services.llm | LLM 请求失败，回退到 mock：Client error '404 Not Found' for url 'http://localhost:11434/v1/chat/completions'
For more information check: https://developer.mozilla.org/en-US/docs/Web/HTTP/Status/404
2026-05-04 21:56:49 | WARNING  | app.services.asr | ASR 请求失败：Client error '404 404 Page not found' for url 'https://api.minimaxi.com/v1/audio/transcriptions'
For more information check: https://developer.mozilla.org/en-US/docs/Web/HTTP/Status/404
2026-05-04 21:56:50 | INFO     | app.services.analysis | 镜头分析 OpenAI 兼容多模态 video=神剑2 index=20 file=0020.mp4
2026-05-04 21:56:50 | WARNING  | app.services.llm | LLM 请求失败，回退到 mock：Client error '404 Not Found' for url 'http://localhost:11434/v1/chat/completions'
For more information check: https://developer.mozilla.org/en-US/docs/Web/HTTP/Status/404
2026-05-04 21:56:50 | WARNING  | app.services.asr | ASR 请求失败：Client error '404 404 Page not found' for url 'https://api.minimaxi.com/v1/audio/transcriptions'
For more information check: https://developer.mozilla.org/en-US/docs/Web/HTTP/Status/404
2026-05-04 21:56:51 | INFO     | app.services.analysis | 镜头分析 OpenAI 兼容多模态 video=神剑2 index=21 file=0021.mp4
2026-05-04 21:56:51 | WARNING  | app.services.llm | LLM 请求失败，回退到 mock：Client error '404 Not Found' for url 'http://localhost:11434/v1/chat/completions'
For more information check: https://developer.mozilla.org/en-US/docs/Web/HTTP/Status/404
2026-05-04 21:56:51 | WARNING  | app.services.asr | ASR 请求失败：Client error '404 404 Page not found' for url 'https://api.minimaxi.com/v1/audio/transcriptions'
For more information check: https://developer.mozilla.org/en-US/docs/Web/HTTP/Status/404
2026-05-04 21:56:52 | INFO     | app.services.analysis | 镜头分析 OpenAI 兼容多模态 video=神剑2 index=22 file=0022.mp4
2026-05-04 21:56:52 | WARNING  | app.services.llm | LLM 请求失败，回退到 mock：Client error '404 Not Found' for url 'http://localhost:11434/v1/chat/completions'
For more information check: https://developer.mozilla.org/en-US/docs/Web/HTTP/Status/404
2026-05-04 21:56:52 | WARNING  | app.services.asr | ASR 请求失败：Client error '404 404 Page not found' for url 'https://api.minimaxi.com/v1/audio/transcriptions'
For more information check: https://developer.mozilla.org/en-US/docs/Web/HTTP/Status/404
2026-05-04 21:56:53 | INFO     | app.services.analysis | 镜头分析 OpenAI 兼容多模态 video=神剑2 index=23 file=0023.mp4
2026-05-04 21:56:53 | WARNING  | app.services.llm | LLM 请求失败，回退到 mock：Client error '404 Not Found' for url 'http://localhost:11434/v1/chat/completions'
For more information check: https://developer.mozilla.org/en-US/docs/Web/HTTP/Status/404
2026-05-04 21:56:53 | WARNING  | app.services.asr | ASR 请求失败：Client error '404 404 Page not found' for url 'https://api.minimaxi.com/v1/audio/transcriptions'
For more information check: https://developer.mozilla.org/en-US/docs/Web/HTTP/Status/404
2026-05-04 21:56:54 | INFO     | app.services.analysis | 镜头分析 OpenAI 兼容多模态 video=神剑2 index=24 file=0024.mp4
2026-05-04 21:56:54 | WARNING  | app.services.llm | LLM 请求失败，回退到 mock：Client error '404 Not Found' for url 'http://localhost:11434/v1/chat/completions'
For more information check: https://developer.mozilla.org/en-US/docs/Web/HTTP/Status/404
2026-05-04 21:56:54 | WARNING  | app.services.asr | ASR 请求失败：Client error '404 404 Page not found' for url 'https://api.minimaxi.com/v1/audio/transcriptions'
For more information check: https://developer.mozilla.org/en-US/docs/Web/HTTP/Status/404
2026-05-04 21:56:55 | INFO     | app.services.analysis | 镜头分析 OpenAI 兼容多模态 video=神剑2 index=25 file=0025.mp4
2026-05-04 21:56:55 | WARNING  | app.services.llm | LLM 请求失败，回退到 mock：Client error '404 Not Found' for url 'http://localhost:11434/v1/chat/completions'
For more information check: https://developer.mozilla.org/en-US/docs/Web/HTTP/Status/404
2026-05-04 21:56:55 | WARNING  | app.services.asr | ASR 请求失败：Client error '404 404 Page not found' for url 'https://api.minimaxi.com/v1/audio/transcriptions'
For more information check: https://developer.mozilla.org/en-US/docs/Web/HTTP/Status/404
2026-05-04 21:56:56 | INFO     | app.services.analysis | 镜头分析 OpenAI 兼容多模态 video=神剑2 index=26 file=0026.mp4
2026-05-04 21:56:56 | WARNING  | app.services.llm | LLM 请求失败，回退到 mock：Client error '404 Not Found' for url 'http://localhost:11434/v1/chat/completions'
For more information check: https://developer.mozilla.org/en-US/docs/Web/HTTP/Status/404
2026-05-04 21:56:56 | WARNING  | app.services.asr | ASR 请求失败：Client error '404 404 Page not found' for url 'https://api.minimaxi.com/v1/audio/transcriptions'
For more information check: https://developer.mozilla.org/en-US/docs/Web/HTTP/Status/404
2026-05-04 21:56:57 | INFO     | app.services.analysis | 镜头分析 OpenAI 兼容多模态 video=神剑2 index=27 file=0027.mp4
2026-05-04 21:56:57 | WARNING  | app.services.llm | LLM 请求失败，回退到 mock：Client error '404 Not Found' for url 'http://localhost:11434/v1/chat/completions'
For more information check: https://developer.mozilla.org/en-US/docs/Web/HTTP/Status/404
2026-05-04 21:56:57 | WARNING  | app.services.asr | ASR 请求失败：Client error '404 404 Page not found' for url 'https://api.minimaxi.com/v1/audio/transcriptions'
For more information check: https://developer.mozilla.org/en-US/docs/Web/HTTP/Status/404
2026-05-04 21:56:58 | INFO     | app.services.analysis | 镜头分析 OpenAI 兼容多模态 video=神剑2 index=28 file=0028.mp4
2026-05-04 21:56:58 | WARNING  | app.services.llm | LLM 请求失败，回退到 mock：Client error '404 Not Found' for url 'http://localhost:11434/v1/chat/completions'
For more information check: https://developer.mozilla.org/en-US/docs/Web/HTTP/Status/404
2026-05-04 21:56:58 | WARNING  | app.services.asr | ASR 请求失败：Client error '404 404 Page not found' for url 'https://api.minimaxi.com/v1/audio/transcriptions'
For more information check: https://developer.mozilla.org/en-US/docs/Web/HTTP/Status/404
2026-05-04 21:56:59 | INFO     | app.services.analysis | 镜头分析 OpenAI 兼容多模态 video=神剑2 index=29 file=0029.mp4
2026-05-04 21:56:59 | WARNING  | app.services.llm | LLM 请求失败，回退到 mock：Client error '404 Not Found' for url 'http://localhost:11434/v1/chat/completions'
For more information check: https://developer.mozilla.org/en-US/docs/Web/HTTP/Status/404
2026-05-04 21:56:59 | WARNING  | app.services.asr | ASR 请求失败：Client error '404 404 Page not found' for url 'https://api.minimaxi.com/v1/audio/transcriptions'
For more information check: https://developer.mozilla.org/en-US/docs/Web/HTTP/Status/404
2026-05-04 21:57:00 | INFO     | app.services.analysis | 镜头分析 OpenAI 兼容多模态 video=神剑2 index=30 file=0030.mp4
2026-05-04 21:57:00 | WARNING  | app.services.llm | LLM 请求失败，回退到 mock：Client error '404 Not Found' for url 'http://localhost:11434/v1/chat/completions'
For more information check: https://developer.mozilla.org/en-US/docs/Web/HTTP/Status/404
2026-05-04 21:57:00 | WARNING  | app.services.asr | ASR 请求失败：Client error '404 404 Page not found' for url 'https://api.minimaxi.com/v1/audio/transcriptions'
For more information check: https://developer.mozilla.org/en-US/docs/Web/HTTP/Status/404
2026-05-04 21:57:01 | INFO     | app.services.analysis | 镜头分析 OpenAI 兼容多模态 video=神剑2 index=31 file=0031.mp4
2026-05-04 21:57:01 | WARNING  | app.services.llm | LLM 请求失败，回退到 mock：Client error '404 Not Found' for url 'http://localhost:11434/v1/chat/completions'
For more information check: https://developer.mozilla.org/en-US/docs/Web/HTTP/Status/404
2026-05-04 21:57:01 | WARNING  | app.services.asr | ASR 请求失败：Client error '404 404 Page not found' for url 'https://api.minimaxi.com/v1/audio/transcriptions'
For more information check: https://developer.mozilla.org/en-US/docs/Web/HTTP/Status/404
2026-05-04 21:57:02 | INFO     | app.services.analysis | 镜头分析 OpenAI 兼容多模态 video=神剑2 index=32 file=0032.mp4
2026-05-04 21:57:02 | WARNING  | app.services.llm | LLM 请求失败，回退到 mock：Client error '404 Not Found' for url 'http://localhost:11434/v1/chat/completions'
For more information check: https://developer.mozilla.org/en-US/docs/Web/HTTP/Status/404
2026-05-04 21:57:02 | WARNING  | app.services.asr | ASR 请求失败：Client error '404 404 Page not found' for url 'https://api.minimaxi.com/v1/audio/transcriptions'
For more information check: https://developer.mozilla.org/en-US/docs/Web/HTTP/Status/404
2026-05-04 21:57:02 | INFO     | app.services.analysis | 镜头分析 OpenAI 兼容多模态 video=神剑2 index=33 file=0033.mp4
2026-05-04 21:57:02 | WARNING  | app.services.llm | LLM 请求失败，回退到 mock：Client error '404 Not Found' for url 'http://localhost:11434/v1/chat/completions'
For more information check: https://developer.mozilla.org/en-US/docs/Web/HTTP/Status/404
2026-05-04 21:57:03 | WARNING  | app.services.asr | ASR 请求失败：Client error '404 404 Page not found' for url 'https://api.minimaxi.com/v1/audio/transcriptions'
For more information check: https://developer.mozilla.org/en-US/docs/Web/HTTP/Status/404
2026-05-04 21:57:10 | INFO     | app.services.character_library | 角色库已重建 video=d24477b8-181 rows=0 granularity=None
2026-05-04 21:57:10 | INFO     | hermes.http | ← POST /api/videos/upload 200 41446.0ms
2026-05-04 21:57:10 | INFO     | hermes.http | → GET /api/videos/d24477b8-1819-480e-b4c1-6d6248f76abc
2026-05-04 21:57:10 | INFO     | hermes.http | → GET /api/videos/d24477b8-1819-480e-b4c1-6d6248f76abc/timelines
2026-05-04 21:57:10 | INFO     | hermes.http | → GET /favicon.ico
2026-05-04 21:57:10 | INFO     | hermes.http | ← GET /favicon.ico 200 29.9ms
2026-05-04 21:57:10 | INFO     | hermes.http | ← GET /api/videos/d24477b8-1819-480e-b4c1-6d6248f76abc 200 36.5ms
2026-05-04 21:57:10 | INFO     | hermes.http | ← GET /api/videos/d24477b8-1819-480e-b4c1-6d6248f76abc/timelines 200 45.0ms
2026-05-04 21:57:10 | INFO     | hermes.http | → GET /api/chat/088f2703-6b25-418f-99b1-6e867da8f2ea/messages
2026-05-04 21:57:10 | INFO     | hermes.http | → GET /api/timelines/088f2703-6b25-418f-99b1-6e867da8f2ea/manifest
2026-05-04 21:57:10 | INFO     | hermes.http | ← GET /api/chat/088f2703-6b25-418f-99b1-6e867da8f2ea/messages 200 8.2ms
2026-05-04 21:57:10 | INFO     | hermes.http | ← GET /api/timelines/088f2703-6b25-418f-99b1-6e867da8f2ea/manifest 200 11.7ms
2026-05-04 21:57:25 | INFO     | hermes.http | → GET /api/videos
2026-05-04 21:57:25 | INFO     | hermes.http | → GET /favicon.ico
2026-05-04 21:57:25 | INFO     | hermes.http | ← GET /favicon.ico 200 4.0ms
2026-05-04 21:57:25 | INFO     | hermes.http | ← GET /api/videos 200 10.8ms
2026-05-04 21:57:25 | INFO     | hermes.http | → GET /api/videos/d24477b8-1819-480e-b4c1-6d6248f76abc
2026-05-04 21:57:25 | INFO     | hermes.http | → GET /api/videos/d24477b8-1819-480e-b4c1-6d6248f76abc/timelines
2026-05-04 21:57:25 | INFO     | hermes.http | ← GET /api/videos/d24477b8-1819-480e-b4c1-6d6248f76abc 200 11.2ms
2026-05-04 21:57:25 | INFO     | hermes.http | ← GET /api/videos/d24477b8-1819-480e-b4c1-6d6248f76abc/timelines 200 12.9ms
2026-05-04 21:57:25 | INFO     | hermes.http | → GET /api/chat/088f2703-6b25-418f-99b1-6e867da8f2ea/messages
2026-05-04 21:57:25 | INFO     | hermes.http | → GET /api/timelines/088f2703-6b25-418f-99b1-6e867da8f2ea/manifest
2026-05-04 21:57:25 | INFO     | hermes.http | ← GET /api/chat/088f2703-6b25-418f-99b1-6e867da8f2ea/messages 200 8.8ms
2026-05-04 21:57:25 | INFO     | hermes.http | ← GET /api/timelines/088f2703-6b25-418f-99b1-6e867da8f2ea/manifest 200 9.7ms
2026-05-04 21:57:26 | INFO     | hermes.http | → GET /api/videos
2026-05-04 21:57:26 | INFO     | hermes.http | ← GET /api/videos 200 2.1ms
2026-05-04 21:57:26 | INFO     | hermes.http | → GET /api/assets/shots
2026-05-04 21:57:26 | INFO     | hermes.http | → GET /api/videos/d24477b8-1819-480e-b4c1-6d6248f76abc/characters
2026-05-04 21:57:26 | INFO     | hermes.http | → GET /api/assets/timelines
2026-05-04 21:57:26 | INFO     | hermes.http | ← GET /api/assets/shots 200 4.4ms
2026-05-04 21:57:26 | INFO     | hermes.http | ← GET /api/videos/d24477b8-1819-480e-b4c1-6d6248f76abc/characters 200 5.1ms
2026-05-04 21:57:26 | INFO     | hermes.http | ← GET /api/assets/timelines 200 6.7ms
2026-05-04 21:58:13 | INFO     | hermes | 日志文件：/Volumes/d/hermes/backend/storage/logs/hermes.log（级别 INFO）
2026-05-04 21:58:15 | INFO     | hermes | 日志文件：/Volumes/d/hermes/backend/storage/logs/hermes.log（级别 INFO）
2026-05-04 21:58:19 | INFO     | hermes | 日志文件：/Volumes/d/hermes/backend/storage/logs/hermes.log（级别 INFO）
2026-05-04 21:58:21 | INFO     | hermes | 日志文件：/Volumes/d/hermes/backend/storage/logs/hermes.log（级别 INFO）
2026-05-04 21:58:42 | INFO     | hermes | 日志文件：/Volumes/d/hermes/backend/storage/logs/hermes.log（级别 INFO）
2026-05-04 21:58:43 | INFO     | hermes | 日志文件：/Volumes/d/hermes/backend/storage/logs/hermes.log（级别 INFO）
2026-05-04 21:58:44 | INFO     | hermes | 日志文件：/Volumes/d/hermes/backend/storage/logs/hermes.log（级别 INFO）
2026-05-04 21:58:44 | INFO     | hermes | 日志文件：/Volumes/d/hermes/backend/storage/logs/hermes.log（级别 INFO）
2026-05-04 22:01:50 | INFO     | hermes | 日志文件：/Volumes/d/hermes/backend/storage/logs/hermes.log（级别 INFO）
2026-05-04 22:01:58 | INFO     | hermes | 日志文件：/Volumes/d/hermes/backend/storage/logs/hermes.log（级别 INFO）
2026-05-04 22:01:59 | INFO     | hermes | 日志文件：/Volumes/d/hermes/backend/storage/logs/hermes.log（级别 INFO）
2026-05-04 22:02:02 | INFO     | hermes | 日志文件：/Volumes/d/hermes/backend/storage/logs/hermes.log（级别 INFO）
2026-05-04 22:02:02 | INFO     | hermes.http | → GET /api/videos
2026-05-04 22:02:02 | INFO     | hermes.http | → GET /favicon.ico
2026-05-04 22:02:02 | INFO     | hermes.http | ← GET /api/videos 200 3.3ms
2026-05-04 22:02:02 | INFO     | hermes.http | ← GET /favicon.ico 200 3.4ms
2026-05-04 22:02:02 | INFO     | hermes.http | → GET /api/videos/d24477b8-1819-480e-b4c1-6d6248f76abc
2026-05-04 22:02:02 | INFO     | hermes.http | → GET /api/videos/d24477b8-1819-480e-b4c1-6d6248f76abc/timelines
2026-05-04 22:02:02 | INFO     | hermes.http | ← GET /api/videos/d24477b8-1819-480e-b4c1-6d6248f76abc 200 5.2ms
2026-05-04 22:02:02 | INFO     | hermes.http | ← GET /api/videos/d24477b8-1819-480e-b4c1-6d6248f76abc/timelines 200 6.5ms
2026-05-04 22:02:02 | INFO     | hermes.http | → GET /api/chat/088f2703-6b25-418f-99b1-6e867da8f2ea/messages
2026-05-04 22:02:02 | INFO     | hermes.http | → GET /api/timelines/088f2703-6b25-418f-99b1-6e867da8f2ea/manifest
2026-05-04 22:02:02 | INFO     | hermes.http | ← GET /api/chat/088f2703-6b25-418f-99b1-6e867da8f2ea/messages 200 4.9ms
2026-05-04 22:02:02 | INFO     | hermes.http | ← GET /api/timelines/088f2703-6b25-418f-99b1-6e867da8f2ea/manifest 200 5.2ms
2026-05-04 22:02:09 | INFO     | hermes.http | → POST /api/chat
2026-05-04 22:02:13 | INFO     | app.routes.chat | 对话请求 intent=qa timeline=088f2703-6b2 play=0.00s profile=fast chars=6
2026-05-04 22:02:30 | INFO     | hermes.http | ← POST /api/chat 200 21536.3ms
2026-05-04 22:02:31 | INFO     | hermes | 日志文件：/Volumes/d/hermes/backend/storage/logs/hermes.log（级别 INFO）
2026-05-04 22:02:32 | INFO     | hermes | 日志文件：/Volumes/d/hermes/backend/storage/logs/hermes.log（级别 INFO）
2026-05-04 22:02:43 | INFO     | hermes | 日志文件：/Volumes/d/hermes/backend/storage/logs/hermes.log（级别 INFO）
2026-05-04 22:02:59 | INFO     | hermes.http | → GET /
2026-05-04 22:02:59 | INFO     | hermes.http | ← GET / 200 4.8ms
2026-05-04 22:02:59 | INFO     | hermes.http | → GET /assets/index-4LlghGKl.js
2026-05-04 22:02:59 | INFO     | hermes.http | → GET /assets/index-CC-khecP.css
2026-05-04 22:02:59 | INFO     | hermes.http | ← GET /assets/index-CC-khecP.css 200 9.3ms
2026-05-04 22:02:59 | INFO     | hermes.http | ← GET /assets/index-4LlghGKl.js 200 11.4ms
2026-05-04 22:03:00 | INFO     | hermes.http | → GET /api/videos
2026-05-04 22:03:00 | INFO     | hermes.http | ← GET /api/videos 200 40.6ms
2026-05-04 22:03:00 | INFO     | hermes.http | → GET /api/videos/d24477b8-1819-480e-b4c1-6d6248f76abc
2026-05-04 22:03:00 | INFO     | hermes.http | → GET /api/videos/d24477b8-1819-480e-b4c1-6d6248f76abc/timelines
2026-05-04 22:03:00 | INFO     | hermes.http | ← GET /api/videos/d24477b8-1819-480e-b4c1-6d6248f76abc 200 18.5ms
2026-05-04 22:03:00 | INFO     | hermes.http | ← GET /api/videos/d24477b8-1819-480e-b4c1-6d6248f76abc/timelines 200 19.3ms
2026-05-04 22:03:00 | INFO     | hermes.http | → GET /api/chat/088f2703-6b25-418f-99b1-6e867da8f2ea/messages
2026-05-04 22:03:00 | INFO     | hermes.http | → GET /api/timelines/088f2703-6b25-418f-99b1-6e867da8f2ea/manifest
2026-05-04 22:03:00 | INFO     | hermes.http | ← GET /api/chat/088f2703-6b25-418f-99b1-6e867da8f2ea/messages 200 8.5ms
2026-05-04 22:03:00 | INFO     | hermes.http | ← GET /api/timelines/088f2703-6b25-418f-99b1-6e867da8f2ea/manifest 200 10.6ms
2026-05-04 22:03:00 | INFO     | hermes.http | → GET /api/videos
2026-05-04 22:03:00 | INFO     | hermes.http | ← GET /api/videos 200 3.5ms
2026-05-04 22:03:00 | INFO     | hermes.http | → GET /api/videos/d24477b8-1819-480e-b4c1-6d6248f76abc/characters
2026-05-04 22:03:00 | INFO     | hermes.http | → GET /api/assets/timelines
2026-05-04 22:03:00 | INFO     | hermes.http | → GET /api/assets/shots
2026-05-04 22:03:00 | INFO     | hermes.http | ← GET /api/videos/d24477b8-1819-480e-b4c1-6d6248f76abc/characters 200 16.2ms
2026-05-04 22:03:00 | INFO     | hermes.http | ← GET /api/assets/timelines 200 19.5ms
2026-05-04 22:03:00 | INFO     | hermes.http | ← GET /api/assets/shots 200 20.3ms
2026-05-04 22:03:05 | INFO     | hermes.http | → DELETE /api/videos/d24477b8-1819-480e-b4c1-6d6248f76abc
2026-05-04 22:03:05 | INFO     | hermes.http | ← DELETE /api/videos/d24477b8-1819-480e-b4c1-6d6248f76abc 200 45.1ms
2026-05-04 22:03:05 | INFO     | hermes.http | → GET /api/videos
2026-05-04 22:03:05 | INFO     | hermes.http | ← GET /api/videos 200 1.6ms
2026-05-04 22:03:05 | INFO     | hermes.http | → GET /api/assets/shots
2026-05-04 22:03:05 | INFO     | hermes.http | → GET /api/assets/timelines
2026-05-04 22:03:05 | INFO     | hermes.http | → GET /api/videos/dc7266b7-c17e-4977-9146-8774e0d4e167/characters
2026-05-04 22:03:05 | INFO     | hermes.http | ← GET /api/assets/shots 200 4.6ms
2026-05-04 22:03:05 | INFO     | hermes.http | ← GET /api/videos/dc7266b7-c17e-4977-9146-8774e0d4e167/characters 200 4.4ms
2026-05-04 22:03:05 | INFO     | hermes.http | ← GET /api/assets/timelines 200 4.9ms
2026-05-04 22:03:12 | INFO     | hermes.http | → DELETE /api/videos/dc7266b7-c17e-4977-9146-8774e0d4e167
2026-05-04 22:03:12 | INFO     | hermes.http | ← DELETE /api/videos/dc7266b7-c17e-4977-9146-8774e0d4e167 200 51.0ms
2026-05-04 22:03:12 | INFO     | hermes.http | → GET /api/videos
2026-05-04 22:03:12 | INFO     | hermes.http | ← GET /api/videos 200 1.5ms
2026-05-04 22:03:12 | INFO     | hermes.http | → GET /api/assets/shots
2026-05-04 22:03:12 | INFO     | hermes.http | → GET /api/videos/f897583c-0754-45da-9794-26e2697e12a4/characters
2026-05-04 22:03:12 | INFO     | hermes.http | → GET /api/assets/timelines
2026-05-04 22:03:12 | INFO     | hermes.http | ← GET /api/videos/f897583c-0754-45da-9794-26e2697e12a4/characters 200 4.8ms
2026-05-04 22:03:12 | INFO     | hermes.http | ← GET /api/assets/shots 200 5.7ms
2026-05-04 22:03:12 | INFO     | hermes.http | ← GET /api/assets/timelines 200 6.0ms
2026-05-04 22:03:24 | INFO     | hermes.http | → POST /api/videos/upload
2026-05-04 22:03:25 | INFO     | app.services.analysis | 镜头分析 OpenAI 兼容多模态 video=神剑2 index=0 file=0000.mp4
2026-05-04 22:03:25 | WARNING  | app.services.llm | Ollama 兼容接口返回 404：请确认已安装并运行 Ollama（建议 ≥0.3），且 HERMES_*_BASE_URL 为 http://127.0.0.1:11434/v1；本机可执行 curl -sS http://127.0.0.1:11434/v1/models 检查。
2026-05-04 22:03:25 | WARNING  | app.services.llm | LLM 请求失败，回退到 mock：Client error '404 Not Found' for url 'http://localhost:11434/v1/chat/completions'
For more information check: https://developer.mozilla.org/en-US/docs/Web/HTTP/Status/404
2026-05-04 22:03:25 | INFO     | app.services.asr | ASR：当前 ASR 基址为 api.minimaxi.com，该平台无 OpenAI 兼容的 /v1/audio/transcriptions，已跳过（避免每镜 404）。需要转写请单独配置 OpenAI 兼容 ASR 的 HERMES_ASR_BASE_URL，或设 HERMES_ASR_PROVIDER=mock。
2026-05-04 22:03:25 | INFO     | app.services.analysis | 镜头分析 OpenAI 兼容多模态 video=神剑2 index=1 file=0001.mp4
2026-05-04 22:03:25 | WARNING  | app.services.llm | LLM 请求失败，回退到 mock：Client error '404 Not Found' for url 'http://localhost:11434/v1/chat/completions'
For more information check: https://developer.mozilla.org/en-US/docs/Web/HTTP/Status/404
2026-05-04 22:03:26 | INFO     | app.services.analysis | 镜头分析 OpenAI 兼容多模态 video=神剑2 index=2 file=0002.mp4
2026-05-04 22:03:26 | WARNING  | app.services.llm | LLM 请求失败，回退到 mock：Client error '404 Not Found' for url 'http://localhost:11434/v1/chat/completions'
For more information check: https://developer.mozilla.org/en-US/docs/Web/HTTP/Status/404
2026-05-04 22:03:27 | INFO     | app.services.analysis | 镜头分析 OpenAI 兼容多模态 video=神剑2 index=3 file=0003.mp4
2026-05-04 22:03:27 | WARNING  | app.services.llm | LLM 请求失败，回退到 mock：Client error '404 Not Found' for url 'http://localhost:11434/v1/chat/completions'
For more information check: https://developer.mozilla.org/en-US/docs/Web/HTTP/Status/404
2026-05-04 22:03:27 | INFO     | app.services.analysis | 镜头分析 OpenAI 兼容多模态 video=神剑2 index=4 file=0004.mp4
2026-05-04 22:03:27 | WARNING  | app.services.llm | LLM 请求失败，回退到 mock：Client error '404 Not Found' for url 'http://localhost:11434/v1/chat/completions'
For more information check: https://developer.mozilla.org/en-US/docs/Web/HTTP/Status/404
2026-05-04 22:03:28 | INFO     | app.services.analysis | 镜头分析 OpenAI 兼容多模态 video=神剑2 index=5 file=0005.mp4
2026-05-04 22:03:28 | WARNING  | app.services.llm | LLM 请求失败，回退到 mock：Client error '404 Not Found' for url 'http://localhost:11434/v1/chat/completions'
For more information check: https://developer.mozilla.org/en-US/docs/Web/HTTP/Status/404
2026-05-04 22:03:28 | INFO     | app.services.analysis | 镜头分析 OpenAI 兼容多模态 video=神剑2 index=6 file=0006.mp4
2026-05-04 22:03:28 | WARNING  | app.services.llm | LLM 请求失败，回退到 mock：Client error '404 Not Found' for url 'http://localhost:11434/v1/chat/completions'
For more information check: https://developer.mozilla.org/en-US/docs/Web/HTTP/Status/404
2026-05-04 22:03:29 | INFO     | app.services.analysis | 镜头分析 OpenAI 兼容多模态 video=神剑2 index=7 file=0007.mp4
2026-05-04 22:03:29 | WARNING  | app.services.llm | LLM 请求失败，回退到 mock：Client error '404 Not Found' for url 'http://localhost:11434/v1/chat/completions'
For more information check: https://developer.mozilla.org/en-US/docs/Web/HTTP/Status/404
2026-05-04 22:03:29 | INFO     | app.services.analysis | 镜头分析 OpenAI 兼容多模态 video=神剑2 index=8 file=0008.mp4
2026-05-04 22:03:29 | WARNING  | app.services.llm | LLM 请求失败，回退到 mock：Client error '404 Not Found' for url 'http://localhost:11434/v1/chat/completions'
For more information check: https://developer.mozilla.org/en-US/docs/Web/HTTP/Status/404
2026-05-04 22:03:30 | INFO     | app.services.analysis | 镜头分析 OpenAI 兼容多模态 video=神剑2 index=9 file=0009.mp4
2026-05-04 22:03:30 | WARNING  | app.services.llm | LLM 请求失败，回退到 mock：Client error '404 Not Found' for url 'http://localhost:11434/v1/chat/completions'
For more information check: https://developer.mozilla.org/en-US/docs/Web/HTTP/Status/404
2026-05-04 22:03:30 | INFO     | app.services.analysis | 镜头分析 OpenAI 兼容多模态 video=神剑2 index=10 file=0010.mp4
2026-05-04 22:03:30 | WARNING  | app.services.llm | LLM 请求失败，回退到 mock：Client error '404 Not Found' for url 'http://localhost:11434/v1/chat/completions'
For more information check: https://developer.mozilla.org/en-US/docs/Web/HTTP/Status/404
2026-05-04 22:03:31 | INFO     | app.services.analysis | 镜头分析 OpenAI 兼容多模态 video=神剑2 index=11 file=0011.mp4
2026-05-04 22:03:31 | WARNING  | app.services.llm | LLM 请求失败，回退到 mock：Client error '404 Not Found' for url 'http://localhost:11434/v1/chat/completions'
For more information check: https://developer.mozilla.org/en-US/docs/Web/HTTP/Status/404
2026-05-04 22:03:31 | INFO     | app.services.analysis | 镜头分析 OpenAI 兼容多模态 video=神剑2 index=12 file=0012.mp4
2026-05-04 22:03:31 | WARNING  | app.services.llm | LLM 请求失败，回退到 mock：Client error '404 Not Found' for url 'http://localhost:11434/v1/chat/completions'
For more information check: https://developer.mozilla.org/en-US/docs/Web/HTTP/Status/404
2026-05-04 22:03:31 | INFO     | app.services.analysis | 镜头分析 OpenAI 兼容多模态 video=神剑2 index=13 file=0013.mp4
2026-05-04 22:03:31 | WARNING  | app.services.llm | LLM 请求失败，回退到 mock：Client error '404 Not Found' for url 'http://localhost:11434/v1/chat/completions'
For more information check: https://developer.mozilla.org/en-US/docs/Web/HTTP/Status/404
2026-05-04 22:03:32 | INFO     | app.services.analysis | 镜头分析 OpenAI 兼容多模态 video=神剑2 index=14 file=0014.mp4
2026-05-04 22:03:32 | WARNING  | app.services.llm | LLM 请求失败，回退到 mock：Client error '404 Not Found' for url 'http://localhost:11434/v1/chat/completions'
For more information check: https://developer.mozilla.org/en-US/docs/Web/HTTP/Status/404
2026-05-04 22:03:32 | INFO     | app.services.analysis | 镜头分析 OpenAI 兼容多模态 video=神剑2 index=15 file=0015.mp4
2026-05-04 22:03:32 | WARNING  | app.services.llm | LLM 请求失败，回退到 mock：Client error '404 Not Found' for url 'http://localhost:11434/v1/chat/completions'
For more information check: https://developer.mozilla.org/en-US/docs/Web/HTTP/Status/404
2026-05-04 22:03:33 | INFO     | app.services.analysis | 镜头分析 OpenAI 兼容多模态 video=神剑2 index=16 file=0016.mp4
2026-05-04 22:03:33 | WARNING  | app.services.llm | LLM 请求失败，回退到 mock：Client error '404 Not Found' for url 'http://localhost:11434/v1/chat/completions'
For more information check: https://developer.mozilla.org/en-US/docs/Web/HTTP/Status/404
2026-05-04 22:03:33 | INFO     | app.services.analysis | 镜头分析 OpenAI 兼容多模态 video=神剑2 index=17 file=0017.mp4
2026-05-04 22:03:33 | WARNING  | app.services.llm | LLM 请求失败，回退到 mock：Client error '404 Not Found' for url 'http://localhost:11434/v1/chat/completions'
For more information check: https://developer.mozilla.org/en-US/docs/Web/HTTP/Status/404
2026-05-04 22:03:34 | INFO     | app.services.analysis | 镜头分析 OpenAI 兼容多模态 video=神剑2 index=18 file=0018.mp4
2026-05-04 22:03:34 | WARNING  | app.services.llm | LLM 请求失败，回退到 mock：Client error '404 Not Found' for url 'http://localhost:11434/v1/chat/completions'
For more information check: https://developer.mozilla.org/en-US/docs/Web/HTTP/Status/404
2026-05-04 22:03:34 | INFO     | app.services.analysis | 镜头分析 OpenAI 兼容多模态 video=神剑2 index=19 file=0019.mp4
2026-05-04 22:03:34 | WARNING  | app.services.llm | LLM 请求失败，回退到 mock：Client error '404 Not Found' for url 'http://localhost:11434/v1/chat/completions'
For more information check: https://developer.mozilla.org/en-US/docs/Web/HTTP/Status/404
2026-05-04 22:03:35 | INFO     | app.services.analysis | 镜头分析 OpenAI 兼容多模态 video=神剑2 index=20 file=0020.mp4
2026-05-04 22:03:35 | WARNING  | app.services.llm | LLM 请求失败，回退到 mock：Client error '404 Not Found' for url 'http://localhost:11434/v1/chat/completions'
For more information check: https://developer.mozilla.org/en-US/docs/Web/HTTP/Status/404
2026-05-04 22:03:35 | INFO     | app.services.analysis | 镜头分析 OpenAI 兼容多模态 video=神剑2 index=21 file=0021.mp4
2026-05-04 22:03:35 | WARNING  | app.services.llm | LLM 请求失败，回退到 mock：Client error '404 Not Found' for url 'http://localhost:11434/v1/chat/completions'
For more information check: https://developer.mozilla.org/en-US/docs/Web/HTTP/Status/404
2026-05-04 22:03:36 | INFO     | app.services.analysis | 镜头分析 OpenAI 兼容多模态 video=神剑2 index=22 file=0022.mp4
2026-05-04 22:03:36 | WARNING  | app.services.llm | LLM 请求失败，回退到 mock：Client error '404 Not Found' for url 'http://localhost:11434/v1/chat/completions'
For more information check: https://developer.mozilla.org/en-US/docs/Web/HTTP/Status/404
2026-05-04 22:03:36 | INFO     | app.services.analysis | 镜头分析 OpenAI 兼容多模态 video=神剑2 index=23 file=0023.mp4
2026-05-04 22:03:36 | WARNING  | app.services.llm | LLM 请求失败，回退到 mock：Client error '404 Not Found' for url 'http://localhost:11434/v1/chat/completions'
For more information check: https://developer.mozilla.org/en-US/docs/Web/HTTP/Status/404
2026-05-04 22:03:37 | INFO     | app.services.analysis | 镜头分析 OpenAI 兼容多模态 video=神剑2 index=24 file=0024.mp4
2026-05-04 22:03:37 | WARNING  | app.services.llm | LLM 请求失败，回退到 mock：Client error '404 Not Found' for url 'http://localhost:11434/v1/chat/completions'
For more information check: https://developer.mozilla.org/en-US/docs/Web/HTTP/Status/404
2026-05-04 22:03:37 | INFO     | app.services.analysis | 镜头分析 OpenAI 兼容多模态 video=神剑2 index=25 file=0025.mp4
2026-05-04 22:03:37 | WARNING  | app.services.llm | LLM 请求失败，回退到 mock：Client error '404 Not Found' for url 'http://localhost:11434/v1/chat/completions'
For more information check: https://developer.mozilla.org/en-US/docs/Web/HTTP/Status/404
2026-05-04 22:03:38 | INFO     | app.services.analysis | 镜头分析 OpenAI 兼容多模态 video=神剑2 index=26 file=0026.mp4
2026-05-04 22:03:38 | WARNING  | app.services.llm | LLM 请求失败，回退到 mock：Client error '404 Not Found' for url 'http://localhost:11434/v1/chat/completions'
For more information check: https://developer.mozilla.org/en-US/docs/Web/HTTP/Status/404
2026-05-04 22:03:38 | INFO     | app.services.analysis | 镜头分析 OpenAI 兼容多模态 video=神剑2 index=27 file=0027.mp4
2026-05-04 22:03:38 | WARNING  | app.services.llm | LLM 请求失败，回退到 mock：Client error '404 Not Found' for url 'http://localhost:11434/v1/chat/completions'
For more information check: https://developer.mozilla.org/en-US/docs/Web/HTTP/Status/404
2026-05-04 22:03:39 | INFO     | app.services.analysis | 镜头分析 OpenAI 兼容多模态 video=神剑2 index=28 file=0028.mp4
2026-05-04 22:03:39 | WARNING  | app.services.llm | LLM 请求失败，回退到 mock：Client error '404 Not Found' for url 'http://localhost:11434/v1/chat/completions'
For more information check: https://developer.mozilla.org/en-US/docs/Web/HTTP/Status/404
2026-05-04 22:03:39 | INFO     | app.services.analysis | 镜头分析 OpenAI 兼容多模态 video=神剑2 index=29 file=0029.mp4
2026-05-04 22:03:39 | WARNING  | app.services.llm | LLM 请求失败，回退到 mock：Client error '404 Not Found' for url 'http://localhost:11434/v1/chat/completions'
For more information check: https://developer.mozilla.org/en-US/docs/Web/HTTP/Status/404
2026-05-04 22:03:40 | INFO     | app.services.analysis | 镜头分析 OpenAI 兼容多模态 video=神剑2 index=30 file=0030.mp4
2026-05-04 22:03:40 | WARNING  | app.services.llm | LLM 请求失败，回退到 mock：Client error '404 Not Found' for url 'http://localhost:11434/v1/chat/completions'
For more information check: https://developer.mozilla.org/en-US/docs/Web/HTTP/Status/404
2026-05-04 22:03:41 | INFO     | app.services.analysis | 镜头分析 OpenAI 兼容多模态 video=神剑2 index=31 file=0031.mp4
2026-05-04 22:03:41 | WARNING  | app.services.llm | LLM 请求失败，回退到 mock：Client error '404 Not Found' for url 'http://localhost:11434/v1/chat/completions'
For more information check: https://developer.mozilla.org/en-US/docs/Web/HTTP/Status/404
2026-05-04 22:03:41 | INFO     | app.services.analysis | 镜头分析 OpenAI 兼容多模态 video=神剑2 index=32 file=0032.mp4
2026-05-04 22:03:41 | WARNING  | app.services.llm | LLM 请求失败，回退到 mock：Client error '404 Not Found' for url 'http://localhost:11434/v1/chat/completions'
For more information check: https://developer.mozilla.org/en-US/docs/Web/HTTP/Status/404
2026-05-04 22:03:41 | INFO     | app.services.analysis | 镜头分析 OpenAI 兼容多模态 video=神剑2 index=33 file=0033.mp4
2026-05-04 22:03:41 | WARNING  | app.services.llm | LLM 请求失败，回退到 mock：Client error '404 Not Found' for url 'http://localhost:11434/v1/chat/completions'
For more information check: https://developer.mozilla.org/en-US/docs/Web/HTTP/Status/404
2026-05-04 22:04:09 | INFO     | app.services.character_library | 角色库已重建 video=c3855bed-369 rows=0 granularity=None
2026-05-04 22:04:09 | INFO     | hermes.http | ← POST /api/videos/upload 200 45030.1ms
2026-05-04 22:04:09 | INFO     | hermes.http | → GET /api/videos/c3855bed-3698-414a-9fc7-e542e28a276b
2026-05-04 22:04:09 | INFO     | hermes.http | → GET /api/videos/c3855bed-3698-414a-9fc7-e542e28a276b/timelines
2026-05-04 22:04:09 | INFO     | hermes.http | → GET /favicon.ico
2026-05-04 22:04:09 | INFO     | hermes.http | ← GET /favicon.ico 200 128.0ms
2026-05-04 22:04:09 | INFO     | hermes.http | ← GET /api/videos/c3855bed-3698-414a-9fc7-e542e28a276b 200 139.8ms
2026-05-04 22:04:09 | INFO     | hermes.http | ← GET /api/videos/c3855bed-3698-414a-9fc7-e542e28a276b/timelines 200 149.9ms
2026-05-04 22:04:09 | INFO     | hermes.http | → GET /api/chat/c0a0951c-3154-4030-9113-da59d3c30902/messages
2026-05-04 22:04:09 | INFO     | hermes.http | → GET /api/timelines/c0a0951c-3154-4030-9113-da59d3c30902/manifest
2026-05-04 22:04:09 | INFO     | hermes.http | ← GET /api/chat/c0a0951c-3154-4030-9113-da59d3c30902/messages 200 11.3ms
2026-05-04 22:04:09 | INFO     | hermes.http | ← GET /api/timelines/c0a0951c-3154-4030-9113-da59d3c30902/manifest 200 10.3ms
2026-05-04 22:04:15 | INFO     | hermes.http | → GET /api/videos
2026-05-04 22:04:15 | INFO     | hermes.http | → GET /favicon.ico
2026-05-04 22:04:15 | INFO     | hermes.http | ← GET /favicon.ico 200 1.6ms
2026-05-04 22:04:15 | INFO     | hermes.http | ← GET /api/videos 200 4.7ms
2026-05-04 22:04:15 | INFO     | hermes.http | → GET /api/assets/shots
2026-05-04 22:04:15 | INFO     | hermes.http | → GET /api/assets/timelines
2026-05-04 22:04:15 | INFO     | hermes.http | → GET /api/videos/c3855bed-3698-414a-9fc7-e542e28a276b/characters
2026-05-04 22:04:15 | INFO     | hermes.http | ← GET /api/videos/c3855bed-3698-414a-9fc7-e542e28a276b/characters 200 16.3ms
2026-05-04 22:04:15 | INFO     | hermes.http | ← GET /api/assets/shots 200 25.7ms
2026-05-04 22:04:15 | INFO     | hermes.http | ← GET /api/assets/timelines 200 27.0ms
2026-05-04 22:04:23 | INFO     | hermes.http | → GET /api/videos
2026-05-04 22:04:23 | INFO     | hermes.http | → GET /favicon.ico
2026-05-04 22:04:23 | INFO     | hermes.http | ← GET /favicon.ico 200 27.3ms
2026-05-04 22:04:23 | INFO     | hermes.http | ← GET /api/videos 200 47.3ms
2026-05-04 22:04:23 | INFO     | hermes.http | → GET /api/videos/c3855bed-3698-414a-9fc7-e542e28a276b
2026-05-04 22:04:23 | INFO     | hermes.http | → GET /api/videos/c3855bed-3698-414a-9fc7-e542e28a276b/timelines
2026-05-04 22:04:23 | INFO     | hermes.http | ← GET /api/videos/c3855bed-3698-414a-9fc7-e542e28a276b 200 12.1ms
2026-05-04 22:04:23 | INFO     | hermes.http | ← GET /api/videos/c3855bed-3698-414a-9fc7-e542e28a276b/timelines 200 11.9ms
2026-05-04 22:04:23 | INFO     | hermes.http | → GET /api/chat/c0a0951c-3154-4030-9113-da59d3c30902/messages
2026-05-04 22:04:23 | INFO     | hermes.http | → GET /api/timelines/c0a0951c-3154-4030-9113-da59d3c30902/manifest
2026-05-04 22:04:23 | INFO     | hermes.http | ← GET /api/chat/c0a0951c-3154-4030-9113-da59d3c30902/messages 200 4.0ms
2026-05-04 22:04:23 | INFO     | hermes.http | ← GET /api/timelines/c0a0951c-3154-4030-9113-da59d3c30902/manifest 200 5.6ms
2026-05-04 22:04:51 | INFO     | hermes | 日志文件：/Volumes/d/hermes/backend/storage/logs/hermes.log（级别 INFO）
2026-05-04 22:05:34 | INFO     | hermes.http | → POST /api/chat
2026-05-04 22:05:45 | INFO     | app.routes.chat | 对话请求 intent=qa timeline=c0a0951c-315 play=0.00s profile=fast chars=5
2026-05-04 22:05:53 | INFO     | hermes.http | ← POST /api/chat 200 18299.9ms
2026-05-04 22:06:11 | INFO     | hermes | 日志文件：/Volumes/d/hermes/backend/storage/logs/hermes.log（级别 INFO）
2026-05-04 22:06:12 | INFO     | hermes | 日志文件：/Volumes/d/hermes/backend/storage/logs/hermes.log（级别 INFO）
2026-05-04 22:06:13 | INFO     | hermes | 日志文件：/Volumes/d/hermes/backend/storage/logs/hermes.log（级别 INFO）
2026-05-04 22:06:13 | INFO     | hermes.http | → POST /api/chat
2026-05-04 22:06:25 | INFO     | app.routes.chat | 对话请求 intent=qa timeline=c0a0951c-315 play=3.11s profile=fast chars=5
2026-05-04 22:06:39 | INFO     | hermes.http | ← POST /api/chat 200 25458.1ms
2026-05-04 22:06:39 | INFO     | hermes | 日志文件：/Volumes/d/hermes/backend/storage/logs/hermes.log（级别 INFO）
2026-05-04 22:06:40 | INFO     | hermes | 日志文件：/Volumes/d/hermes/backend/storage/logs/hermes.log（级别 INFO）
2026-05-04 22:06:49 | INFO     | hermes.http | → GET /api/videos
2026-05-04 22:06:49 | INFO     | hermes.http | → GET /favicon.ico
2026-05-04 22:06:49 | INFO     | hermes.http | ← GET /favicon.ico 200 58.3ms
2026-05-04 22:06:49 | INFO     | hermes.http | ← GET /api/videos 200 68.3ms
2026-05-04 22:06:49 | INFO     | hermes.http | → GET /api/assets/shots
2026-05-04 22:06:49 | INFO     | hermes.http | → GET /api/assets/timelines
2026-05-04 22:06:49 | INFO     | hermes.http | → GET /api/videos/c3855bed-3698-414a-9fc7-e542e28a276b/characters
2026-05-04 22:06:49 | INFO     | hermes.http | ← GET /api/assets/shots 200 30.0ms
2026-05-04 22:06:49 | INFO     | hermes.http | ← GET /api/videos/c3855bed-3698-414a-9fc7-e542e28a276b/characters 200 29.6ms
2026-05-04 22:06:49 | INFO     | hermes.http | ← GET /api/assets/timelines 200 30.1ms
2026-05-04 22:07:01 | INFO     | hermes.http | → POST /api/videos/reanalyze-all-shots/c3855bed-3698-414a-9fc7-e542e28a276b
2026-05-04 22:07:01 | INFO     | app.services.character_library | 角色库已重建 video=c3855bed-369 rows=0 granularity=None
2026-05-04 22:07:01 | INFO     | app.routes.videos | 批量重新生成镜头完成 video=c3855bed-369 granularity=scene shots_updated=0 characters=0
2026-05-04 22:07:01 | INFO     | hermes.http | ← POST /api/videos/reanalyze-all-shots/c3855bed-3698-414a-9fc7-e542e28a276b 200 10.6ms
2026-05-04 22:07:01 | INFO     | hermes.http | → GET /api/videos
2026-05-04 22:07:01 | INFO     | hermes.http | ← GET /api/videos 200 2.1ms
2026-05-04 22:07:01 | INFO     | hermes.http | → GET /api/assets/shots
2026-05-04 22:07:01 | INFO     | hermes.http | → GET /api/assets/timelines
2026-05-04 22:07:01 | INFO     | hermes.http | → GET /api/videos/c3855bed-3698-414a-9fc7-e542e28a276b/characters
2026-05-04 22:07:01 | INFO     | hermes.http | ← GET /api/assets/shots 200 6.3ms
2026-05-04 22:07:01 | INFO     | hermes.http | ← GET /api/videos/c3855bed-3698-414a-9fc7-e542e28a276b/characters 200 6.8ms
2026-05-04 22:07:01 | INFO     | hermes.http | ← GET /api/assets/timelines 200 8.3ms
2026-05-04 22:07:06 | INFO     | hermes.http | → DELETE /api/videos/c3855bed-3698-414a-9fc7-e542e28a276b
2026-05-04 22:07:06 | INFO     | hermes.http | ← DELETE /api/videos/c3855bed-3698-414a-9fc7-e542e28a276b 200 53.9ms
2026-05-04 22:07:06 | INFO     | hermes.http | → GET /api/videos
2026-05-04 22:07:06 | INFO     | hermes.http | ← GET /api/videos 200 1.5ms
2026-05-04 22:07:06 | INFO     | hermes.http | → GET /api/assets/shots
2026-05-04 22:07:06 | INFO     | hermes.http | → GET /api/videos/f897583c-0754-45da-9794-26e2697e12a4/characters
2026-05-04 22:07:06 | INFO     | hermes.http | → GET /api/assets/timelines
2026-05-04 22:07:06 | INFO     | hermes.http | ← GET /api/videos/f897583c-0754-45da-9794-26e2697e12a4/characters 200 6.3ms
2026-05-04 22:07:06 | INFO     | hermes.http | ← GET /api/assets/timelines 200 7.0ms
2026-05-04 22:07:06 | INFO     | hermes.http | ← GET /api/assets/shots 200 7.8ms
2026-05-04 22:07:14 | INFO     | hermes.http | → POST /api/videos/upload
2026-05-04 22:07:15 | INFO     | app.services.analysis | 镜头分析 OpenAI 兼容多模态 video=神剑2 index=0 file=0000.mp4
2026-05-04 22:07:15 | WARNING  | app.services.llm | Ollama 兼容接口返回 404：请确认已安装并运行 Ollama（建议 ≥0.3），且 HERMES_*_BASE_URL 为 http://127.0.0.1:11434/v1；本机可执行 curl -sS http://127.0.0.1:11434/v1/models 检查。
2026-05-04 22:07:15 | WARNING  | app.services.llm | LLM 请求失败，回退到 mock：Client error '404 Not Found' for url 'http://localhost:11434/v1/chat/completions'
For more information check: https://developer.mozilla.org/en-US/docs/Web/HTTP/Status/404
2026-05-04 22:07:15 | INFO     | app.services.asr | ASR：当前 ASR 基址为 api.minimaxi.com，该平台无 OpenAI 兼容的 /v1/audio/transcriptions，已跳过（避免每镜 404）。需要转写请单独配置 OpenAI 兼容 ASR 的 HERMES_ASR_BASE_URL，或设 HERMES_ASR_PROVIDER=mock。
2026-05-04 22:07:16 | INFO     | app.services.analysis | 镜头分析 OpenAI 兼容多模态 video=神剑2 index=1 file=0001.mp4
2026-05-04 22:07:16 | WARNING  | app.services.llm | LLM 请求失败，回退到 mock：Client error '404 Not Found' for url 'http://localhost:11434/v1/chat/completions'
For more information check: https://developer.mozilla.org/en-US/docs/Web/HTTP/Status/404
2026-05-04 22:07:16 | INFO     | app.services.analysis | 镜头分析 OpenAI 兼容多模态 video=神剑2 index=2 file=0002.mp4
2026-05-04 22:07:16 | WARNING  | app.services.llm | LLM 请求失败，回退到 mock：Client error '404 Not Found' for url 'http://localhost:11434/v1/chat/completions'
For more information check: https://developer.mozilla.org/en-US/docs/Web/HTTP/Status/404
2026-05-04 22:07:17 | INFO     | app.services.analysis | 镜头分析 OpenAI 兼容多模态 video=神剑2 index=3 file=0003.mp4
2026-05-04 22:07:17 | WARNING  | app.services.llm | LLM 请求失败，回退到 mock：Client error '404 Not Found' for url 'http://localhost:11434/v1/chat/completions'
For more information check: https://developer.mozilla.org/en-US/docs/Web/HTTP/Status/404
2026-05-04 22:07:17 | INFO     | app.services.analysis | 镜头分析 OpenAI 兼容多模态 video=神剑2 index=4 file=0004.mp4
2026-05-04 22:07:17 | WARNING  | app.services.llm | LLM 请求失败，回退到 mock：Client error '404 Not Found' for url 'http://localhost:11434/v1/chat/completions'
For more information check: https://developer.mozilla.org/en-US/docs/Web/HTTP/Status/404
2026-05-04 22:07:17 | INFO     | app.services.analysis | 镜头分析 OpenAI 兼容多模态 video=神剑2 index=5 file=0005.mp4
2026-05-04 22:07:17 | WARNING  | app.services.llm | LLM 请求失败，回退到 mock：Client error '404 Not Found' for url 'http://localhost:11434/v1/chat/completions'
For more information check: https://developer.mozilla.org/en-US/docs/Web/HTTP/Status/404
2026-05-04 22:07:18 | INFO     | app.services.analysis | 镜头分析 OpenAI 兼容多模态 video=神剑2 index=6 file=0006.mp4
2026-05-04 22:07:18 | WARNING  | app.services.llm | LLM 请求失败，回退到 mock：Client error '404 Not Found' for url 'http://localhost:11434/v1/chat/completions'
For more information check: https://developer.mozilla.org/en-US/docs/Web/HTTP/Status/404
2026-05-04 22:07:18 | INFO     | app.services.analysis | 镜头分析 OpenAI 兼容多模态 video=神剑2 index=7 file=0007.mp4
2026-05-04 22:07:18 | WARNING  | app.services.llm | LLM 请求失败，回退到 mock：Client error '404 Not Found' for url 'http://localhost:11434/v1/chat/completions'
For more information check: https://developer.mozilla.org/en-US/docs/Web/HTTP/Status/404
2026-05-04 22:07:19 | INFO     | app.services.analysis | 镜头分析 OpenAI 兼容多模态 video=神剑2 index=8 file=0008.mp4
2026-05-04 22:07:19 | WARNING  | app.services.llm | LLM 请求失败，回退到 mock：Client error '404 Not Found' for url 'http://localhost:11434/v1/chat/completions'
For more information check: https://developer.mozilla.org/en-US/docs/Web/HTTP/Status/404
2026-05-04 22:07:19 | INFO     | app.services.analysis | 镜头分析 OpenAI 兼容多模态 video=神剑2 index=9 file=0009.mp4
2026-05-04 22:07:19 | WARNING  | app.services.llm | LLM 请求失败，回退到 mock：Client error '404 Not Found' for url 'http://localhost:11434/v1/chat/completions'
For more information check: https://developer.mozilla.org/en-US/docs/Web/HTTP/Status/404
2026-05-04 22:07:20 | INFO     | app.services.analysis | 镜头分析 OpenAI 兼容多模态 video=神剑2 index=10 file=0010.mp4
2026-05-04 22:07:20 | WARNING  | app.services.llm | LLM 请求失败，回退到 mock：Client error '404 Not Found' for url 'http://localhost:11434/v1/chat/completions'
For more information check: https://developer.mozilla.org/en-US/docs/Web/HTTP/Status/404
2026-05-04 22:07:21 | INFO     | app.services.analysis | 镜头分析 OpenAI 兼容多模态 video=神剑2 index=11 file=0011.mp4
2026-05-04 22:07:21 | WARNING  | app.services.llm | LLM 请求失败，回退到 mock：Client error '404 Not Found' for url 'http://localhost:11434/v1/chat/completions'
For more information check: https://developer.mozilla.org/en-US/docs/Web/HTTP/Status/404
2026-05-04 22:07:22 | INFO     | app.services.analysis | 镜头分析 OpenAI 兼容多模态 video=神剑2 index=12 file=0012.mp4
2026-05-04 22:07:22 | WARNING  | app.services.llm | LLM 请求失败，回退到 mock：Client error '404 Not Found' for url 'http://localhost:11434/v1/chat/completions'
For more information check: https://developer.mozilla.org/en-US/docs/Web/HTTP/Status/404
2026-05-04 22:07:22 | INFO     | app.services.analysis | 镜头分析 OpenAI 兼容多模态 video=神剑2 index=13 file=0013.mp4
2026-05-04 22:07:22 | WARNING  | app.services.llm | LLM 请求失败，回退到 mock：Client error '404 Not Found' for url 'http://localhost:11434/v1/chat/completions'
For more information check: https://developer.mozilla.org/en-US/docs/Web/HTTP/Status/404
2026-05-04 22:07:22 | INFO     | app.services.analysis | 镜头分析 OpenAI 兼容多模态 video=神剑2 index=14 file=0014.mp4
2026-05-04 22:07:22 | WARNING  | app.services.llm | LLM 请求失败，回退到 mock：Client error '404 Not Found' for url 'http://localhost:11434/v1/chat/completions'
For more information check: https://developer.mozilla.org/en-US/docs/Web/HTTP/Status/404
2026-05-04 22:07:23 | INFO     | app.services.analysis | 镜头分析 OpenAI 兼容多模态 video=神剑2 index=15 file=0015.mp4
2026-05-04 22:07:23 | WARNING  | app.services.llm | LLM 请求失败，回退到 mock：Client error '404 Not Found' for url 'http://localhost:11434/v1/chat/completions'
For more information check: https://developer.mozilla.org/en-US/docs/Web/HTTP/Status/404
2026-05-04 22:07:23 | INFO     | app.services.analysis | 镜头分析 OpenAI 兼容多模态 video=神剑2 index=16 file=0016.mp4
2026-05-04 22:07:23 | WARNING  | app.services.llm | LLM 请求失败，回退到 mock：Client error '404 Not Found' for url 'http://localhost:11434/v1/chat/completions'
For more information check: https://developer.mozilla.org/en-US/docs/Web/HTTP/Status/404
2026-05-04 22:07:24 | INFO     | app.services.analysis | 镜头分析 OpenAI 兼容多模态 video=神剑2 index=17 file=0017.mp4
2026-05-04 22:07:24 | WARNING  | app.services.llm | LLM 请求失败，回退到 mock：Client error '404 Not Found' for url 'http://localhost:11434/v1/chat/completions'
For more information check: https://developer.mozilla.org/en-US/docs/Web/HTTP/Status/404
2026-05-04 22:07:24 | INFO     | app.services.analysis | 镜头分析 OpenAI 兼容多模态 video=神剑2 index=18 file=0018.mp4
2026-05-04 22:07:24 | WARNING  | app.services.llm | LLM 请求失败，回退到 mock：Client error '404 Not Found' for url 'http://localhost:11434/v1/chat/completions'
For more information check: https://developer.mozilla.org/en-US/docs/Web/HTTP/Status/404
2026-05-04 22:07:25 | INFO     | app.services.analysis | 镜头分析 OpenAI 兼容多模态 video=神剑2 index=19 file=0019.mp4
2026-05-04 22:07:25 | WARNING  | app.services.llm | LLM 请求失败，回退到 mock：Client error '404 Not Found' for url 'http://localhost:11434/v1/chat/completions'
For more information check: https://developer.mozilla.org/en-US/docs/Web/HTTP/Status/404
2026-05-04 22:07:25 | INFO     | app.services.analysis | 镜头分析 OpenAI 兼容多模态 video=神剑2 index=20 file=0020.mp4
2026-05-04 22:07:25 | WARNING  | app.services.llm | LLM 请求失败，回退到 mock：Client error '404 Not Found' for url 'http://localhost:11434/v1/chat/completions'
For more information check: https://developer.mozilla.org/en-US/docs/Web/HTTP/Status/404
2026-05-04 22:07:26 | INFO     | app.services.analysis | 镜头分析 OpenAI 兼容多模态 video=神剑2 index=21 file=0021.mp4
2026-05-04 22:07:26 | WARNING  | app.services.llm | LLM 请求失败，回退到 mock：Client error '404 Not Found' for url 'http://localhost:11434/v1/chat/completions'
For more information check: https://developer.mozilla.org/en-US/docs/Web/HTTP/Status/404
2026-05-04 22:07:27 | INFO     | app.services.analysis | 镜头分析 OpenAI 兼容多模态 video=神剑2 index=22 file=0022.mp4
2026-05-04 22:07:27 | WARNING  | app.services.llm | LLM 请求失败，回退到 mock：Client error '404 Not Found' for url 'http://localhost:11434/v1/chat/completions'
For more information check: https://developer.mozilla.org/en-US/docs/Web/HTTP/Status/404
2026-05-04 22:07:27 | INFO     | app.services.analysis | 镜头分析 OpenAI 兼容多模态 video=神剑2 index=23 file=0023.mp4
2026-05-04 22:07:27 | WARNING  | app.services.llm | LLM 请求失败，回退到 mock：Client error '404 Not Found' for url 'http://localhost:11434/v1/chat/completions'
For more information check: https://developer.mozilla.org/en-US/docs/Web/HTTP/Status/404
2026-05-04 22:07:28 | INFO     | app.services.analysis | 镜头分析 OpenAI 兼容多模态 video=神剑2 index=24 file=0024.mp4
2026-05-04 22:07:28 | WARNING  | app.services.llm | LLM 请求失败，回退到 mock：Client error '404 Not Found' for url 'http://localhost:11434/v1/chat/completions'
For more information check: https://developer.mozilla.org/en-US/docs/Web/HTTP/Status/404
2026-05-04 22:07:28 | INFO     | app.services.analysis | 镜头分析 OpenAI 兼容多模态 video=神剑2 index=25 file=0025.mp4
2026-05-04 22:07:28 | WARNING  | app.services.llm | LLM 请求失败，回退到 mock：Client error '404 Not Found' for url 'http://localhost:11434/v1/chat/completions'
For more information check: https://developer.mozilla.org/en-US/docs/Web/HTTP/Status/404
2026-05-04 22:07:29 | INFO     | app.services.analysis | 镜头分析 OpenAI 兼容多模态 video=神剑2 index=26 file=0026.mp4
2026-05-04 22:07:29 | WARNING  | app.services.llm | LLM 请求失败，回退到 mock：Client error '404 Not Found' for url 'http://localhost:11434/v1/chat/completions'
For more information check: https://developer.mozilla.org/en-US/docs/Web/HTTP/Status/404
2026-05-04 22:07:29 | INFO     | app.services.analysis | 镜头分析 OpenAI 兼容多模态 video=神剑2 index=27 file=0027.mp4
2026-05-04 22:07:29 | WARNING  | app.services.llm | LLM 请求失败，回退到 mock：Client error '404 Not Found' for url 'http://localhost:11434/v1/chat/completions'
For more information check: https://developer.mozilla.org/en-US/docs/Web/HTTP/Status/404
2026-05-04 22:07:30 | INFO     | app.services.analysis | 镜头分析 OpenAI 兼容多模态 video=神剑2 index=28 file=0028.mp4
2026-05-04 22:07:30 | WARNING  | app.services.llm | LLM 请求失败，回退到 mock：Client error '404 Not Found' for url 'http://localhost:11434/v1/chat/completions'
For more information check: https://developer.mozilla.org/en-US/docs/Web/HTTP/Status/404
2026-05-04 22:07:30 | INFO     | app.services.analysis | 镜头分析 OpenAI 兼容多模态 video=神剑2 index=29 file=0029.mp4
2026-05-04 22:07:30 | WARNING  | app.services.llm | LLM 请求失败，回退到 mock：Client error '404 Not Found' for url 'http://localhost:11434/v1/chat/completions'
For more information check: https://developer.mozilla.org/en-US/docs/Web/HTTP/Status/404
2026-05-04 22:07:31 | INFO     | app.services.analysis | 镜头分析 OpenAI 兼容多模态 video=神剑2 index=30 file=0030.mp4
2026-05-04 22:07:31 | WARNING  | app.services.llm | LLM 请求失败，回退到 mock：Client error '404 Not Found' for url 'http://localhost:11434/v1/chat/completions'
For more information check: https://developer.mozilla.org/en-US/docs/Web/HTTP/Status/404
2026-05-04 22:07:31 | INFO     | app.services.analysis | 镜头分析 OpenAI 兼容多模态 video=神剑2 index=31 file=0031.mp4
2026-05-04 22:07:31 | WARNING  | app.services.llm | LLM 请求失败，回退到 mock：Client error '404 Not Found' for url 'http://localhost:11434/v1/chat/completions'
For more information check: https://developer.mozilla.org/en-US/docs/Web/HTTP/Status/404
2026-05-04 22:07:32 | INFO     | app.services.analysis | 镜头分析 OpenAI 兼容多模态 video=神剑2 index=32 file=0032.mp4
2026-05-04 22:07:32 | WARNING  | app.services.llm | LLM 请求失败，回退到 mock：Client error '404 Not Found' for url 'http://localhost:11434/v1/chat/completions'
For more information check: https://developer.mozilla.org/en-US/docs/Web/HTTP/Status/404
2026-05-04 22:07:32 | INFO     | app.services.analysis | 镜头分析 OpenAI 兼容多模态 video=神剑2 index=33 file=0033.mp4
2026-05-04 22:07:32 | WARNING  | app.services.llm | LLM 请求失败，回退到 mock：Client error '404 Not Found' for url 'http://localhost:11434/v1/chat/completions'
For more information check: https://developer.mozilla.org/en-US/docs/Web/HTTP/Status/404
2026-05-04 22:07:33 | INFO     | app.services.analysis | 镜头分析 OpenAI 兼容多模态 video=神剑2 index=0 file=0000.mp4
2026-05-04 22:07:33 | WARNING  | app.services.llm | LLM 请求失败，回退到 mock：Client error '404 Not Found' for url 'http://localhost:11434/v1/chat/completions'
For more information check: https://developer.mozilla.org/en-US/docs/Web/HTTP/Status/404
2026-05-04 22:07:33 | INFO     | app.services.analysis | 镜头分析 OpenAI 兼容多模态 video=神剑2 index=1 file=0001.mp4
2026-05-04 22:07:33 | WARNING  | app.services.llm | LLM 请求失败，回退到 mock：Client error '404 Not Found' for url 'http://localhost:11434/v1/chat/completions'
For more information check: https://developer.mozilla.org/en-US/docs/Web/HTTP/Status/404
2026-05-04 22:07:34 | INFO     | app.services.analysis | 镜头分析 OpenAI 兼容多模态 video=神剑2 index=2 file=0002.mp4
2026-05-04 22:07:34 | WARNING  | app.services.llm | LLM 请求失败，回退到 mock：Client error '404 Not Found' for url 'http://localhost:11434/v1/chat/completions'
For more information check: https://developer.mozilla.org/en-US/docs/Web/HTTP/Status/404
2026-05-04 22:07:35 | INFO     | app.services.analysis | 镜头分析 OpenAI 兼容多模态 video=神剑2 index=3 file=0003.mp4
2026-05-04 22:07:35 | WARNING  | app.services.llm | LLM 请求失败，回退到 mock：Client error '404 Not Found' for url 'http://localhost:11434/v1/chat/completions'
For more information check: https://developer.mozilla.org/en-US/docs/Web/HTTP/Status/404
2026-05-04 22:07:35 | INFO     | app.services.analysis | 镜头分析 OpenAI 兼容多模态 video=神剑2 index=4 file=0004.mp4
2026-05-04 22:07:35 | WARNING  | app.services.llm | LLM 请求失败，回退到 mock：Client error '404 Not Found' for url 'http://localhost:11434/v1/chat/completions'
For more information check: https://developer.mozilla.org/en-US/docs/Web/HTTP/Status/404
2026-05-04 22:07:36 | INFO     | app.services.analysis | 镜头分析 OpenAI 兼容多模态 video=神剑2 index=5 file=0005.mp4
2026-05-04 22:07:36 | WARNING  | app.services.llm | LLM 请求失败，回退到 mock：Client error '404 Not Found' for url 'http://localhost:11434/v1/chat/completions'
For more information check: https://developer.mozilla.org/en-US/docs/Web/HTTP/Status/404
2026-05-04 22:07:37 | INFO     | app.services.analysis | 镜头分析 OpenAI 兼容多模态 video=神剑2 index=6 file=0006.mp4
2026-05-04 22:07:37 | WARNING  | app.services.llm | LLM 请求失败，回退到 mock：Client error '404 Not Found' for url 'http://localhost:11434/v1/chat/completions'
For more information check: https://developer.mozilla.org/en-US/docs/Web/HTTP/Status/404
2026-05-04 22:07:37 | INFO     | app.services.analysis | 镜头分析 OpenAI 兼容多模态 video=神剑2 index=7 file=0007.mp4
2026-05-04 22:07:37 | WARNING  | app.services.llm | LLM 请求失败，回退到 mock：Client error '404 Not Found' for url 'http://localhost:11434/v1/chat/completions'
For more information check: https://developer.mozilla.org/en-US/docs/Web/HTTP/Status/404
2026-05-04 22:07:38 | INFO     | app.services.analysis | 镜头分析 OpenAI 兼容多模态 video=神剑2 index=8 file=0008.mp4
2026-05-04 22:07:38 | WARNING  | app.services.llm | LLM 请求失败，回退到 mock：Client error '404 Not Found' for url 'http://localhost:11434/v1/chat/completions'
For more information check: https://developer.mozilla.org/en-US/docs/Web/HTTP/Status/404
2026-05-04 22:07:39 | INFO     | app.services.analysis | 镜头分析 OpenAI 兼容多模态 video=神剑2 index=9 file=0009.mp4
2026-05-04 22:07:39 | WARNING  | app.services.llm | LLM 请求失败，回退到 mock：Client error '404 Not Found' for url 'http://localhost:11434/v1/chat/completions'
For more information check: https://developer.mozilla.org/en-US/docs/Web/HTTP/Status/404
2026-05-04 22:07:40 | INFO     | app.services.analysis | 镜头分析 OpenAI 兼容多模态 video=神剑2 index=10 file=0010.mp4
2026-05-04 22:07:40 | WARNING  | app.services.llm | LLM 请求失败，回退到 mock：Client error '404 Not Found' for url 'http://localhost:11434/v1/chat/completions'
For more information check: https://developer.mozilla.org/en-US/docs/Web/HTTP/Status/404
2026-05-04 22:07:40 | INFO     | app.services.analysis | 镜头分析 OpenAI 兼容多模态 video=神剑2 index=11 file=0011.mp4
2026-05-04 22:07:40 | WARNING  | app.services.llm | LLM 请求失败，回退到 mock：Client error '404 Not Found' for url 'http://localhost:11434/v1/chat/completions'
For more information check: https://developer.mozilla.org/en-US/docs/Web/HTTP/Status/404
2026-05-04 22:07:41 | INFO     | app.services.analysis | 镜头分析 OpenAI 兼容多模态 video=神剑2 index=12 file=0012.mp4
2026-05-04 22:07:41 | WARNING  | app.services.llm | LLM 请求失败，回退到 mock：Client error '404 Not Found' for url 'http://localhost:11434/v1/chat/completions'
For more information check: https://developer.mozilla.org/en-US/docs/Web/HTTP/Status/404
2026-05-04 22:07:42 | INFO     | app.services.analysis | 镜头分析 OpenAI 兼容多模态 video=神剑2 index=13 file=0013.mp4
2026-05-04 22:07:42 | WARNING  | app.services.llm | LLM 请求失败，回退到 mock：Client error '404 Not Found' for url 'http://localhost:11434/v1/chat/completions'
For more information check: https://developer.mozilla.org/en-US/docs/Web/HTTP/Status/404
2026-05-04 22:07:43 | INFO     | app.services.analysis | 镜头分析 OpenAI 兼容多模态 video=神剑2 index=14 file=0014.mp4
2026-05-04 22:07:43 | WARNING  | app.services.llm | LLM 请求失败，回退到 mock：Client error '404 Not Found' for url 'http://localhost:11434/v1/chat/completions'
For more information check: https://developer.mozilla.org/en-US/docs/Web/HTTP/Status/404
2026-05-04 22:07:43 | INFO     | app.services.analysis | 镜头分析 OpenAI 兼容多模态 video=神剑2 index=15 file=0015.mp4
2026-05-04 22:07:43 | WARNING  | app.services.llm | LLM 请求失败，回退到 mock：Client error '404 Not Found' for url 'http://localhost:11434/v1/chat/completions'
For more information check: https://developer.mozilla.org/en-US/docs/Web/HTTP/Status/404
2026-05-04 22:07:44 | INFO     | app.services.analysis | 镜头分析 OpenAI 兼容多模态 video=神剑2 index=16 file=0016.mp4
2026-05-04 22:07:44 | WARNING  | app.services.llm | LLM 请求失败，回退到 mock：Client error '404 Not Found' for url 'http://localhost:11434/v1/chat/completions'
For more information check: https://developer.mozilla.org/en-US/docs/Web/HTTP/Status/404
2026-05-04 22:07:45 | INFO     | app.services.analysis | 镜头分析 OpenAI 兼容多模态 video=神剑2 index=17 file=0017.mp4
2026-05-04 22:07:45 | WARNING  | app.services.llm | LLM 请求失败，回退到 mock：Client error '404 Not Found' for url 'http://localhost:11434/v1/chat/completions'
For more information check: https://developer.mozilla.org/en-US/docs/Web/HTTP/Status/404
2026-05-04 22:07:46 | INFO     | app.services.analysis | 镜头分析 OpenAI 兼容多模态 video=神剑2 index=18 file=0018.mp4
2026-05-04 22:07:46 | WARNING  | app.services.llm | LLM 请求失败，回退到 mock：Client error '404 Not Found' for url 'http://localhost:11434/v1/chat/completions'
For more information check: https://developer.mozilla.org/en-US/docs/Web/HTTP/Status/404
2026-05-04 22:07:47 | INFO     | app.services.analysis | 镜头分析 OpenAI 兼容多模态 video=神剑2 index=19 file=0019.mp4
2026-05-04 22:07:47 | WARNING  | app.services.llm | LLM 请求失败，回退到 mock：Client error '404 Not Found' for url 'http://localhost:11434/v1/chat/completions'
For more information check: https://developer.mozilla.org/en-US/docs/Web/HTTP/Status/404
2026-05-04 22:07:49 | INFO     | app.services.analysis | 镜头分析 OpenAI 兼容多模态 video=神剑2 index=0 file=0000.mp4
2026-05-04 22:07:49 | WARNING  | app.services.llm | LLM 请求失败，回退到 mock：Client error '404 Not Found' for url 'http://localhost:11434/v1/chat/completions'
For more information check: https://developer.mozilla.org/en-US/docs/Web/HTTP/Status/404
2026-05-04 22:07:52 | INFO     | app.services.analysis | 镜头分析 OpenAI 兼容多模态 video=神剑2 index=1 file=0001.mp4
2026-05-04 22:07:52 | WARNING  | app.services.llm | LLM 请求失败，回退到 mock：Client error '404 Not Found' for url 'http://localhost:11434/v1/chat/completions'
For more information check: https://developer.mozilla.org/en-US/docs/Web/HTTP/Status/404
2026-05-04 22:07:54 | INFO     | app.services.analysis | 镜头分析 OpenAI 兼容多模态 video=神剑2 index=2 file=0002.mp4
2026-05-04 22:07:54 | WARNING  | app.services.llm | LLM 请求失败，回退到 mock：Client error '404 Not Found' for url 'http://localhost:11434/v1/chat/completions'
For more information check: https://developer.mozilla.org/en-US/docs/Web/HTTP/Status/404
2026-05-04 22:07:57 | INFO     | app.services.analysis | 镜头分析 OpenAI 兼容多模态 video=神剑2 index=3 file=0003.mp4
2026-05-04 22:07:57 | WARNING  | app.services.llm | LLM 请求失败，回退到 mock：Client error '404 Not Found' for url 'http://localhost:11434/v1/chat/completions'
For more information check: https://developer.mozilla.org/en-US/docs/Web/HTTP/Status/404
2026-05-04 22:08:00 | INFO     | app.services.analysis | 镜头分析 OpenAI 兼容多模态 video=神剑2 index=4 file=0004.mp4
2026-05-04 22:08:00 | WARNING  | app.services.llm | LLM 请求失败，回退到 mock：Client error '404 Not Found' for url 'http://localhost:11434/v1/chat/completions'
For more information check: https://developer.mozilla.org/en-US/docs/Web/HTTP/Status/404
2026-05-04 22:08:16 | INFO     | app.services.character_library | 角色库已重建 video=f5504d8c-dd6 rows=0 granularity=None
2026-05-04 22:08:16 | INFO     | hermes.http | → GET /api/videos
2026-05-04 22:08:16 | INFO     | hermes.http | → GET /favicon.ico
2026-05-04 22:08:16 | INFO     | hermes.http | ← GET /favicon.ico 200 2.3ms
2026-05-04 22:08:16 | INFO     | hermes.http | ← POST /api/videos/upload 200 61684.7ms
2026-05-04 22:08:16 | INFO     | hermes.http | ← GET /api/videos 200 3.5ms
2026-05-04 22:08:16 | INFO     | hermes.http | → GET /favicon.ico
2026-05-04 22:08:16 | INFO     | hermes.http | ← GET /favicon.ico 200 0.5ms
2026-05-04 22:08:16 | INFO     | hermes.http | → GET /api/videos
2026-05-04 22:08:16 | INFO     | hermes.http | → GET /favicon.ico
2026-05-04 22:08:16 | INFO     | hermes.http | ← GET /api/videos 200 1.8ms
2026-05-04 22:08:16 | INFO     | hermes.http | ← GET /favicon.ico 200 0.9ms
2026-05-04 22:08:16 | INFO     | hermes.http | → GET /api/videos
2026-05-04 22:08:16 | INFO     | hermes.http | → GET /favicon.ico
2026-05-04 22:08:16 | INFO     | hermes.http | ← GET /favicon.ico 200 1.6ms
2026-05-04 22:08:16 | INFO     | hermes.http | ← GET /api/videos 200 3.1ms
2026-05-04 22:08:16 | INFO     | hermes.http | → GET /favicon.ico
2026-05-04 22:08:16 | INFO     | hermes.http | ← GET /favicon.ico 200 0.6ms
2026-05-04 22:08:16 | INFO     | hermes.http | → GET /api/videos/f5504d8c-dd6c-41a3-a347-9da675884a33
2026-05-04 22:08:16 | INFO     | hermes.http | → GET /api/videos/f5504d8c-dd6c-41a3-a347-9da675884a33/timelines
2026-05-04 22:08:16 | INFO     | hermes.http | → GET /favicon.ico
2026-05-04 22:08:16 | INFO     | hermes.http | ← GET /favicon.ico 200 3.9ms
2026-05-04 22:08:16 | INFO     | hermes.http | ← GET /api/videos/f5504d8c-dd6c-41a3-a347-9da675884a33 200 10.2ms
2026-05-04 22:08:16 | INFO     | hermes.http | ← GET /api/videos/f5504d8c-dd6c-41a3-a347-9da675884a33/timelines 200 10.8ms
2026-05-04 22:08:16 | INFO     | hermes.http | → GET /api/chat/bde02039-674a-4f25-84fe-29c97ff7dc66/messages
2026-05-04 22:08:16 | INFO     | hermes.http | → GET /api/timelines/bde02039-674a-4f25-84fe-29c97ff7dc66/manifest
2026-05-04 22:08:16 | INFO     | hermes.http | ← GET /api/chat/bde02039-674a-4f25-84fe-29c97ff7dc66/messages 200 9.6ms
2026-05-04 22:08:16 | INFO     | hermes.http | ← GET /api/timelines/bde02039-674a-4f25-84fe-29c97ff7dc66/manifest 200 16.4ms
2026-05-04 22:08:21 | INFO     | hermes.http | → GET /api/videos
2026-05-04 22:08:21 | INFO     | hermes.http | → GET /favicon.ico
2026-05-04 22:08:21 | INFO     | hermes.http | ← GET /favicon.ico 200 10.9ms
2026-05-04 22:08:21 | INFO     | hermes.http | ← GET /api/videos 200 17.9ms
2026-05-04 22:08:21 | INFO     | hermes.http | → GET /api/assets/shots
2026-05-04 22:08:21 | INFO     | hermes.http | → GET /api/assets/timelines
2026-05-04 22:08:21 | INFO     | hermes.http | → GET /api/videos/f5504d8c-dd6c-41a3-a347-9da675884a33/characters
2026-05-04 22:08:21 | INFO     | hermes.http | ← GET /api/assets/shots 200 20.5ms
2026-05-04 22:08:21 | INFO     | hermes.http | ← GET /api/assets/timelines 200 20.7ms
2026-05-04 22:08:21 | INFO     | hermes.http | ← GET /api/videos/f5504d8c-dd6c-41a3-a347-9da675884a33/characters 200 22.1ms
2026-05-04 22:08:32 | INFO     | hermes | 日志文件：/Volumes/d/hermes/backend/storage/logs/hermes.log（级别 INFO）
2026-05-04 22:08:34 | INFO     | hermes | 日志文件：/Volumes/d/hermes/backend/storage/logs/hermes.log（级别 INFO）
2026-05-04 22:08:35 | INFO     | hermes | 日志文件：/Volumes/d/hermes/backend/storage/logs/hermes.log（级别 INFO）
2026-05-04 22:09:26 | INFO     | hermes.http | → DELETE /api/videos/f5504d8c-dd6c-41a3-a347-9da675884a33
2026-05-04 22:09:26 | INFO     | hermes.http | ← DELETE /api/videos/f5504d8c-dd6c-41a3-a347-9da675884a33 200 108.5ms
2026-05-04 22:09:26 | INFO     | hermes.http | → GET /api/videos
2026-05-04 22:09:26 | INFO     | hermes.http | ← GET /api/videos 200 2.5ms
2026-05-04 22:09:26 | INFO     | hermes.http | → GET /api/assets/shots
2026-05-04 22:09:26 | INFO     | hermes.http | → GET /api/assets/timelines
2026-05-04 22:09:26 | INFO     | hermes.http | → GET /api/videos/f897583c-0754-45da-9794-26e2697e12a4/characters
2026-05-04 22:09:26 | INFO     | hermes.http | ← GET /api/assets/shots 200 19.0ms
2026-05-04 22:09:26 | INFO     | hermes.http | ← GET /api/videos/f897583c-0754-45da-9794-26e2697e12a4/characters 200 17.7ms
2026-05-04 22:09:26 | INFO     | hermes.http | ← GET /api/assets/timelines 200 18.4ms
2026-05-04 22:09:28 | INFO     | hermes.http | → GET /favicon.ico
2026-05-04 22:09:28 | INFO     | hermes.http | ← GET /favicon.ico 200 11.8ms
2026-05-04 22:09:35 | INFO     | hermes.http | → POST /api/videos/upload
2026-05-04 22:09:36 | INFO     | app.services.analysis | 镜头分析：VLM 指向 Ollama（端口 11434）。OpenAI 兼容 /v1/chat/completions 的多模态请求常返回 404，已自动改为仅用镜头元数据做文本分析（不附图）。若需画面级理解，请将 VLM 配为 MiniMax 或支持 OpenAI 视觉的网关。
2026-05-04 22:09:36 | WARNING  | app.services.llm | Ollama 兼容接口返回 404：请确认已安装并运行 Ollama（建议 ≥0.3），且 HERMES_*_BASE_URL 为 http://127.0.0.1:11434/v1；本机可执行 curl -sS http://127.0.0.1:11434/v1/models 检查。
2026-05-04 22:09:36 | WARNING  | app.services.llm | LLM 请求失败，回退到 mock：Client error '404 Not Found' for url 'http://localhost:11434/v1/chat/completions'
For more information check: https://developer.mozilla.org/en-US/docs/Web/HTTP/Status/404
2026-05-04 22:09:36 | INFO     | app.services.asr | ASR：当前 ASR 基址为 api.minimaxi.com，该平台无 OpenAI 兼容的 /v1/audio/transcriptions，已跳过（避免每镜 404）。需要转写请单独配置 OpenAI 兼容 ASR 的 HERMES_ASR_BASE_URL，或设 HERMES_ASR_PROVIDER=mock。
2026-05-04 22:09:37 | WARNING  | app.services.llm | LLM 请求失败，回退到 mock：Client error '404 Not Found' for url 'http://localhost:11434/v1/chat/completions'
For more information check: https://developer.mozilla.org/en-US/docs/Web/HTTP/Status/404
2026-05-04 22:09:37 | WARNING  | app.services.llm | LLM 请求失败，回退到 mock：Client error '404 Not Found' for url 'http://localhost:11434/v1/chat/completions'
For more information check: https://developer.mozilla.org/en-US/docs/Web/HTTP/Status/404
2026-05-04 22:09:38 | WARNING  | app.services.llm | LLM 请求失败，回退到 mock：Client error '404 Not Found' for url 'http://localhost:11434/v1/chat/completions'
For more information check: https://developer.mozilla.org/en-US/docs/Web/HTTP/Status/404
2026-05-04 22:09:38 | WARNING  | app.services.llm | LLM 请求失败，回退到 mock：Client error '404 Not Found' for url 'http://localhost:11434/v1/chat/completions'
For more information check: https://developer.mozilla.org/en-US/docs/Web/HTTP/Status/404
2026-05-04 22:09:39 | WARNING  | app.services.llm | LLM 请求失败，回退到 mock：Client error '404 Not Found' for url 'http://localhost:11434/v1/chat/completions'
For more information check: https://developer.mozilla.org/en-US/docs/Web/HTTP/Status/404
2026-05-04 22:09:39 | WARNING  | app.services.llm | LLM 请求失败，回退到 mock：Client error '404 Not Found' for url 'http://localhost:11434/v1/chat/completions'
For more information check: https://developer.mozilla.org/en-US/docs/Web/HTTP/Status/404
2026-05-04 22:09:40 | WARNING  | app.services.llm | LLM 请求失败，回退到 mock：Client error '404 Not Found' for url 'http://localhost:11434/v1/chat/completions'
For more information check: https://developer.mozilla.org/en-US/docs/Web/HTTP/Status/404
2026-05-04 22:09:41 | WARNING  | app.services.llm | LLM 请求失败，回退到 mock：Client error '404 Not Found' for url 'http://localhost:11434/v1/chat/completions'
For more information check: https://developer.mozilla.org/en-US/docs/Web/HTTP/Status/404
2026-05-04 22:09:41 | WARNING  | app.services.llm | LLM 请求失败，回退到 mock：Client error '404 Not Found' for url 'http://localhost:11434/v1/chat/completions'
For more information check: https://developer.mozilla.org/en-US/docs/Web/HTTP/Status/404
2026-05-04 22:09:42 | WARNING  | app.services.llm | LLM 请求失败，回退到 mock：Client error '404 Not Found' for url 'http://localhost:11434/v1/chat/completions'
For more information check: https://developer.mozilla.org/en-US/docs/Web/HTTP/Status/404
2026-05-04 22:09:42 | WARNING  | app.services.llm | LLM 请求失败，回退到 mock：Client error '404 Not Found' for url 'http://localhost:11434/v1/chat/completions'
For more information check: https://developer.mozilla.org/en-US/docs/Web/HTTP/Status/404
2026-05-04 22:09:43 | WARNING  | app.services.llm | LLM 请求失败，回退到 mock：Client error '404 Not Found' for url 'http://localhost:11434/v1/chat/completions'
For more information check: https://developer.mozilla.org/en-US/docs/Web/HTTP/Status/404
2026-05-04 22:09:43 | WARNING  | app.services.llm | LLM 请求失败，回退到 mock：Client error '404 Not Found' for url 'http://localhost:11434/v1/chat/completions'
For more information check: https://developer.mozilla.org/en-US/docs/Web/HTTP/Status/404
2026-05-04 22:09:44 | WARNING  | app.services.llm | LLM 请求失败，回退到 mock：Client error '404 Not Found' for url 'http://localhost:11434/v1/chat/completions'
For more information check: https://developer.mozilla.org/en-US/docs/Web/HTTP/Status/404
2026-05-04 22:09:44 | WARNING  | app.services.llm | LLM 请求失败，回退到 mock：Client error '404 Not Found' for url 'http://localhost:11434/v1/chat/completions'
For more information check: https://developer.mozilla.org/en-US/docs/Web/HTTP/Status/404
2026-05-04 22:09:45 | WARNING  | app.services.llm | LLM 请求失败，回退到 mock：Client error '404 Not Found' for url 'http://localhost:11434/v1/chat/completions'
For more information check: https://developer.mozilla.org/en-US/docs/Web/HTTP/Status/404
2026-05-04 22:09:46 | WARNING  | app.services.llm | LLM 请求失败，回退到 mock：Client error '404 Not Found' for url 'http://localhost:11434/v1/chat/completions'
For more information check: https://developer.mozilla.org/en-US/docs/Web/HTTP/Status/404
2026-05-04 22:09:46 | WARNING  | app.services.llm | LLM 请求失败，回退到 mock：Client error '404 Not Found' for url 'http://localhost:11434/v1/chat/completions'
For more information check: https://developer.mozilla.org/en-US/docs/Web/HTTP/Status/404
2026-05-04 22:09:47 | WARNING  | app.services.llm | LLM 请求失败，回退到 mock：Client error '404 Not Found' for url 'http://localhost:11434/v1/chat/completions'
For more information check: https://developer.mozilla.org/en-US/docs/Web/HTTP/Status/404
2026-05-04 22:09:47 | WARNING  | app.services.llm | LLM 请求失败，回退到 mock：Client error '404 Not Found' for url 'http://localhost:11434/v1/chat/completions'
For more information check: https://developer.mozilla.org/en-US/docs/Web/HTTP/Status/404
2026-05-04 22:09:48 | WARNING  | app.services.llm | LLM 请求失败，回退到 mock：Client error '404 Not Found' for url 'http://localhost:11434/v1/chat/completions'
For more information check: https://developer.mozilla.org/en-US/docs/Web/HTTP/Status/404
2026-05-04 22:09:49 | WARNING  | app.services.llm | LLM 请求失败，回退到 mock：Client error '404 Not Found' for url 'http://localhost:11434/v1/chat/completions'
For more information check: https://developer.mozilla.org/en-US/docs/Web/HTTP/Status/404
2026-05-04 22:09:50 | WARNING  | app.services.llm | LLM 请求失败，回退到 mock：Client error '404 Not Found' for url 'http://localhost:11434/v1/chat/completions'
For more information check: https://developer.mozilla.org/en-US/docs/Web/HTTP/Status/404
2026-05-04 22:09:51 | WARNING  | app.services.llm | LLM 请求失败，回退到 mock：Client error '404 Not Found' for url 'http://localhost:11434/v1/chat/completions'
For more information check: https://developer.mozilla.org/en-US/docs/Web/HTTP/Status/404
2026-05-04 22:09:51 | WARNING  | app.services.llm | LLM 请求失败，回退到 mock：Client error '404 Not Found' for url 'http://localhost:11434/v1/chat/completions'
For more information check: https://developer.mozilla.org/en-US/docs/Web/HTTP/Status/404
2026-05-04 22:09:52 | WARNING  | app.services.llm | LLM 请求失败，回退到 mock：Client error '404 Not Found' for url 'http://localhost:11434/v1/chat/completions'
For more information check: https://developer.mozilla.org/en-US/docs/Web/HTTP/Status/404
2026-05-04 22:09:53 | WARNING  | app.services.llm | LLM 请求失败，回退到 mock：Client error '404 Not Found' for url 'http://localhost:11434/v1/chat/completions'
For more information check: https://developer.mozilla.org/en-US/docs/Web/HTTP/Status/404
2026-05-04 22:09:53 | WARNING  | app.services.llm | LLM 请求失败，回退到 mock：Client error '404 Not Found' for url 'http://localhost:11434/v1/chat/completions'
For more information check: https://developer.mozilla.org/en-US/docs/Web/HTTP/Status/404
2026-05-04 22:09:54 | WARNING  | app.services.llm | LLM 请求失败，回退到 mock：Client error '404 Not Found' for url 'http://localhost:11434/v1/chat/completions'
For more information check: https://developer.mozilla.org/en-US/docs/Web/HTTP/Status/404
2026-05-04 22:09:55 | WARNING  | app.services.llm | LLM 请求失败，回退到 mock：Client error '404 Not Found' for url 'http://localhost:11434/v1/chat/completions'
For more information check: https://developer.mozilla.org/en-US/docs/Web/HTTP/Status/404
2026-05-04 22:09:55 | WARNING  | app.services.llm | LLM 请求失败，回退到 mock：Client error '404 Not Found' for url 'http://localhost:11434/v1/chat/completions'
For more information check: https://developer.mozilla.org/en-US/docs/Web/HTTP/Status/404
2026-05-04 22:09:56 | WARNING  | app.services.llm | LLM 请求失败，回退到 mock：Client error '404 Not Found' for url 'http://localhost:11434/v1/chat/completions'
For more information check: https://developer.mozilla.org/en-US/docs/Web/HTTP/Status/404
2026-05-04 22:09:56 | WARNING  | app.services.llm | LLM 请求失败，回退到 mock：Client error '404 Not Found' for url 'http://localhost:11434/v1/chat/completions'
For more information check: https://developer.mozilla.org/en-US/docs/Web/HTTP/Status/404
2026-05-04 22:10:10 | INFO     | app.services.character_library | 角色库已重建 video=e7004747-83b rows=0 granularity=None
2026-05-04 22:10:10 | INFO     | hermes.http | ← POST /api/videos/upload 200 34843.8ms
2026-05-04 22:10:10 | INFO     | hermes.http | → GET /api/videos/e7004747-83bc-4b4f-a2e5-0e8acf4e6690
2026-05-04 22:10:10 | INFO     | hermes.http | → GET /api/videos/e7004747-83bc-4b4f-a2e5-0e8acf4e6690/timelines
2026-05-04 22:10:10 | INFO     | hermes.http | → GET /favicon.ico
2026-05-04 22:10:10 | INFO     | hermes.http | ← GET /favicon.ico 200 41.3ms
2026-05-04 22:10:10 | INFO     | hermes.http | ← GET /api/videos/e7004747-83bc-4b4f-a2e5-0e8acf4e6690 200 78.0ms
2026-05-04 22:10:10 | INFO     | hermes.http | ← GET /api/videos/e7004747-83bc-4b4f-a2e5-0e8acf4e6690/timelines 200 57.4ms
2026-05-04 22:10:10 | INFO     | hermes.http | → GET /api/chat/da00bf40-32bd-4970-926b-a0fc50395eaa/messages
2026-05-04 22:10:10 | INFO     | hermes.http | → GET /api/timelines/da00bf40-32bd-4970-926b-a0fc50395eaa/manifest
2026-05-04 22:10:10 | INFO     | hermes.http | ← GET /api/chat/da00bf40-32bd-4970-926b-a0fc50395eaa/messages 200 24.2ms
2026-05-04 22:10:11 | INFO     | hermes.http | ← GET /api/timelines/da00bf40-32bd-4970-926b-a0fc50395eaa/manifest 200 28.1ms
2026-05-04 22:12:27 | INFO     | hermes | 日志文件：/Volumes/d/hermes/backend/storage/logs/hermes.log（级别 INFO）
2026-05-04 22:12:28 | INFO     | hermes | 日志文件：/Volumes/d/hermes/backend/storage/logs/hermes.log（级别 INFO）
2026-05-04 22:12:28 | INFO     | hermes | 日志文件：/Volumes/d/hermes/backend/storage/logs/hermes.log（级别 INFO）
2026-05-04 22:12:29 | INFO     | hermes | 日志文件：/Volumes/d/hermes/backend/storage/logs/hermes.log（级别 INFO）
2026-05-04 22:12:29 | INFO     | hermes | 日志文件：/Volumes/d/hermes/backend/storage/logs/hermes.log（级别 INFO）
2026-05-04 22:12:34 | INFO     | hermes | 日志文件：/Volumes/d/hermes/backend/storage/logs/hermes.log（级别 INFO）
2026-05-04 22:12:36 | INFO     | hermes | 日志文件：/Volumes/d/hermes/backend/storage/logs/hermes.log（级别 INFO）
2026-05-04 22:12:37 | INFO     | hermes | 日志文件：/Volumes/d/hermes/backend/storage/logs/hermes.log（级别 INFO）
2026-05-04 22:12:38 | INFO     | hermes | 日志文件：/Volumes/d/hermes/backend/storage/logs/hermes.log（级别 INFO）
2026-05-04 22:12:42 | INFO     | hermes | 日志文件：/Volumes/d/hermes/backend/storage/logs/hermes.log（级别 INFO）
2026-05-04 22:12:50 | INFO     | hermes | 日志文件：/Volumes/d/hermes/backend/storage/logs/hermes.log（级别 INFO）
2026-05-04 22:13:00 | INFO     | hermes | 日志文件：/Volumes/d/hermes/backend/storage/logs/hermes.log（级别 INFO）
2026-05-04 22:13:01 | INFO     | hermes | 日志文件：/Volumes/d/hermes/backend/storage/logs/hermes.log（级别 INFO）
2026-05-04 22:13:02 | INFO     | hermes | 日志文件：/Volumes/d/hermes/backend/storage/logs/hermes.log（级别 INFO）
2026-05-04 22:13:23 | INFO     | hermes.http | → GET /api/videos
2026-05-04 22:13:23 | INFO     | hermes.http | → GET /favicon.ico
2026-05-04 22:13:23 | INFO     | hermes.http | ← GET /api/videos 200 19.3ms
2026-05-04 22:13:23 | INFO     | hermes.http | ← GET /favicon.ico 200 21.6ms
2026-05-04 22:13:23 | INFO     | hermes.http | → GET /api/assets/shots
2026-05-04 22:13:23 | INFO     | hermes.http | → GET /api/videos/e7004747-83bc-4b4f-a2e5-0e8acf4e6690/characters
2026-05-04 22:13:23 | INFO     | hermes.http | → GET /api/assets/timelines
2026-05-04 22:13:23 | INFO     | hermes.http | ← GET /api/assets/shots 200 151.0ms
2026-05-04 22:13:23 | INFO     | hermes.http | ← GET /api/assets/timelines 200 154.8ms
2026-05-04 22:13:23 | INFO     | hermes.http | ← GET /api/videos/e7004747-83bc-4b4f-a2e5-0e8acf4e6690/characters 200 155.5ms
2026-05-04 22:13:27 | INFO     | hermes.http | → DELETE /api/videos/e7004747-83bc-4b4f-a2e5-0e8acf4e6690
2026-05-04 22:13:27 | INFO     | hermes.http | ← DELETE /api/videos/e7004747-83bc-4b4f-a2e5-0e8acf4e6690 200 47.4ms
2026-05-04 22:13:27 | INFO     | hermes.http | → GET /api/videos
2026-05-04 22:13:27 | INFO     | hermes.http | ← GET /api/videos 200 1.5ms
2026-05-04 22:13:27 | INFO     | hermes.http | → GET /api/assets/shots
2026-05-04 22:13:27 | INFO     | hermes.http | → GET /api/assets/timelines
2026-05-04 22:13:27 | INFO     | hermes.http | → GET /api/videos/f897583c-0754-45da-9794-26e2697e12a4/characters
2026-05-04 22:13:27 | INFO     | hermes.http | ← GET /api/assets/shots 200 6.8ms
2026-05-04 22:13:27 | INFO     | hermes.http | ← GET /api/videos/f897583c-0754-45da-9794-26e2697e12a4/characters 200 7.2ms
2026-05-04 22:13:27 | INFO     | hermes.http | ← GET /api/assets/timelines 200 7.7ms
2026-05-04 22:13:35 | INFO     | hermes.http | → POST /api/videos/upload
2026-05-04 22:13:35 | INFO     | app.services.analysis | 镜头分析 MiniMax VLM video=神剑2 index=0 file=0000.mp4
2026-05-04 22:13:46 | INFO     | app.services.asr | ASR：当前 ASR 基址为 api.minimaxi.com，该平台无 OpenAI 兼容的 /v1/audio/transcriptions，已跳过（避免每镜 404）。需要转写请单独配置 OpenAI 兼容 ASR 的 HERMES_ASR_BASE_URL，或设 HERMES_ASR_PROVIDER=mock。
2026-05-04 22:13:47 | INFO     | app.services.analysis | 镜头分析 MiniMax VLM video=神剑2 index=1 file=0001.mp4
2026-05-04 22:13:57 | INFO     | app.services.analysis | 镜头分析 MiniMax VLM video=神剑2 index=2 file=0002.mp4
2026-05-04 22:14:05 | INFO     | app.services.analysis | 镜头分析 MiniMax VLM video=神剑2 index=3 file=0003.mp4
2026-05-04 22:14:23 | INFO     | app.services.analysis | 镜头分析 MiniMax VLM video=神剑2 index=4 file=0004.mp4
2026-05-04 22:14:38 | INFO     | app.services.analysis | 镜头分析 MiniMax VLM video=神剑2 index=5 file=0005.mp4
2026-05-04 22:14:53 | INFO     | app.services.analysis | 镜头分析 MiniMax VLM video=神剑2 index=6 file=0006.mp4
2026-05-04 22:15:08 | INFO     | app.services.analysis | 镜头分析 MiniMax VLM video=神剑2 index=7 file=0007.mp4
2026-05-04 22:15:16 | INFO     | app.services.analysis | 镜头分析 MiniMax VLM video=神剑2 index=8 file=0008.mp4
2026-05-04 22:15:28 | INFO     | app.services.analysis | 镜头分析 MiniMax VLM video=神剑2 index=9 file=0009.mp4
2026-05-04 22:15:47 | INFO     | app.services.analysis | 镜头分析 MiniMax VLM video=神剑2 index=10 file=0010.mp4
2026-05-04 22:16:03 | INFO     | app.services.analysis | 镜头分析 MiniMax VLM video=神剑2 index=11 file=0011.mp4
2026-05-04 22:16:17 | INFO     | app.services.analysis | 镜头分析 MiniMax VLM video=神剑2 index=12 file=0012.mp4
2026-05-04 22:16:30 | INFO     | app.services.analysis | 镜头分析 MiniMax VLM video=神剑2 index=13 file=0013.mp4
2026-05-04 22:16:38 | INFO     | app.services.analysis | 镜头分析 MiniMax VLM video=神剑2 index=14 file=0014.mp4
2026-05-04 22:16:47 | INFO     | app.services.analysis | 镜头分析 MiniMax VLM video=神剑2 index=15 file=0015.mp4
2026-05-04 22:17:00 | INFO     | app.services.analysis | 镜头分析 MiniMax VLM video=神剑2 index=16 file=0016.mp4
2026-05-04 22:17:12 | INFO     | app.services.analysis | 镜头分析 MiniMax VLM video=神剑2 index=17 file=0017.mp4
2026-05-04 22:17:22 | INFO     | app.services.analysis | 镜头分析 MiniMax VLM video=神剑2 index=18 file=0018.mp4
2026-05-04 22:17:38 | INFO     | app.services.analysis | 镜头分析 MiniMax VLM video=神剑2 index=19 file=0019.mp4
2026-05-04 22:17:48 | INFO     | app.services.analysis | 镜头分析 MiniMax VLM video=神剑2 index=20 file=0020.mp4
2026-05-04 22:17:57 | INFO     | app.services.analysis | 镜头分析 MiniMax VLM video=神剑2 index=21 file=0021.mp4
2026-05-04 22:18:10 | INFO     | app.services.analysis | 镜头分析 MiniMax VLM video=神剑2 index=22 file=0022.mp4
2026-05-04 22:18:25 | INFO     | app.services.analysis | 镜头分析 MiniMax VLM video=神剑2 index=23 file=0023.mp4
2026-05-04 22:18:41 | INFO     | app.services.analysis | 镜头分析 MiniMax VLM video=神剑2 index=24 file=0024.mp4
2026-05-04 22:18:53 | INFO     | app.services.analysis | 镜头分析 MiniMax VLM video=神剑2 index=25 file=0025.mp4
2026-05-04 22:19:05 | INFO     | app.services.analysis | 镜头分析 MiniMax VLM video=神剑2 index=26 file=0026.mp4
2026-05-04 22:19:16 | INFO     | app.services.analysis | 镜头分析 MiniMax VLM video=神剑2 index=27 file=0027.mp4
2026-05-04 22:19:38 | INFO     | app.services.analysis | 镜头分析 MiniMax VLM video=神剑2 index=28 file=0028.mp4
2026-05-04 22:19:52 | INFO     | app.services.analysis | 镜头分析 MiniMax VLM video=神剑2 index=29 file=0029.mp4
2026-05-04 22:20:06 | INFO     | app.services.analysis | 镜头分析 MiniMax VLM video=神剑2 index=30 file=0030.mp4
2026-05-04 22:20:21 | INFO     | app.services.analysis | 镜头分析 MiniMax VLM video=神剑2 index=31 file=0031.mp4
2026-05-04 22:20:42 | INFO     | app.services.analysis | 镜头分析 MiniMax VLM video=神剑2 index=32 file=0032.mp4
2026-05-04 22:20:54 | INFO     | app.services.analysis | 镜头分析 MiniMax VLM video=神剑2 index=33 file=0033.mp4
2026-05-04 22:21:52 | INFO     | app.services.character_library | 角色库已重建 video=5f150c66-1f6 rows=41 granularity=None
2026-05-04 22:21:52 | INFO     | hermes.http | → GET /api/videos
2026-05-04 22:21:52 | INFO     | hermes.http | → GET /favicon.ico
2026-05-04 22:21:52 | INFO     | hermes.http | ← POST /api/videos/upload 200 497617.9ms
2026-05-04 22:21:52 | INFO     | hermes.http | ← GET /favicon.ico 200 2.5ms
2026-05-04 22:21:52 | INFO     | hermes.http | ← GET /api/videos 200 6.2ms
2026-05-04 22:21:52 | INFO     | hermes.http | → GET /favicon.ico
2026-05-04 22:21:52 | INFO     | hermes.http | → GET /api/videos
2026-05-04 22:21:52 | INFO     | hermes.http | ← GET /favicon.ico 200 1.6ms
2026-05-04 22:21:52 | INFO     | hermes.http | → GET /favicon.ico
2026-05-04 22:21:52 | INFO     | hermes.http | ← GET /api/videos 200 2.8ms
2026-05-04 22:21:52 | INFO     | hermes.http | ← GET /favicon.ico 200 0.8ms
2026-05-04 22:21:52 | INFO     | hermes.http | → GET /api/videos/5f150c66-1f65-45ca-a216-ce649ffa84bb
2026-05-04 22:21:52 | INFO     | hermes.http | → GET /api/videos/5f150c66-1f65-45ca-a216-ce649ffa84bb/timelines
2026-05-04 22:21:52 | INFO     | hermes.http | → GET /favicon.ico
2026-05-04 22:21:52 | INFO     | hermes.http | ← GET /favicon.ico 200 22.7ms
2026-05-04 22:21:52 | INFO     | hermes.http | ← GET /api/videos/5f150c66-1f65-45ca-a216-ce649ffa84bb 200 32.6ms
2026-05-04 22:21:52 | INFO     | hermes.http | ← GET /api/videos/5f150c66-1f65-45ca-a216-ce649ffa84bb/timelines 200 32.8ms
2026-05-04 22:21:52 | INFO     | hermes.http | → GET /api/chat/19e2ffff-d04a-419f-8a07-969e2c0b85ec/messages
2026-05-04 22:21:52 | INFO     | hermes.http | → GET /api/timelines/19e2ffff-d04a-419f-8a07-969e2c0b85ec/manifest
2026-05-04 22:21:52 | INFO     | hermes.http | ← GET /api/chat/19e2ffff-d04a-419f-8a07-969e2c0b85ec/messages 200 25.0ms
2026-05-04 22:21:52 | INFO     | hermes.http | ← GET /api/timelines/19e2ffff-d04a-419f-8a07-969e2c0b85ec/manifest 200 29.5ms
2026-05-04 22:21:55 | INFO     | hermes.http | → GET /favicon.ico
2026-05-04 22:21:55 | INFO     | hermes.http | ← GET /favicon.ico 200 2.3ms
2026-05-04 22:21:55 | INFO     | hermes.http | → GET /api/videos
2026-05-04 22:21:56 | INFO     | hermes.http | ← GET /api/videos 200 6.1ms
2026-05-04 22:21:56 | INFO     | hermes.http | → GET /api/assets/shots
2026-05-04 22:21:56 | INFO     | hermes.http | → GET /api/assets/timelines
2026-05-04 22:21:56 | INFO     | hermes.http | → GET /api/videos/5f150c66-1f65-45ca-a216-ce649ffa84bb/characters
2026-05-04 22:21:56 | INFO     | hermes.http | ← GET /api/videos/5f150c66-1f65-45ca-a216-ce649ffa84bb/characters 200 9.8ms
2026-05-04 22:21:56 | INFO     | hermes.http | ← GET /api/assets/shots 200 10.8ms
2026-05-04 22:21:56 | INFO     | hermes.http | ← GET /api/assets/timelines 200 10.9ms
2026-05-04 22:22:01 | INFO     | hermes.http | → GET /api/assets/shots
2026-05-04 22:22:01 | INFO     | hermes.http | → GET /api/assets/timelines
2026-05-04 22:22:01 | INFO     | hermes.http | → GET /api/videos/f897583c-0754-45da-9794-26e2697e12a4/characters
2026-05-04 22:22:01 | INFO     | hermes.http | ← GET /api/assets/shots 200 8.6ms
2026-05-04 22:22:01 | INFO     | hermes.http | ← GET /api/videos/f897583c-0754-45da-9794-26e2697e12a4/characters 200 8.9ms
2026-05-04 22:22:01 | INFO     | hermes.http | ← GET /api/assets/timelines 200 11.4ms
2026-05-04 22:22:03 | INFO     | hermes.http | → GET /api/assets/timelines
2026-05-04 22:22:03 | INFO     | hermes.http | → GET /api/videos/5f150c66-1f65-45ca-a216-ce649ffa84bb/characters
2026-05-04 22:22:03 | INFO     | hermes.http | → GET /api/assets/shots
2026-05-04 22:22:03 | INFO     | hermes.http | ← GET /api/assets/shots 200 12.8ms
2026-05-04 22:22:03 | INFO     | hermes.http | ← GET /api/assets/timelines 200 15.5ms
2026-05-04 22:22:03 | INFO     | hermes.http | ← GET /api/videos/5f150c66-1f65-45ca-a216-ce649ffa84bb/characters 200 16.5ms
2026-05-04 22:24:49 | INFO     | hermes.http | → GET /api/assets/shots
2026-05-04 22:24:49 | INFO     | hermes.http | → GET /api/videos/5f150c66-1f65-45ca-a216-ce649ffa84bb/characters
2026-05-04 22:24:49 | INFO     | hermes.http | → GET /api/assets/timelines
2026-05-04 22:24:49 | INFO     | hermes.http | ← GET /api/videos/5f150c66-1f65-45ca-a216-ce649ffa84bb/characters 200 58.9ms
2026-05-04 22:24:49 | INFO     | hermes.http | ← GET /api/assets/shots 200 65.9ms
2026-05-04 22:24:49 | INFO     | hermes.http | ← GET /api/assets/timelines 200 65.3ms
2026-05-04 22:25:39 | INFO     | hermes.http | → GET /api/videos
2026-05-04 22:25:39 | INFO     | hermes.http | → GET /favicon.ico
2026-05-04 22:25:39 | INFO     | hermes.http | ← GET /favicon.ico 200 35.6ms
2026-05-04 22:25:39 | INFO     | hermes.http | ← GET /api/videos 200 50.6ms
2026-05-04 22:25:39 | INFO     | hermes.http | → GET /api/videos/5f150c66-1f65-45ca-a216-ce649ffa84bb
2026-05-04 22:25:39 | INFO     | hermes.http | → GET /api/videos/5f150c66-1f65-45ca-a216-ce649ffa84bb/timelines
2026-05-04 22:25:39 | INFO     | hermes.http | ← GET /api/videos/5f150c66-1f65-45ca-a216-ce649ffa84bb 200 65.7ms
2026-05-04 22:25:39 | INFO     | hermes.http | ← GET /api/videos/5f150c66-1f65-45ca-a216-ce649ffa84bb/timelines 200 73.7ms
2026-05-04 22:25:39 | INFO     | hermes.http | → GET /api/chat/19e2ffff-d04a-419f-8a07-969e2c0b85ec/messages
2026-05-04 22:25:39 | INFO     | hermes.http | → GET /api/timelines/19e2ffff-d04a-419f-8a07-969e2c0b85ec/manifest
2026-05-04 22:25:39 | INFO     | hermes.http | ← GET /api/chat/19e2ffff-d04a-419f-8a07-969e2c0b85ec/messages 200 6.7ms
2026-05-04 22:25:39 | INFO     | hermes.http | ← GET /api/timelines/19e2ffff-d04a-419f-8a07-969e2c0b85ec/manifest 200 7.4ms
2026-05-04 22:26:25 | INFO     | hermes.http | → POST /api/chat
2026-05-04 22:26:38 | INFO     | app.routes.chat | 对话请求 intent=qa timeline=19e2ffff-d04 play=41.00s profile=fast chars=6
2026-05-04 22:26:50 | INFO     | hermes.http | ← POST /api/chat 200 25475.7ms
2026-05-04 22:30:23 | INFO     | hermes | 日志文件：/Volumes/d/hermes/backend/storage/logs/hermes.log（级别 INFO）
2026-05-04 22:30:24 | INFO     | hermes | 日志文件：/Volumes/d/hermes/backend/storage/logs/hermes.log（级别 INFO）
2026-05-04 22:30:40 | INFO     | hermes | 日志文件：/Volumes/d/hermes/backend/storage/logs/hermes.log（级别 INFO）
2026-05-04 22:30:46 | INFO     | hermes | 日志文件：/Volumes/d/hermes/backend/storage/logs/hermes.log（级别 INFO）
2026-05-04 22:30:47 | INFO     | hermes | 日志文件：/Volumes/d/hermes/backend/storage/logs/hermes.log（级别 INFO）
2026-05-04 22:30:47 | INFO     | hermes | 日志文件：/Volumes/d/hermes/backend/storage/logs/hermes.log（级别 INFO）
2026-05-04 22:31:16 | INFO     | hermes.http | → POST /api/chat
2026-05-04 22:31:21 | INFO     | app.routes.chat | 对话请求 intent=intervention timeline=19e2ffff-d04 play=2.60s profile=fast chars=12
2026-05-04 22:31:38 | INFO     | hermes.http | → GET /api/videos
2026-05-04 22:31:38 | INFO     | hermes.http | → GET /favicon.ico
2026-05-04 22:31:38 | INFO     | hermes.http | ← GET /favicon.ico 200 41.6ms
2026-05-04 22:31:38 | INFO     | hermes.http | ← GET /api/videos 200 55.6ms
2026-05-04 22:31:38 | INFO     | hermes.http | → GET /api/assets/timelines
2026-05-04 22:31:38 | INFO     | hermes.http | → GET /api/videos/5f150c66-1f65-45ca-a216-ce649ffa84bb/characters
2026-05-04 22:31:38 | INFO     | hermes.http | → GET /api/assets/shots
2026-05-04 22:31:38 | INFO     | hermes.http | ← GET /api/assets/timelines 200 59.2ms
2026-05-04 22:31:38 | INFO     | hermes.http | ← GET /api/assets/shots 200 59.6ms
2026-05-04 22:31:38 | INFO     | hermes.http | ← GET /api/videos/5f150c66-1f65-45ca-a216-ce649ffa84bb/characters 200 61.3ms
2026-05-04 22:31:42 | INFO     | hermes.http | → GET /api/assets/shots
2026-05-04 22:31:42 | INFO     | hermes.http | → GET /api/assets/timelines
2026-05-04 22:31:42 | INFO     | hermes.http | → GET /api/videos/5f150c66-1f65-45ca-a216-ce649ffa84bb/characters
2026-05-04 22:31:42 | INFO     | hermes.http | ← GET /api/assets/shots 200 32.8ms
2026-05-04 22:31:42 | INFO     | hermes.http | ← GET /api/videos/5f150c66-1f65-45ca-a216-ce649ffa84bb/characters 200 12.0ms
2026-05-04 22:31:42 | INFO     | hermes.http | ← GET /api/assets/timelines 200 33.2ms
2026-05-04 22:32:01 | INFO     | hermes.http | → GET /api/videos
2026-05-04 22:32:01 | INFO     | hermes.http | ← GET /api/videos 200 27.9ms
2026-05-04 22:32:01 | INFO     | hermes.http | → GET /api/videos/5f150c66-1f65-45ca-a216-ce649ffa84bb/timelines
2026-05-04 22:32:01 | INFO     | hermes.http | → GET /api/videos/5f150c66-1f65-45ca-a216-ce649ffa84bb
2026-05-04 22:32:01 | INFO     | hermes.http | ← GET /api/videos/5f150c66-1f65-45ca-a216-ce649ffa84bb 200 32.0ms
2026-05-04 22:32:01 | INFO     | hermes.http | ← GET /api/videos/5f150c66-1f65-45ca-a216-ce649ffa84bb/timelines 200 35.7ms
2026-05-04 22:32:01 | INFO     | hermes.http | → GET /api/chat/19e2ffff-d04a-419f-8a07-969e2c0b85ec/messages
2026-05-04 22:32:01 | INFO     | hermes.http | → GET /api/timelines/19e2ffff-d04a-419f-8a07-969e2c0b85ec/manifest
2026-05-04 22:32:01 | INFO     | hermes.http | ← GET /api/chat/19e2ffff-d04a-419f-8a07-969e2c0b85ec/messages 200 9.5ms
2026-05-04 22:32:01 | INFO     | hermes.http | ← GET /api/timelines/19e2ffff-d04a-419f-8a07-969e2c0b85ec/manifest 200 11.3ms
2026-05-04 22:33:02 | INFO     | hermes.http | → GET /api/videos
2026-05-04 22:33:02 | INFO     | hermes.http | ← GET /api/videos 200 53.0ms
2026-05-04 22:33:02 | INFO     | hermes.http | → GET /api/assets/shots
2026-05-04 22:33:02 | INFO     | hermes.http | → GET /api/videos/5f150c66-1f65-45ca-a216-ce649ffa84bb/characters
2026-05-04 22:33:02 | INFO     | hermes.http | → GET /api/assets/timelines
2026-05-04 22:33:02 | INFO     | hermes.http | ← GET /api/assets/shots 200 35.9ms
2026-05-04 22:33:02 | INFO     | hermes.http | ← GET /api/assets/timelines 200 15.7ms
2026-05-04 22:33:02 | INFO     | hermes.http | ← GET /api/videos/5f150c66-1f65-45ca-a216-ce649ffa84bb/characters 200 39.9ms
2026-05-04 22:33:07 | INFO     | hermes.http | → GET /api/assets/timelines
2026-05-04 22:33:07 | INFO     | hermes.http | → GET /api/videos/5f150c66-1f65-45ca-a216-ce649ffa84bb/characters
2026-05-04 22:33:07 | INFO     | hermes.http | → GET /api/assets/shots
2026-05-04 22:33:07 | INFO     | hermes.http | ← GET /api/videos/5f150c66-1f65-45ca-a216-ce649ffa84bb/characters 200 23.1ms
2026-05-04 22:33:07 | INFO     | hermes.http | ← GET /api/assets/shots 200 21.7ms
2026-05-04 22:33:07 | INFO     | hermes.http | ← GET /api/assets/timelines 200 27.9ms
2026-05-04 22:33:37 | INFO     | hermes.http | ← POST /api/chat 200 141606.6ms
2026-05-04 22:33:45 | INFO     | hermes | 日志文件：/Volumes/d/hermes/backend/storage/logs/hermes.log（级别 INFO）
2026-05-04 22:33:47 | INFO     | hermes | 日志文件：/Volumes/d/hermes/backend/storage/logs/hermes.log（级别 INFO）
2026-05-04 22:34:00 | INFO     | hermes | 日志文件：/Volumes/d/hermes/backend/storage/logs/hermes.log（级别 INFO）
2026-05-04 22:35:18 | INFO     | hermes.http | → GET /favicon.ico
2026-05-04 22:35:18 | INFO     | hermes.http | → GET /api/videos
2026-05-04 22:35:18 | INFO     | hermes.http | ← GET /favicon.ico 200 26.6ms
2026-05-04 22:35:18 | INFO     | hermes.http | ← GET /api/videos 200 28.7ms
2026-05-04 22:35:18 | INFO     | hermes.http | → GET /api/videos/5f150c66-1f65-45ca-a216-ce649ffa84bb
2026-05-04 22:35:18 | INFO     | hermes.http | → GET /api/videos/5f150c66-1f65-45ca-a216-ce649ffa84bb/timelines
2026-05-04 22:35:18 | INFO     | hermes.http | ← GET /api/videos/5f150c66-1f65-45ca-a216-ce649ffa84bb 200 26.9ms
2026-05-04 22:35:18 | INFO     | hermes.http | ← GET /api/videos/5f150c66-1f65-45ca-a216-ce649ffa84bb/timelines 200 52.3ms
2026-05-04 22:35:18 | INFO     | hermes.http | → GET /api/chat/19e2ffff-d04a-419f-8a07-969e2c0b85ec/messages
2026-05-04 22:35:18 | INFO     | hermes.http | → GET /api/timelines/19e2ffff-d04a-419f-8a07-969e2c0b85ec/manifest
2026-05-04 22:35:18 | INFO     | hermes.http | ← GET /api/chat/19e2ffff-d04a-419f-8a07-969e2c0b85ec/messages 200 44.6ms
2026-05-04 22:35:18 | INFO     | hermes.http | ← GET /api/timelines/19e2ffff-d04a-419f-8a07-969e2c0b85ec/manifest 200 44.9ms
2026-05-04 22:35:27 | INFO     | hermes.http | → POST /api/chat
2026-05-04 22:35:30 | INFO     | hermes.http | ← POST /api/chat 200 3295.2ms
2026-05-04 22:35:39 | INFO     | hermes.http | → GET /
2026-05-04 22:35:39 | INFO     | hermes.http | ← GET / 200 5.4ms
2026-05-04 22:35:39 | INFO     | hermes.http | → GET /assets/index-CC-khecP.css
2026-05-04 22:35:39 | INFO     | hermes.http | → GET /assets/index-4LlghGKl.js
2026-05-04 22:35:39 | INFO     | hermes.http | ← GET /assets/index-CC-khecP.css 304 77.6ms
2026-05-04 22:35:39 | INFO     | hermes.http | ← GET /assets/index-4LlghGKl.js 304 45.9ms
2026-05-04 22:35:39 | INFO     | hermes.http | → GET /api/videos
2026-05-04 22:35:39 | INFO     | hermes.http | ← GET /api/videos 200 9.8ms
2026-05-04 22:35:39 | INFO     | hermes.http | → GET /api/videos/5f150c66-1f65-45ca-a216-ce649ffa84bb
2026-05-04 22:35:39 | INFO     | hermes.http | → GET /api/videos/5f150c66-1f65-45ca-a216-ce649ffa84bb/timelines
2026-05-04 22:35:39 | INFO     | hermes.http | ← GET /api/videos/5f150c66-1f65-45ca-a216-ce649ffa84bb 200 12.3ms
2026-05-04 22:35:39 | INFO     | hermes.http | ← GET /api/videos/5f150c66-1f65-45ca-a216-ce649ffa84bb/timelines 200 12.6ms
2026-05-04 22:35:39 | INFO     | hermes.http | → GET /api/chat/19e2ffff-d04a-419f-8a07-969e2c0b85ec/messages
2026-05-04 22:35:39 | INFO     | hermes.http | → GET /api/timelines/19e2ffff-d04a-419f-8a07-969e2c0b85ec/manifest
2026-05-04 22:35:39 | INFO     | hermes.http | ← GET /api/chat/19e2ffff-d04a-419f-8a07-969e2c0b85ec/messages 200 9.9ms
2026-05-04 22:35:39 | INFO     | hermes.http | ← GET /api/timelines/19e2ffff-d04a-419f-8a07-969e2c0b85ec/manifest 200 10.5ms
2026-05-04 22:36:01 | INFO     | hermes.http | → GET /api/videos
2026-05-04 22:36:01 | INFO     | hermes.http | ← GET /api/videos 200 23.3ms
2026-05-04 22:36:01 | INFO     | hermes.http | → GET /api/assets/shots
2026-05-04 22:36:01 | INFO     | hermes.http | → GET /api/videos/5f150c66-1f65-45ca-a216-ce649ffa84bb/characters
2026-05-04 22:36:01 | INFO     | hermes.http | → GET /api/assets/timelines
2026-05-04 22:36:02 | INFO     | hermes.http | ← GET /api/assets/shots 200 23.5ms
2026-05-04 22:36:02 | INFO     | hermes.http | ← GET /api/assets/timelines 200 26.5ms
2026-05-04 22:36:02 | INFO     | hermes.http | ← GET /api/videos/5f150c66-1f65-45ca-a216-ce649ffa84bb/characters 200 30.1ms
2026-05-04 22:36:05 | INFO     | hermes.http | → GET /api/assets/shots
2026-05-04 22:36:05 | INFO     | hermes.http | → GET /api/assets/timelines
2026-05-04 22:36:05 | INFO     | hermes.http | → GET /api/videos/5f150c66-1f65-45ca-a216-ce649ffa84bb/characters
2026-05-04 22:36:05 | INFO     | hermes.http | ← GET /api/assets/shots 200 16.6ms
2026-05-04 22:36:05 | INFO     | hermes.http | ← GET /api/videos/5f150c66-1f65-45ca-a216-ce649ffa84bb/characters 200 19.7ms
2026-05-04 22:36:05 | INFO     | hermes.http | ← GET /api/assets/timelines 200 26.2ms
2026-05-04 22:40:35 | INFO     | hermes.http | → GET /api/videos
2026-05-04 22:40:35 | INFO     | hermes.http | → GET /favicon.ico
2026-05-04 22:40:35 | INFO     | hermes.http | ← GET /favicon.ico 200 11.2ms
2026-05-04 22:40:35 | INFO     | hermes.http | ← GET /api/videos 200 25.6ms
2026-05-04 22:40:35 | INFO     | hermes.http | → GET /api/videos/5f150c66-1f65-45ca-a216-ce649ffa84bb
2026-05-04 22:40:36 | INFO     | hermes.http | → GET /api/videos/5f150c66-1f65-45ca-a216-ce649ffa84bb/timelines
2026-05-04 22:40:36 | INFO     | hermes.http | ← GET /api/videos/5f150c66-1f65-45ca-a216-ce649ffa84bb 200 69.3ms
2026-05-04 22:40:36 | INFO     | hermes.http | ← GET /api/videos/5f150c66-1f65-45ca-a216-ce649ffa84bb/timelines 200 60.6ms
2026-05-04 22:40:36 | INFO     | hermes.http | → GET /api/chat/19e2ffff-d04a-419f-8a07-969e2c0b85ec/messages
2026-05-04 22:40:36 | INFO     | hermes.http | → GET /api/timelines/19e2ffff-d04a-419f-8a07-969e2c0b85ec/manifest
2026-05-04 22:40:36 | INFO     | hermes.http | ← GET /api/chat/19e2ffff-d04a-419f-8a07-969e2c0b85ec/messages 200 10.3ms
2026-05-04 22:40:36 | INFO     | hermes.http | ← GET /api/timelines/19e2ffff-d04a-419f-8a07-969e2c0b85ec/manifest 200 7.9ms
2026-05-04 22:41:35 | INFO     | hermes | 日志文件：/Volumes/d/hermes/backend/storage/logs/hermes.log（级别 INFO）
2026-05-04 22:41:59 | INFO     | hermes | 日志文件：/Volumes/d/hermes/backend/storage/logs/hermes.log（级别 INFO）
2026-05-04 22:42:03 | INFO     | hermes | 日志文件：/Volumes/d/hermes/backend/storage/logs/hermes.log（级别 INFO）
2026-05-04 22:42:04 | INFO     | hermes | 日志文件：/Volumes/d/hermes/backend/storage/logs/hermes.log（级别 INFO）
2026-05-04 22:42:05 | INFO     | hermes | 日志文件：/Volumes/d/hermes/backend/storage/logs/hermes.log（级别 INFO）
2026-05-04 22:42:06 | INFO     | hermes | 日志文件：/Volumes/d/hermes/backend/storage/logs/hermes.log（级别 INFO）
2026-05-04 22:42:09 | INFO     | hermes | 日志文件：/Volumes/d/hermes/backend/storage/logs/hermes.log（级别 INFO）
2026-05-04 22:42:19 | INFO     | hermes | 日志文件：/Volumes/d/hermes/backend/storage/logs/hermes.log（级别 INFO）
2026-05-04 22:42:26 | INFO     | hermes | 日志文件：/Volumes/d/hermes/backend/storage/logs/hermes.log（级别 INFO）
2026-05-04 22:42:27 | INFO     | hermes | 日志文件：/Volumes/d/hermes/backend/storage/logs/hermes.log（级别 INFO）
2026-05-04 22:42:27 | INFO     | hermes | 日志文件：/Volumes/d/hermes/backend/storage/logs/hermes.log（级别 INFO）
2026-05-04 22:43:50 | INFO     | hermes | 日志文件：/Volumes/d/hermes/backend/storage/logs/hermes.log（级别 INFO）
2026-05-04 22:44:23 | INFO     | hermes.http | → GET /api/videos
2026-05-04 22:44:23 | INFO     | hermes.http | → GET /favicon.ico
2026-05-04 22:44:24 | INFO     | hermes.http | ← GET /favicon.ico 200 68.1ms
2026-05-04 22:44:24 | INFO     | hermes.http | ← GET /api/videos 200 86.6ms
2026-05-04 22:44:24 | INFO     | hermes.http | → GET /api/assets/shots
2026-05-04 22:44:24 | INFO     | hermes.http | → GET /api/assets/timelines
2026-05-04 22:44:24 | INFO     | hermes.http | → GET /api/videos/5f150c66-1f65-45ca-a216-ce649ffa84bb/characters
2026-05-04 22:44:24 | INFO     | hermes.http | ← GET /api/assets/shots 200 81.2ms
2026-05-04 22:44:24 | INFO     | hermes.http | ← GET /api/assets/timelines 200 80.6ms
2026-05-04 22:44:24 | INFO     | hermes.http | ← GET /api/videos/5f150c66-1f65-45ca-a216-ce649ffa84bb/characters 200 47.2ms
2026-05-04 22:45:16 | INFO     | hermes.http | → GET /api/videos
2026-05-04 22:45:16 | INFO     | hermes.http | ← GET /api/videos 200 67.1ms
2026-05-04 22:45:16 | INFO     | hermes.http | → GET /api/videos/5f150c66-1f65-45ca-a216-ce649ffa84bb
2026-05-04 22:45:16 | INFO     | hermes.http | → GET /api/videos/5f150c66-1f65-45ca-a216-ce649ffa84bb/timelines
2026-05-04 22:45:16 | INFO     | hermes.http | ← GET /api/videos/5f150c66-1f65-45ca-a216-ce649ffa84bb 200 15.8ms
2026-05-04 22:45:16 | INFO     | hermes.http | ← GET /api/videos/5f150c66-1f65-45ca-a216-ce649ffa84bb/timelines 200 16.8ms
2026-05-04 22:45:16 | INFO     | hermes.http | → GET /api/chat/19e2ffff-d04a-419f-8a07-969e2c0b85ec/messages
2026-05-04 22:45:16 | INFO     | hermes.http | → GET /api/timelines/19e2ffff-d04a-419f-8a07-969e2c0b85ec/manifest
2026-05-04 22:45:16 | INFO     | hermes.http | ← GET /api/chat/19e2ffff-d04a-419f-8a07-969e2c0b85ec/messages 200 8.8ms
2026-05-04 22:45:16 | INFO     | hermes.http | ← GET /api/timelines/19e2ffff-d04a-419f-8a07-969e2c0b85ec/manifest 200 9.4ms
2026-05-04 22:47:43 | INFO     | hermes.http | → GET /
2026-05-04 22:47:43 | INFO     | hermes.http | ← GET / 200 2.9ms
2026-05-04 22:47:43 | INFO     | hermes.http | → GET /assets/index-4LlghGKl.js
2026-05-04 22:47:43 | INFO     | hermes.http | → GET /assets/index-CC-khecP.css
2026-05-04 22:47:43 | INFO     | hermes.http | ← GET /assets/index-4LlghGKl.js 200 2.4ms
2026-05-04 22:47:43 | INFO     | hermes.http | ← GET /assets/index-CC-khecP.css 200 2.9ms
2026-05-04 22:47:43 | INFO     | hermes.http | → GET /api/videos
2026-05-04 22:47:43 | INFO     | hermes.http | ← GET /api/videos 200 6.7ms
2026-05-04 22:47:43 | INFO     | hermes.http | → GET /api/videos/5f150c66-1f65-45ca-a216-ce649ffa84bb
2026-05-04 22:47:43 | INFO     | hermes.http | → GET /api/videos/5f150c66-1f65-45ca-a216-ce649ffa84bb/timelines
2026-05-04 22:47:43 | INFO     | hermes.http | ← GET /api/videos/5f150c66-1f65-45ca-a216-ce649ffa84bb 200 3.8ms
2026-05-04 22:47:43 | INFO     | hermes.http | ← GET /api/videos/5f150c66-1f65-45ca-a216-ce649ffa84bb/timelines 200 5.4ms
2026-05-04 22:47:43 | INFO     | hermes.http | → GET /api/chat/19e2ffff-d04a-419f-8a07-969e2c0b85ec/messages
2026-05-04 22:47:43 | INFO     | hermes.http | → GET /api/timelines/19e2ffff-d04a-419f-8a07-969e2c0b85ec/manifest
2026-05-04 22:47:43 | INFO     | hermes.http | ← GET /api/chat/19e2ffff-d04a-419f-8a07-969e2c0b85ec/messages 200 2.5ms
2026-05-04 22:47:43 | INFO     | hermes.http | ← GET /api/timelines/19e2ffff-d04a-419f-8a07-969e2c0b85ec/manifest 200 2.8ms
2026-05-04 22:48:36 | INFO     | hermes.http | → GET /
2026-05-04 22:48:36 | INFO     | hermes.http | ← GET / 200 9.9ms
2026-05-04 22:48:36 | INFO     | hermes.http | → GET /assets/index-B4YCh3AM.css
2026-05-04 22:48:36 | INFO     | hermes.http | → GET /assets/index-DghNJYgq.js
2026-05-04 22:48:36 | INFO     | hermes.http | ← GET /assets/index-B4YCh3AM.css 200 46.1ms
2026-05-04 22:48:36 | INFO     | hermes.http | ← GET /assets/index-DghNJYgq.js 200 47.2ms
2026-05-04 22:48:36 | INFO     | hermes.http | → GET /api/videos
2026-05-04 22:48:36 | INFO     | hermes.http | → GET /favicon.ico
2026-05-04 22:48:36 | INFO     | hermes.http | ← GET /favicon.ico 200 36.6ms
2026-05-04 22:48:36 | INFO     | hermes.http | ← GET /api/videos 200 40.5ms
2026-05-04 22:48:36 | INFO     | hermes.http | → GET /api/videos/5f150c66-1f65-45ca-a216-ce649ffa84bb
2026-05-04 22:48:36 | INFO     | hermes.http | → GET /api/videos/5f150c66-1f65-45ca-a216-ce649ffa84bb/timelines
2026-05-04 22:48:36 | INFO     | hermes.http | ← GET /api/videos/5f150c66-1f65-45ca-a216-ce649ffa84bb 200 41.9ms
2026-05-04 22:48:36 | INFO     | hermes.http | ← GET /api/videos/5f150c66-1f65-45ca-a216-ce649ffa84bb/timelines 200 45.1ms
2026-05-04 22:48:36 | INFO     | hermes.http | → GET /api/chat/19e2ffff-d04a-419f-8a07-969e2c0b85ec/messages
2026-05-04 22:48:36 | INFO     | hermes.http | → GET /api/timelines/19e2ffff-d04a-419f-8a07-969e2c0b85ec/manifest
2026-05-04 22:48:36 | INFO     | hermes.http | ← GET /api/chat/19e2ffff-d04a-419f-8a07-969e2c0b85ec/messages 200 3.4ms
2026-05-04 22:48:36 | INFO     | hermes.http | ← GET /api/timelines/19e2ffff-d04a-419f-8a07-969e2c0b85ec/manifest 200 3.6ms
2026-05-04 22:48:41 | INFO     | hermes.http | → GET /api/videos
2026-05-04 22:48:41 | INFO     | hermes.http | → GET /favicon.ico
2026-05-04 22:48:41 | INFO     | hermes.http | ← GET /favicon.ico 200 4.0ms
2026-05-04 22:48:41 | INFO     | hermes.http | ← GET /api/videos 200 7.5ms
2026-05-04 22:48:41 | INFO     | hermes.http | → GET /api/assets/shots
2026-05-04 22:48:41 | INFO     | hermes.http | → GET /api/assets/timelines
2026-05-04 22:48:41 | INFO     | hermes.http | → GET /api/videos/5f150c66-1f65-45ca-a216-ce649ffa84bb/characters
2026-05-04 22:48:41 | INFO     | hermes.http | ← GET /api/assets/timelines 200 15.9ms
2026-05-04 22:48:41 | INFO     | hermes.http | ← GET /api/videos/5f150c66-1f65-45ca-a216-ce649ffa84bb/characters 200 18.9ms
2026-05-04 22:48:41 | INFO     | hermes.http | ← GET /api/assets/shots 200 25.1ms
2026-05-04 22:48:48 | INFO     | hermes.http | → GET /api/videos
2026-05-04 22:48:48 | INFO     | hermes.http | → GET /favicon.ico
2026-05-04 22:48:48 | INFO     | hermes.http | ← GET /favicon.ico 200 18.8ms
2026-05-04 22:48:48 | INFO     | hermes.http | ← GET /api/videos 200 27.2ms
2026-05-04 22:48:48 | INFO     | hermes.http | → GET /api/videos/5f150c66-1f65-45ca-a216-ce649ffa84bb
2026-05-04 22:48:48 | INFO     | hermes.http | → GET /api/videos/5f150c66-1f65-45ca-a216-ce649ffa84bb/timelines
2026-05-04 22:48:48 | INFO     | hermes.http | ← GET /api/videos/5f150c66-1f65-45ca-a216-ce649ffa84bb 200 15.0ms
2026-05-04 22:48:48 | INFO     | hermes.http | ← GET /api/videos/5f150c66-1f65-45ca-a216-ce649ffa84bb/timelines 200 26.4ms
2026-05-04 22:48:48 | INFO     | hermes.http | → GET /api/chat/19e2ffff-d04a-419f-8a07-969e2c0b85ec/messages
2026-05-04 22:48:48 | INFO     | hermes.http | → GET /api/timelines/19e2ffff-d04a-419f-8a07-969e2c0b85ec/manifest
2026-05-04 22:48:48 | INFO     | hermes.http | ← GET /api/chat/19e2ffff-d04a-419f-8a07-969e2c0b85ec/messages 200 12.4ms
2026-05-04 22:48:48 | INFO     | hermes.http | ← GET /api/timelines/19e2ffff-d04a-419f-8a07-969e2c0b85ec/manifest 200 11.7ms
2026-05-04 22:48:54 | INFO     | hermes.http | → POST /api/chat
2026-05-04 22:49:00 | INFO     | hermes.http | ← POST /api/chat 200 6012.5ms
2026-05-04 22:49:03 | INFO     | hermes.http | → POST /api/chat
2026-05-04 22:49:03 | INFO     | app.routes.chat | 对话请求 intent=intervention timeline=19e2ffff-d04 play=0.00s profile=fast chars=12
2026-05-04 22:49:47 | INFO     | hermes.http | → GET /api/videos
2026-05-04 22:49:47 | INFO     | hermes.http | → GET /favicon.ico
2026-05-04 22:49:47 | INFO     | hermes.http | ← GET /favicon.ico 200 12.4ms
2026-05-04 22:49:47 | INFO     | hermes.http | ← GET /api/videos 200 26.7ms
2026-05-04 22:49:47 | INFO     | hermes.http | → GET /api/assets/timelines
2026-05-04 22:49:47 | INFO     | hermes.http | → GET /api/videos/5f150c66-1f65-45ca-a216-ce649ffa84bb/characters
2026-05-04 22:49:47 | INFO     | hermes.http | → GET /api/assets/shots
2026-05-04 22:49:47 | INFO     | hermes.http | ← GET /api/assets/timelines 200 61.9ms
2026-05-04 22:49:47 | INFO     | hermes.http | ← GET /api/videos/5f150c66-1f65-45ca-a216-ce649ffa84bb/characters 200 61.9ms
2026-05-04 22:49:47 | INFO     | hermes.http | ← GET /api/assets/shots 200 48.2ms
2026-05-04 22:49:55 | INFO     | hermes.http | → POST /api/videos/5f150c66-1f65-45ca-a216-ce649ffa84bb/characters/1c73080d-23a2-4d95-afa4-9153078bb64f/enrich
2026-05-04 22:50:00 | ERROR    | app.routes.videos | 角色富化失败
Traceback (most recent call last):
  File "/Volumes/d/hermes/.venv/lib/python3.9/site-packages/sqlalchemy/engine/base.py", line 1967, in _exec_single_context
    self.dialect.do_execute(
  File "/Volumes/d/hermes/.venv/lib/python3.9/site-packages/sqlalchemy/engine/default.py", line 941, in do_execute
    cursor.execute(statement, parameters)
sqlite3.OperationalError: database is locked

The above exception was the direct cause of the following exception:

Traceback (most recent call last):
  File "/Volumes/d/hermes/backend/app/routes/videos.py", line 347, in enrich_one_character
    vc = character_enrichment.enrich_video_character(
  File "/Volumes/d/hermes/backend/app/services/character_enrichment.py", line 229, in enrich_video_character
    db.commit()
  File "/Volumes/d/hermes/.venv/lib/python3.9/site-packages/sqlalchemy/orm/session.py", line 2028, in commit
    trans.commit(_to_root=True)
  File "<string>", line 2, in commit
  File "/Volumes/d/hermes/.venv/lib/python3.9/site-packages/sqlalchemy/orm/state_changes.py", line 139, in _go
    ret_value = fn(self, *arg, **kw)
  File "/Volumes/d/hermes/.venv/lib/python3.9/site-packages/sqlalchemy/orm/session.py", line 1313, in commit
    self._prepare_impl()
  File "<string>", line 2, in _prepare_impl
  File "/Volumes/d/hermes/.venv/lib/python3.9/site-packages/sqlalchemy/orm/state_changes.py", line 139, in _go
    ret_value = fn(self, *arg, **kw)
  File "/Volumes/d/hermes/.venv/lib/python3.9/site-packages/sqlalchemy/orm/session.py", line 1288, in _prepare_impl
    self.session.flush()
  File "/Volumes/d/hermes/.venv/lib/python3.9/site-packages/sqlalchemy/orm/session.py", line 4352, in flush
    self._flush(objects)
  File "/Volumes/d/hermes/.venv/lib/python3.9/site-packages/sqlalchemy/orm/session.py", line 4488, in _flush
    transaction.rollback(_capture_exception=True)
  File "/Volumes/d/hermes/.venv/lib/python3.9/site-packages/sqlalchemy/util/langhelpers.py", line 146, in __exit__
    raise exc_value.with_traceback(exc_tb)
  File "/Volumes/d/hermes/.venv/lib/python3.9/site-packages/sqlalchemy/orm/session.py", line 4448, in _flush
    flush_context.execute()
  File "/Volumes/d/hermes/.venv/lib/python3.9/site-packages/sqlalchemy/orm/unitofwork.py", line 466, in execute
    rec.execute(self)
  File "/Volumes/d/hermes/.venv/lib/python3.9/site-packages/sqlalchemy/orm/unitofwork.py", line 642, in execute
    util.preloaded.orm_persistence.save_obj(
  File "/Volumes/d/hermes/.venv/lib/python3.9/site-packages/sqlalchemy/orm/persistence.py", line 85, in save_obj
    _emit_update_statements(
  File "/Volumes/d/hermes/.venv/lib/python3.9/site-packages/sqlalchemy/orm/persistence.py", line 912, in _emit_update_statements
    c = connection.execute(
  File "/Volumes/d/hermes/.venv/lib/python3.9/site-packages/sqlalchemy/engine/base.py", line 1418, in execute
    return meth(
  File "/Volumes/d/hermes/.venv/lib/python3.9/site-packages/sqlalchemy/sql/elements.py", line 515, in _execute_on_connection
    return connection._execute_clauseelement(
  File "/Volumes/d/hermes/.venv/lib/python3.9/site-packages/sqlalchemy/engine/base.py", line 1640, in _execute_clauseelement
    ret = self._execute_context(
  File "/Volumes/d/hermes/.venv/lib/python3.9/site-packages/sqlalchemy/engine/base.py", line 1846, in _execute_context
    return self._exec_single_context(
  File "/Volumes/d/hermes/.venv/lib/python3.9/site-packages/sqlalchemy/engine/base.py", line 1986, in _exec_single_context
    self._handle_dbapi_exception(
  File "/Volumes/d/hermes/.venv/lib/python3.9/site-packages/sqlalchemy/engine/base.py", line 2355, in _handle_dbapi_exception
    raise sqlalchemy_exception.with_traceback(exc_info[2]) from e
  File "/Volumes/d/hermes/.venv/lib/python3.9/site-packages/sqlalchemy/engine/base.py", line 1967, in _exec_single_context
    self.dialect.do_execute(
  File "/Volumes/d/hermes/.venv/lib/python3.9/site-packages/sqlalchemy/engine/default.py", line 941, in do_execute
    cursor.execute(statement, parameters)
sqlalchemy.exc.OperationalError: (sqlite3.OperationalError) database is locked
[SQL: UPDATE video_characters SET enrichment_status=?, updated_at=? WHERE video_characters.id = ?]
[parameters: ('analyzing', '2026-05-04 14:49:55.587331', '1c73080d-23a2-4d95-afa4-9153078bb64f')]
(Background on this error at: https://sqlalche.me/e/20/e3q8)
2026-05-04 22:50:00 | INFO     | hermes.http | ← POST /api/videos/5f150c66-1f65-45ca-a216-ce649ffa84bb/characters/1c73080d-23a2-4d95-afa4-9153078bb64f/enrich 500 5284.9ms
2026-05-04 22:50:55 | INFO     | hermes.http | ← POST /api/chat 200 111488.7ms
2026-05-04 22:50:55 | INFO     | hermes | 日志文件：/Volumes/d/hermes/backend/storage/logs/hermes.log（级别 INFO）
2026-05-04 22:52:33 | INFO     | hermes.http | → GET /api/videos
2026-05-04 22:52:33 | INFO     | hermes.http | → GET /favicon.ico
2026-05-04 22:52:33 | INFO     | hermes.http | ← GET /favicon.ico 200 64.2ms
2026-05-04 22:52:33 | INFO     | hermes.http | ← GET /api/videos 200 88.5ms
2026-05-04 22:52:33 | INFO     | hermes.http | → GET /api/videos/5f150c66-1f65-45ca-a216-ce649ffa84bb
2026-05-04 22:52:33 | INFO     | hermes.http | → GET /api/videos/5f150c66-1f65-45ca-a216-ce649ffa84bb/timelines
2026-05-04 22:52:33 | INFO     | hermes.http | ← GET /api/videos/5f150c66-1f65-45ca-a216-ce649ffa84bb 200 46.5ms
2026-05-04 22:52:33 | INFO     | hermes.http | ← GET /api/videos/5f150c66-1f65-45ca-a216-ce649ffa84bb/timelines 200 46.4ms
2026-05-04 22:52:33 | INFO     | hermes.http | → GET /api/chat/19e2ffff-d04a-419f-8a07-969e2c0b85ec/messages
2026-05-04 22:52:33 | INFO     | hermes.http | → GET /api/timelines/19e2ffff-d04a-419f-8a07-969e2c0b85ec/manifest
2026-05-04 22:52:33 | INFO     | hermes.http | ← GET /api/chat/19e2ffff-d04a-419f-8a07-969e2c0b85ec/messages 200 14.3ms
2026-05-04 22:52:33 | INFO     | hermes.http | ← GET /api/timelines/19e2ffff-d04a-419f-8a07-969e2c0b85ec/manifest 200 16.0ms
2026-05-04 22:53:02 | INFO     | hermes.http | → GET /favicon.ico
2026-05-04 22:53:02 | INFO     | hermes.http | → GET /api/videos
2026-05-04 22:53:02 | INFO     | hermes.http | ← GET /favicon.ico 200 13.8ms
2026-05-04 22:53:02 | INFO     | hermes.http | ← GET /api/videos 200 14.2ms
2026-05-04 22:53:02 | INFO     | hermes.http | → GET /api/assets/shots
2026-05-04 22:53:02 | INFO     | hermes.http | → GET /api/assets/timelines
2026-05-04 22:53:02 | INFO     | hermes.http | → GET /api/videos/5f150c66-1f65-45ca-a216-ce649ffa84bb/characters
2026-05-04 22:53:02 | INFO     | hermes.http | ← GET /api/assets/timelines 200 16.0ms
2026-05-04 22:53:02 | INFO     | hermes.http | ← GET /api/assets/shots 200 22.6ms
2026-05-04 22:53:02 | INFO     | hermes.http | ← GET /api/videos/5f150c66-1f65-45ca-a216-ce649ffa84bb/characters 200 22.1ms
2026-05-04 22:53:16 | INFO     | hermes.http | → POST /api/videos/5f150c66-1f65-45ca-a216-ce649ffa84bb/characters/1c73080d-23a2-4d95-afa4-9153078bb64f/enrich
2026-05-04 22:53:28 | INFO     | hermes.http | → GET /api/videos
2026-05-04 22:53:28 | INFO     | hermes.http | → GET /favicon.ico
2026-05-04 22:53:28 | INFO     | hermes.http | ← GET /favicon.ico 200 30.5ms
2026-05-04 22:53:28 | INFO     | hermes.http | ← GET /api/videos 200 46.9ms
2026-05-04 22:53:28 | INFO     | hermes.http | → GET /api/videos/5f150c66-1f65-45ca-a216-ce649ffa84bb/timelines
2026-05-04 22:53:28 | INFO     | hermes.http | → GET /api/videos/5f150c66-1f65-45ca-a216-ce649ffa84bb
2026-05-04 22:53:28 | INFO     | hermes.http | ← GET /api/videos/5f150c66-1f65-45ca-a216-ce649ffa84bb 200 5.7ms
2026-05-04 22:53:28 | INFO     | hermes.http | ← GET /api/videos/5f150c66-1f65-45ca-a216-ce649ffa84bb/timelines 200 10.6ms
2026-05-04 22:53:28 | INFO     | hermes.http | → GET /api/chat/19e2ffff-d04a-419f-8a07-969e2c0b85ec/messages
2026-05-04 22:53:28 | INFO     | hermes.http | → GET /api/timelines/19e2ffff-d04a-419f-8a07-969e2c0b85ec/manifest
2026-05-04 22:53:28 | INFO     | hermes.http | ← GET /api/chat/19e2ffff-d04a-419f-8a07-969e2c0b85ec/messages 200 3.8ms
2026-05-04 22:53:28 | INFO     | hermes.http | ← GET /api/timelines/19e2ffff-d04a-419f-8a07-969e2c0b85ec/manifest 200 4.2ms
2026-05-04 22:53:46 | INFO     | app.services.character_identity_agent | 角色身份完成 video=5f150c66-1f6 name=剑客（深色束发、黑蓝相间长袍、腰系紫色带子、背负一柄布包长剑、穿着黑白条纹袜） appearance=dark tied-back hair, long robe in black and blue tones, purple waist belt, cloth
2026-05-04 22:53:56 | INFO     | hermes.http | → GET /api/videos
2026-05-04 22:53:56 | INFO     | hermes.http | ← GET /api/videos 200 18.7ms
2026-05-04 22:53:56 | INFO     | hermes.http | → GET /api/assets/shots
2026-05-04 22:53:56 | INFO     | hermes.http | → GET /api/assets/timelines
2026-05-04 22:53:56 | INFO     | hermes.http | → GET /api/videos/5f150c66-1f65-45ca-a216-ce649ffa84bb/characters
2026-05-04 22:53:56 | INFO     | hermes.http | ← GET /api/assets/timelines 200 16.4ms
2026-05-04 22:53:56 | INFO     | hermes.http | ← GET /api/assets/shots 200 25.6ms
2026-05-04 22:53:56 | INFO     | hermes.http | ← GET /api/videos/5f150c66-1f65-45ca-a216-ce649ffa84bb/characters 200 22.2ms
2026-05-04 22:53:58 | INFO     | hermes.http | → GET /favicon.ico
2026-05-04 22:53:58 | INFO     | hermes.http | ← GET /favicon.ico 200 3.4ms
2026-05-04 22:53:59 | INFO     | hermes.http | → GET /api/jobs
2026-05-04 22:53:59 | INFO     | hermes.http | ← GET /api/jobs 200 11.5ms
2026-05-04 22:54:03 | INFO     | hermes.http | → GET /api/jobs
2026-05-04 22:54:03 | INFO     | hermes.http | ← GET /api/jobs 200 6.4ms
2026-05-04 22:54:07 | INFO     | hermes.http | → GET /api/jobs
2026-05-04 22:54:07 | INFO     | hermes.http | ← GET /api/jobs 200 4.2ms
2026-05-04 22:54:11 | INFO     | hermes.http | → GET /api/jobs
2026-05-04 22:54:11 | INFO     | hermes.http | ← GET /api/jobs 200 5.4ms
2026-05-04 22:54:15 | INFO     | hermes.http | → GET /api/jobs
2026-05-04 22:54:15 | INFO     | hermes.http | ← GET /api/jobs 200 4.2ms
2026-05-04 22:54:18 | INFO     | app.services.image_generate | MiniMax 三视图已合成 -> /Volumes/d/hermes/backend/storage/generated/characters/1c73080d-23a2-4d95-afa4-9153078bb64f/turnaround.png (3 views)
2026-05-04 22:54:18 | INFO     | hermes.http | ← POST /api/videos/5f150c66-1f65-45ca-a216-ce649ffa84bb/characters/1c73080d-23a2-4d95-afa4-9153078bb64f/enrich 200 61712.6ms
2026-05-04 22:54:18 | INFO     | hermes.http | → GET /api/videos/5f150c66-1f65-45ca-a216-ce649ffa84bb/characters
2026-05-04 22:54:18 | INFO     | hermes.http | ← GET /api/videos/5f150c66-1f65-45ca-a216-ce649ffa84bb/characters 200 2.1ms
2026-05-04 22:54:19 | INFO     | hermes.http | → GET /api/jobs
2026-05-04 22:54:19 | INFO     | hermes.http | ← GET /api/jobs 200 3.3ms
2026-05-04 22:54:23 | INFO     | hermes.http | → GET /api/jobs
2026-05-04 22:54:23 | INFO     | hermes.http | ← GET /api/jobs 200 3.9ms
2026-05-04 22:54:27 | INFO     | hermes.http | → GET /api/jobs
2026-05-04 22:54:27 | INFO     | hermes.http | ← GET /api/jobs 200 3.9ms
2026-05-04 22:54:31 | INFO     | hermes.http | → GET /api/jobs
2026-05-04 22:54:31 | INFO     | hermes.http | ← GET /api/jobs 200 5.3ms
2026-05-04 22:54:35 | INFO     | hermes.http | → GET /api/jobs
2026-05-04 22:54:35 | INFO     | hermes.http | ← GET /api/jobs 200 2.6ms
2026-05-04 22:54:39 | INFO     | hermes.http | → GET /api/jobs
2026-05-04 22:54:39 | INFO     | hermes.http | ← GET /api/jobs 200 3.1ms
2026-05-04 22:54:43 | INFO     | hermes.http | → GET /api/jobs
2026-05-04 22:54:43 | INFO     | hermes.http | ← GET /api/jobs 200 3.5ms
2026-05-04 22:54:47 | INFO     | hermes.http | → GET /api/jobs
2026-05-04 22:54:47 | INFO     | hermes.http | ← GET /api/jobs 200 2.5ms
2026-05-04 22:54:51 | INFO     | hermes.http | → GET /api/jobs
2026-05-04 22:54:51 | INFO     | hermes.http | ← GET /api/jobs 200 36.6ms
2026-05-04 22:54:55 | INFO     | hermes.http | → GET /api/jobs
2026-05-04 22:54:55 | INFO     | hermes.http | ← GET /api/jobs 200 8.6ms
2026-05-04 22:54:59 | INFO     | hermes.http | → GET /api/jobs
2026-05-04 22:54:59 | INFO     | hermes.http | ← GET /api/jobs 200 3.8ms
2026-05-04 22:55:03 | INFO     | hermes.http | → GET /api/jobs
2026-05-04 22:55:03 | INFO     | hermes.http | ← GET /api/jobs 200 5.0ms
2026-05-04 22:55:07 | INFO     | hermes.http | → GET /api/jobs
2026-05-04 22:55:07 | INFO     | hermes.http | ← GET /api/jobs 200 3.6ms
2026-05-04 22:55:11 | INFO     | hermes.http | → GET /api/jobs
2026-05-04 22:55:11 | INFO     | hermes.http | ← GET /api/jobs 200 3.3ms
2026-05-04 22:55:15 | INFO     | hermes.http | → GET /api/jobs
2026-05-04 22:55:15 | INFO     | hermes.http | ← GET /api/jobs 200 11.0ms
2026-05-04 22:55:19 | INFO     | hermes.http | → GET /api/jobs
2026-05-04 22:55:19 | INFO     | hermes.http | ← GET /api/jobs 200 12.2ms
2026-05-04 22:55:23 | INFO     | hermes.http | → GET /api/jobs
2026-05-04 22:55:23 | INFO     | hermes.http | ← GET /api/jobs 200 8.7ms
2026-05-04 22:55:27 | INFO     | hermes.http | → GET /api/jobs
2026-05-04 22:55:27 | INFO     | hermes.http | ← GET /api/jobs 200 7.1ms
2026-05-04 22:55:31 | INFO     | hermes.http | → GET /api/jobs
2026-05-04 22:55:31 | INFO     | hermes.http | ← GET /api/jobs 200 32.6ms
2026-05-04 22:55:35 | INFO     | hermes.http | → GET /api/jobs
2026-05-04 22:55:35 | INFO     | hermes.http | ← GET /api/jobs 200 3.9ms
2026-05-04 22:55:39 | INFO     | hermes.http | → GET /api/jobs
2026-05-04 22:55:39 | INFO     | hermes.http | ← GET /api/jobs 200 12.2ms
2026-05-04 22:55:43 | INFO     | hermes.http | → GET /api/jobs
2026-05-04 22:55:43 | INFO     | hermes.http | ← GET /api/jobs 200 8.5ms
2026-05-04 22:55:47 | INFO     | hermes.http | → GET /api/jobs
2026-05-04 22:55:47 | INFO     | hermes.http | ← GET /api/jobs 200 3.5ms
2026-05-04 22:55:51 | INFO     | hermes.http | → GET /api/jobs
2026-05-04 22:55:51 | INFO     | hermes.http | ← GET /api/jobs 200 3.6ms
2026-05-04 22:55:55 | INFO     | hermes.http | → GET /api/jobs
2026-05-04 22:55:55 | INFO     | hermes.http | ← GET /api/jobs 200 6.4ms
2026-05-04 22:55:59 | INFO     | hermes.http | → GET /api/jobs
2026-05-04 22:55:59 | INFO     | hermes.http | ← GET /api/jobs 200 7.3ms
2026-05-04 22:56:03 | INFO     | hermes.http | → GET /api/jobs
2026-05-04 22:56:03 | INFO     | hermes.http | ← GET /api/jobs 200 3.8ms
2026-05-04 22:56:07 | INFO     | hermes.http | → GET /api/jobs
2026-05-04 22:56:07 | INFO     | hermes.http | ← GET /api/jobs 200 8.9ms
2026-05-04 22:56:11 | INFO     | hermes.http | → GET /api/jobs
2026-05-04 22:56:11 | INFO     | hermes.http | ← GET /api/jobs 200 2.5ms
2026-05-04 22:56:15 | INFO     | hermes.http | → GET /api/jobs
2026-05-04 22:56:15 | INFO     | hermes.http | ← GET /api/jobs 200 6.5ms
2026-05-04 22:56:19 | INFO     | hermes.http | → GET /api/jobs
2026-05-04 22:56:19 | INFO     | hermes.http | ← GET /api/jobs 200 7.5ms
2026-05-04 22:56:23 | INFO     | hermes.http | → GET /api/jobs
2026-05-04 22:56:23 | INFO     | hermes.http | ← GET /api/jobs 200 2.7ms
2026-05-04 22:56:24 | INFO     | hermes.http | → GET /api/configs/models
2026-05-04 22:56:24 | INFO     | hermes.http | → GET /favicon.ico
2026-05-04 22:56:24 | INFO     | hermes.http | ← GET /favicon.ico 200 11.6ms
2026-05-04 22:56:24 | INFO     | hermes.http | ← GET /api/configs/models 200 33.5ms
2026-05-04 22:56:29 | INFO     | hermes.http | → GET /api/jobs
2026-05-04 22:56:29 | INFO     | hermes.http | ← GET /api/jobs 200 12.6ms
2026-05-04 22:56:29 | INFO     | hermes.http | → GET /api/configs/models
2026-05-04 22:56:29 | INFO     | hermes.http | ← GET /api/configs/models 200 3.5ms
2026-05-04 22:56:30 | INFO     | hermes.http | → GET /api/jobs
2026-05-04 22:56:30 | INFO     | hermes.http | ← GET /api/jobs 200 3.3ms
2026-05-04 22:56:34 | INFO     | hermes.http | → GET /api/jobs
2026-05-04 22:56:34 | INFO     | hermes.http | ← GET /api/jobs 200 8.7ms
2026-05-04 22:56:38 | INFO     | hermes.http | → GET /api/jobs
2026-05-04 22:56:38 | INFO     | hermes.http | ← GET /api/jobs 200 4.2ms
2026-05-04 22:56:42 | INFO     | hermes.http | → GET /api/jobs
2026-05-04 22:56:42 | INFO     | hermes.http | ← GET /api/jobs 200 5.3ms
2026-05-04 22:56:46 | INFO     | hermes.http | → GET /api/jobs
2026-05-04 22:56:46 | INFO     | hermes.http | ← GET /api/jobs 200 11.0ms
2026-05-04 22:56:50 | INFO     | hermes.http | → GET /api/jobs
2026-05-04 22:56:50 | INFO     | hermes.http | ← GET /api/jobs 200 9.1ms
2026-05-04 22:56:54 | INFO     | hermes.http | → GET /api/jobs
2026-05-04 22:56:54 | INFO     | hermes.http | ← GET /api/jobs 200 3.0ms
2026-05-04 22:56:58 | INFO     | hermes.http | → GET /api/jobs
2026-05-04 22:56:58 | INFO     | hermes.http | ← GET /api/jobs 200 7.0ms
2026-05-04 22:57:02 | INFO     | hermes.http | → GET /api/jobs
2026-05-04 22:57:02 | INFO     | hermes.http | ← GET /api/jobs 200 2.7ms
2026-05-04 22:57:06 | INFO     | hermes.http | → GET /api/jobs
2026-05-04 22:57:06 | INFO     | hermes.http | ← GET /api/jobs 200 2.2ms
2026-05-04 22:57:09 | INFO     | hermes.http | → GET /api/videos
2026-05-04 22:57:09 | INFO     | hermes.http | ← GET /api/videos 200 11.5ms
2026-05-04 22:57:09 | INFO     | hermes.http | → GET /api/assets/shots
2026-05-04 22:57:09 | INFO     | hermes.http | → GET /api/assets/timelines
2026-05-04 22:57:09 | INFO     | hermes.http | → GET /api/videos/5f150c66-1f65-45ca-a216-ce649ffa84bb/characters
2026-05-04 22:57:09 | INFO     | hermes.http | ← GET /api/assets/timelines 200 26.9ms
2026-05-04 22:57:09 | INFO     | hermes.http | ← GET /api/videos/5f150c66-1f65-45ca-a216-ce649ffa84bb/characters 200 27.7ms
2026-05-04 22:57:09 | INFO     | hermes.http | ← GET /api/assets/shots 200 32.0ms
2026-05-04 22:57:13 | INFO     | hermes.http | → GET /favicon.ico
2026-05-04 22:57:13 | INFO     | hermes.http | ← GET /favicon.ico 200 2.0ms
2026-05-04 22:57:21 | INFO     | hermes | 日志文件：/Volumes/d/hermes/backend/storage/logs/hermes.log（级别 INFO）
2026-05-04 22:57:23 | INFO     | hermes | 日志文件：/Volumes/d/hermes/backend/storage/logs/hermes.log（级别 INFO）
2026-05-04 22:57:26 | INFO     | hermes | 日志文件：/Volumes/d/hermes/backend/storage/logs/hermes.log（级别 INFO）
2026-05-04 22:57:28 | INFO     | hermes | 日志文件：/Volumes/d/hermes/backend/storage/logs/hermes.log（级别 INFO）
2026-05-04 22:57:31 | INFO     | hermes.http | → POST /api/videos/5f150c66-1f65-45ca-a216-ce649ffa84bb/characters/921c41e5-8a0c-404c-af31-5de71f5d82c6/enrich
2026-05-04 22:58:16 | INFO     | app.services.character_identity_agent | 角色身份完成 video=5f150c66-1f6 name=少年+黑色发束扎成丸子头且留有一缕紫色长刘海、穿着黑蓝相间的古风长袍、领口处带有 appearance=black long hair with purple highlights tied into a top bun with one strand of lo
2026-05-04 22:58:56 | INFO     | app.services.image_generate | MiniMax 三视图已合成 -> /Volumes/d/hermes/backend/storage/generated/characters/921c41e5-8a0c-404c-af31-5de71f5d82c6/turnaround.png (3 views)
2026-05-04 22:58:56 | INFO     | hermes.http | ← POST /api/videos/5f150c66-1f65-45ca-a216-ce649ffa84bb/characters/921c41e5-8a0c-404c-af31-5de71f5d82c6/enrich 200 84932.0ms
2026-05-04 22:58:56 | INFO     | hermes | 日志文件：/Volumes/d/hermes/backend/storage/logs/hermes.log（级别 INFO）
2026-05-04 22:58:57 | INFO     | hermes | 日志文件：/Volumes/d/hermes/backend/storage/logs/hermes.log（级别 INFO）
2026-05-04 22:58:57 | INFO     | hermes.http | → GET /api/videos
2026-05-04 22:58:57 | INFO     | hermes.http | → GET /favicon.ico
2026-05-04 22:58:57 | INFO     | hermes.http | → GET /library
2026-05-04 22:58:57 | INFO     | hermes.http | → GET /api/videos/5f150c66-1f65-45ca-a216-ce649ffa84bb/characters
2026-05-04 22:58:57 | INFO     | hermes.http | ← GET /api/videos 200 6.8ms
2026-05-04 22:58:57 | INFO     | hermes.http | ← GET /favicon.ico 200 8.5ms
2026-05-04 22:58:57 | INFO     | hermes.http | ← GET /library 200 8.0ms
2026-05-04 22:58:57 | INFO     | hermes.http | → GET /api/videos
2026-05-04 22:58:57 | INFO     | hermes.http | ← GET /api/videos 200 2.7ms
2026-05-04 22:58:57 | INFO     | hermes.http | ← GET /api/videos/5f150c66-1f65-45ca-a216-ce649ffa84bb/characters 200 11.1ms
2026-05-04 22:58:59 | INFO     | hermes.http | → GET /assets/index-B4YCh3AM.css
2026-05-04 22:58:59 | INFO     | hermes.http | → GET /assets/index-DghNJYgq.js
2026-05-04 22:58:59 | INFO     | hermes.http | ← GET /assets/index-B4YCh3AM.css 304 5.0ms
2026-05-04 22:58:59 | INFO     | hermes.http | ← GET /assets/index-DghNJYgq.js 304 10.6ms
2026-05-04 22:58:59 | INFO     | hermes.http | → GET /api/videos
2026-05-04 22:58:59 | INFO     | hermes.http | ← GET /api/videos 200 12.1ms
2026-05-04 22:58:59 | INFO     | hermes.http | → GET /api/assets/shots
2026-05-04 22:58:59 | INFO     | hermes.http | → GET /api/videos/5f150c66-1f65-45ca-a216-ce649ffa84bb/characters
2026-05-04 22:58:59 | INFO     | hermes.http | → GET /api/assets/timelines
2026-05-04 22:58:59 | INFO     | hermes.http | ← GET /api/assets/shots 200 23.6ms
2026-05-04 22:58:59 | INFO     | hermes.http | ← GET /api/assets/timelines 200 24.6ms
2026-05-04 22:58:59 | INFO     | hermes.http | ← GET /api/videos/5f150c66-1f65-45ca-a216-ce649ffa84bb/characters 200 30.1ms
2026-05-04 22:59:04 | INFO     | hermes.http | → GET /api/videos
2026-05-04 22:59:04 | INFO     | hermes.http | ← GET /api/videos 200 3.8ms
2026-05-04 22:59:04 | INFO     | hermes.http | → GET /api/videos/5f150c66-1f65-45ca-a216-ce649ffa84bb
2026-05-04 22:59:04 | INFO     | hermes.http | → GET /api/videos/5f150c66-1f65-45ca-a216-ce649ffa84bb/timelines
2026-05-04 22:59:04 | INFO     | hermes.http | ← GET /api/videos/5f150c66-1f65-45ca-a216-ce649ffa84bb 200 8.6ms
2026-05-04 22:59:04 | INFO     | hermes.http | ← GET /api/videos/5f150c66-1f65-45ca-a216-ce649ffa84bb/timelines 200 15.5ms
2026-05-04 22:59:04 | INFO     | hermes.http | → GET /api/chat/19e2ffff-d04a-419f-8a07-969e2c0b85ec/messages
2026-05-04 22:59:04 | INFO     | hermes.http | → GET /api/timelines/19e2ffff-d04a-419f-8a07-969e2c0b85ec/manifest
2026-05-04 22:59:04 | INFO     | hermes.http | ← GET /api/chat/19e2ffff-d04a-419f-8a07-969e2c0b85ec/messages 200 10.0ms
2026-05-04 22:59:04 | INFO     | hermes.http | ← GET /api/timelines/19e2ffff-d04a-419f-8a07-969e2c0b85ec/manifest 200 10.5ms
2026-05-04 22:59:09 | INFO     | hermes.http | → POST /api/chat
2026-05-04 22:59:15 | INFO     | hermes.http | ← POST /api/chat 200 5916.8ms
2026-05-04 22:59:17 | INFO     | hermes.http | → POST /api/chat
2026-05-04 22:59:17 | INFO     | app.routes.chat | 对话请求 intent=intervention timeline=19e2ffff-d04 play=0.00s profile=fast chars=12
2026-05-04 23:00:10 | INFO     | hermes.http | → GET /favicon.ico
2026-05-04 23:00:10 | INFO     | hermes.http | → GET /api/videos
2026-05-04 23:00:10 | INFO     | hermes.http | ← GET /favicon.ico 200 22.4ms
2026-05-04 23:00:10 | INFO     | hermes.http | ← GET /api/videos 200 21.9ms
2026-05-04 23:00:10 | INFO     | hermes.http | → GET /api/assets/shots
2026-05-04 23:00:10 | INFO     | hermes.http | → GET /api/videos/5f150c66-1f65-45ca-a216-ce649ffa84bb/characters
2026-05-04 23:00:10 | INFO     | hermes.http | → GET /api/assets/timelines
2026-05-04 23:00:10 | INFO     | hermes.http | ← GET /api/assets/timelines 200 24.7ms
2026-05-04 23:00:10 | INFO     | hermes.http | ← GET /api/videos/5f150c66-1f65-45ca-a216-ce649ffa84bb/characters 200 35.5ms
2026-05-04 23:00:10 | INFO     | hermes.http | ← GET /api/assets/shots 200 37.0ms
2026-05-04 23:00:53 | INFO     | hermes.http | → GET /api/videos
2026-05-04 23:00:53 | INFO     | hermes.http | ← GET /api/videos 200 17.3ms
2026-05-04 23:00:53 | INFO     | hermes.http | → GET /api/videos/5f150c66-1f65-45ca-a216-ce649ffa84bb
2026-05-04 23:00:53 | INFO     | hermes.http | → GET /api/videos/5f150c66-1f65-45ca-a216-ce649ffa84bb/timelines
2026-05-04 23:00:53 | INFO     | hermes.http | ← GET /api/videos/5f150c66-1f65-45ca-a216-ce649ffa84bb 200 17.5ms
2026-05-04 23:00:53 | INFO     | hermes.http | ← GET /api/videos/5f150c66-1f65-45ca-a216-ce649ffa84bb/timelines 200 18.2ms
2026-05-04 23:00:53 | INFO     | hermes.http | → GET /api/chat/19e2ffff-d04a-419f-8a07-969e2c0b85ec/messages
2026-05-04 23:00:53 | INFO     | hermes.http | → GET /api/timelines/19e2ffff-d04a-419f-8a07-969e2c0b85ec/manifest
2026-05-04 23:00:53 | INFO     | hermes.http | ← GET /api/chat/19e2ffff-d04a-419f-8a07-969e2c0b85ec/messages 200 23.6ms
2026-05-04 23:00:53 | INFO     | hermes.http | ← GET /api/timelines/19e2ffff-d04a-419f-8a07-969e2c0b85ec/manifest 200 24.2ms
2026-05-04 23:01:34 | INFO     | hermes.http | ← POST /api/chat 200 137289.4ms
2026-05-04 23:01:35 | INFO     | hermes | 日志文件：/Volumes/d/hermes/backend/storage/logs/hermes.log（级别 INFO）
2026-05-04 23:01:35 | INFO     | hermes | 日志文件：/Volumes/d/hermes/backend/storage/logs/hermes.log（级别 INFO）
2026-05-04 23:01:35 | INFO     | hermes.http | → GET /api/jobs
2026-05-04 23:01:35 | INFO     | hermes.http | → GET /jobs
2026-05-04 23:01:35 | INFO     | hermes.http | → GET /api/jobs
2026-05-04 23:01:35 | INFO     | hermes.http | → GET /api/videos
2026-05-04 23:01:35 | INFO     | hermes.http | → GET /favicon.ico
2026-05-04 23:01:35 | INFO     | hermes.http | → GET /
2026-05-04 23:01:35 | INFO     | hermes.http | ← GET /favicon.ico 200 3.0ms
2026-05-04 23:01:35 | INFO     | hermes.http | ← GET /jobs 200 7.8ms
2026-05-04 23:01:35 | INFO     | hermes.http | ← GET / 200 4.0ms
2026-05-04 23:01:35 | INFO     | hermes.http | ← GET /api/jobs 200 10.2ms
2026-05-04 23:01:35 | INFO     | hermes.http | ← GET /api/videos 200 10.1ms
2026-05-04 23:01:35 | INFO     | hermes.http | ← GET /api/jobs 200 10.6ms
2026-05-04 23:01:35 | INFO     | hermes.http | → GET /assets/index-CwQoy7QY.js
2026-05-04 23:01:35 | INFO     | hermes.http | → GET /assets/index-B4YCh3AM.css
2026-05-04 23:01:35 | INFO     | hermes.http | ← GET /assets/index-B4YCh3AM.css 200 1.5ms
2026-05-04 23:01:35 | INFO     | hermes.http | ← GET /assets/index-CwQoy7QY.js 200 16.8ms
2026-05-04 23:01:35 | INFO     | hermes.http | → GET /api/videos
2026-05-04 23:01:35 | INFO     | hermes.http | → GET /favicon.ico
2026-05-04 23:01:35 | INFO     | hermes.http | ← GET /favicon.ico 200 2.7ms
2026-05-04 23:01:35 | INFO     | hermes.http | ← GET /api/videos 200 15.8ms
2026-05-04 23:01:35 | INFO     | hermes.http | → GET /api/videos/5f150c66-1f65-45ca-a216-ce649ffa84bb/timelines
2026-05-04 23:01:35 | INFO     | hermes.http | → GET /api/videos/5f150c66-1f65-45ca-a216-ce649ffa84bb
2026-05-04 23:01:35 | INFO     | hermes.http | ← GET /api/videos/5f150c66-1f65-45ca-a216-ce649ffa84bb 200 9.9ms
2026-05-04 23:01:35 | INFO     | hermes.http | ← GET /api/videos/5f150c66-1f65-45ca-a216-ce649ffa84bb/timelines 200 12.3ms
2026-05-04 23:01:35 | INFO     | hermes.http | → GET /api/chat/19e2ffff-d04a-419f-8a07-969e2c0b85ec/messages
2026-05-04 23:01:35 | INFO     | hermes.http | → GET /api/timelines/19e2ffff-d04a-419f-8a07-969e2c0b85ec/manifest
2026-05-04 23:01:35 | INFO     | hermes.http | ← GET /api/chat/19e2ffff-d04a-419f-8a07-969e2c0b85ec/messages 200 9.0ms
2026-05-04 23:01:35 | INFO     | hermes.http | ← GET /api/timelines/19e2ffff-d04a-419f-8a07-969e2c0b85ec/manifest 200 7.6ms
2026-05-04 23:01:39 | INFO     | hermes.http | → GET /api/videos
2026-05-04 23:01:39 | INFO     | hermes.http | → GET /favicon.ico
2026-05-04 23:01:39 | INFO     | hermes.http | ← GET /favicon.ico 200 3.0ms
2026-05-04 23:01:39 | INFO     | hermes.http | ← GET /api/videos 200 9.9ms
2026-05-04 23:01:39 | INFO     | hermes.http | → GET /api/assets/shots
2026-05-04 23:01:39 | INFO     | hermes.http | → GET /api/videos/5f150c66-1f65-45ca-a216-ce649ffa84bb/characters
2026-05-04 23:01:39 | INFO     | hermes.http | → GET /api/assets/timelines
2026-05-04 23:01:39 | INFO     | hermes.http | ← GET /api/assets/timelines 200 16.5ms
2026-05-04 23:01:39 | INFO     | hermes.http | ← GET /api/assets/shots 200 21.2ms
2026-05-04 23:01:39 | INFO     | hermes.http | ← GET /api/videos/5f150c66-1f65-45ca-a216-ce649ffa84bb/characters 200 114.5ms
2026-05-04 23:01:44 | INFO     | hermes.http | → GET /favicon.ico
2026-05-04 23:01:44 | INFO     | hermes.http | ← GET /favicon.ico 200 1.6ms
2026-05-04 23:01:50 | INFO     | hermes.http | → GET /favicon.ico
2026-05-04 23:01:50 | INFO     | hermes.http | ← GET /favicon.ico 200 10.5ms
2026-05-04 23:02:34 | INFO     | hermes.http | → GET /api/jobs
2026-05-04 23:02:34 | INFO     | hermes.http | → GET /favicon.ico
2026-05-04 23:02:34 | INFO     | hermes.http | ← GET /favicon.ico 200 17.7ms
2026-05-04 23:02:34 | INFO     | hermes.http | ← GET /api/jobs 200 72.0ms
2026-05-04 23:02:38 | INFO     | hermes.http | → GET /api/jobs
2026-05-04 23:02:38 | INFO     | hermes.http | ← GET /api/jobs 200 4.6ms
2026-05-04 23:02:42 | INFO     | hermes.http | → GET /api/jobs
2026-05-04 23:02:42 | INFO     | hermes.http | ← GET /api/jobs 200 8.0ms
2026-05-04 23:02:46 | INFO     | hermes.http | → GET /api/jobs
2026-05-04 23:02:46 | INFO     | hermes.http | ← GET /api/jobs 200 7.6ms
2026-05-04 23:02:50 | INFO     | hermes.http | → GET /api/jobs
2026-05-04 23:02:50 | INFO     | hermes.http | ← GET /api/jobs 200 3.2ms
2026-05-04 23:02:54 | INFO     | hermes.http | → GET /api/jobs
2026-05-04 23:02:54 | INFO     | hermes.http | ← GET /api/jobs 200 11.3ms
2026-05-04 23:02:58 | INFO     | hermes.http | → GET /api/jobs
2026-05-04 23:02:58 | INFO     | hermes.http | ← GET /api/jobs 200 3.0ms
2026-05-04 23:03:02 | INFO     | hermes.http | → GET /api/jobs
2026-05-04 23:03:02 | INFO     | hermes.http | ← GET /api/jobs 200 11.2ms
2026-05-04 23:03:06 | INFO     | hermes.http | → GET /api/jobs
2026-05-04 23:03:06 | INFO     | hermes.http | ← GET /api/jobs 200 9.5ms
2026-05-04 23:03:10 | INFO     | hermes.http | → GET /api/jobs
2026-05-04 23:03:10 | INFO     | hermes.http | ← GET /api/jobs 200 3.5ms
2026-05-04 23:03:14 | INFO     | hermes.http | → GET /api/jobs
2026-05-04 23:03:14 | INFO     | hermes.http | ← GET /api/jobs 200 8.3ms
2026-05-04 23:03:18 | INFO     | hermes.http | → GET /api/jobs
2026-05-04 23:03:18 | INFO     | hermes.http | ← GET /api/jobs 200 6.5ms
2026-05-04 23:03:22 | INFO     | hermes.http | → GET /api/jobs
2026-05-04 23:03:22 | INFO     | hermes.http | ← GET /api/jobs 200 3.7ms
2026-05-04 23:03:26 | INFO     | hermes.http | → GET /api/jobs
2026-05-04 23:03:26 | INFO     | hermes.http | ← GET /api/jobs 200 3.1ms
2026-05-04 23:03:30 | INFO     | hermes.http | → GET /api/jobs
2026-05-04 23:03:30 | INFO     | hermes.http | ← GET /api/jobs 200 7.7ms
2026-05-04 23:03:34 | INFO     | hermes.http | → GET /api/jobs
2026-05-04 23:03:34 | INFO     | hermes.http | ← GET /api/jobs 200 6.0ms
2026-05-04 23:03:38 | INFO     | hermes.http | → GET /api/jobs
2026-05-04 23:03:38 | INFO     | hermes.http | ← GET /api/jobs 200 6.0ms
2026-05-04 23:03:42 | INFO     | hermes.http | → GET /api/jobs
2026-05-04 23:03:42 | INFO     | hermes.http | ← GET /api/jobs 200 5.7ms
2026-05-04 23:03:46 | INFO     | hermes.http | → GET /api/jobs
2026-05-04 23:03:46 | INFO     | hermes.http | ← GET /api/jobs 200 12.9ms
2026-05-04 23:03:50 | INFO     | hermes.http | → GET /api/jobs
2026-05-04 23:03:50 | INFO     | hermes.http | ← GET /api/jobs 200 9.4ms
2026-05-04 23:03:54 | INFO     | hermes.http | → GET /api/jobs
2026-05-04 23:03:54 | INFO     | hermes.http | ← GET /api/jobs 200 6.7ms
2026-05-04 23:03:58 | INFO     | hermes.http | → GET /api/jobs
2026-05-04 23:03:58 | INFO     | hermes.http | ← GET /api/jobs 200 3.4ms
2026-05-04 23:04:02 | INFO     | hermes.http | → GET /api/jobs
2026-05-04 23:04:02 | INFO     | hermes.http | ← GET /api/jobs 200 4.5ms
2026-05-04 23:04:06 | INFO     | hermes.http | → GET /api/jobs
2026-05-04 23:04:06 | INFO     | hermes.http | ← GET /api/jobs 200 8.9ms
2026-05-04 23:04:10 | INFO     | hermes.http | → GET /api/jobs
2026-05-04 23:04:10 | INFO     | hermes.http | ← GET /api/jobs 200 3.4ms
2026-05-04 23:04:14 | INFO     | hermes.http | → GET /api/jobs
2026-05-04 23:04:14 | INFO     | hermes.http | ← GET /api/jobs 200 7.5ms
2026-05-04 23:04:18 | INFO     | hermes.http | → GET /api/jobs
2026-05-04 23:04:18 | INFO     | hermes.http | ← GET /api/jobs 200 5.7ms
2026-05-04 23:04:22 | INFO     | hermes.http | → GET /api/jobs
2026-05-04 23:04:22 | INFO     | hermes.http | ← GET /api/jobs 200 3.0ms
2026-05-04 23:04:26 | INFO     | hermes.http | → GET /api/jobs
2026-05-04 23:04:26 | INFO     | hermes.http | ← GET /api/jobs 200 10.2ms
2026-05-04 23:04:30 | INFO     | hermes.http | → GET /api/jobs
2026-05-04 23:04:30 | INFO     | hermes.http | ← GET /api/jobs 200 9.0ms
2026-05-04 23:04:34 | INFO     | hermes.http | → GET /api/jobs
2026-05-04 23:04:34 | INFO     | hermes.http | ← GET /api/jobs 200 7.3ms
2026-05-04 23:04:38 | INFO     | hermes.http | → GET /api/jobs
2026-05-04 23:04:38 | INFO     | hermes.http | ← GET /api/jobs 200 3.7ms
2026-05-04 23:04:42 | INFO     | hermes.http | → GET /api/jobs
2026-05-04 23:04:42 | INFO     | hermes.http | ← GET /api/jobs 200 4.0ms
2026-05-04 23:04:46 | INFO     | hermes.http | → GET /api/jobs
2026-05-04 23:04:46 | INFO     | hermes.http | ← GET /api/jobs 200 10.6ms
2026-05-04 23:04:50 | INFO     | hermes.http | → GET /api/jobs
2026-05-04 23:04:50 | INFO     | hermes.http | ← GET /api/jobs 200 18.7ms
2026-05-04 23:04:54 | INFO     | hermes.http | → GET /api/jobs
2026-05-04 23:04:54 | INFO     | hermes.http | ← GET /api/jobs 200 2.8ms
2026-05-04 23:04:58 | INFO     | hermes.http | → GET /api/jobs
2026-05-04 23:04:58 | INFO     | hermes.http | ← GET /api/jobs 200 49.4ms
2026-05-04 23:05:02 | INFO     | hermes.http | → GET /api/jobs
2026-05-04 23:05:02 | INFO     | hermes.http | ← GET /api/jobs 200 2.4ms
2026-05-04 23:05:06 | INFO     | hermes.http | → GET /api/jobs
2026-05-04 23:05:06 | INFO     | hermes.http | ← GET /api/jobs 200 5.2ms
2026-05-04 23:05:10 | INFO     | hermes.http | → GET /api/jobs
2026-05-04 23:05:10 | INFO     | hermes.http | ← GET /api/jobs 200 3.5ms
2026-05-04 23:05:14 | INFO     | hermes.http | → GET /api/jobs
2026-05-04 23:05:14 | INFO     | hermes.http | ← GET /api/jobs 200 2.5ms
2026-05-04 23:05:18 | INFO     | hermes.http | → GET /api/jobs
2026-05-04 23:05:18 | INFO     | hermes.http | ← GET /api/jobs 200 2.7ms
2026-05-04 23:05:22 | INFO     | hermes.http | → GET /api/jobs
2026-05-04 23:05:22 | INFO     | hermes.http | ← GET /api/jobs 200 73.2ms
2026-05-04 23:05:26 | INFO     | hermes.http | → GET /api/jobs
2026-05-04 23:05:26 | INFO     | hermes.http | ← GET /api/jobs 200 5.7ms
2026-05-04 23:05:30 | INFO     | hermes.http | → GET /api/jobs
2026-05-04 23:05:30 | INFO     | hermes.http | ← GET /api/jobs 200 4.4ms
2026-05-04 23:05:34 | INFO     | hermes.http | → GET /api/jobs
2026-05-04 23:05:34 | INFO     | hermes.http | ← GET /api/jobs 200 2.7ms
2026-05-04 23:05:38 | INFO     | hermes.http | → GET /api/jobs
2026-05-04 23:05:38 | INFO     | hermes.http | ← GET /api/jobs 200 6.9ms
2026-05-04 23:05:42 | INFO     | hermes.http | → GET /api/jobs
2026-05-04 23:05:42 | INFO     | hermes.http | ← GET /api/jobs 200 30.8ms
2026-05-04 23:05:46 | INFO     | hermes.http | → GET /api/jobs
2026-05-04 23:05:46 | INFO     | hermes.http | ← GET /api/jobs 200 4.1ms
2026-05-04 23:05:50 | INFO     | hermes.http | → GET /api/jobs
2026-05-04 23:05:50 | INFO     | hermes.http | ← GET /api/jobs 200 13.1ms
2026-05-04 23:05:54 | INFO     | hermes.http | → GET /api/jobs
2026-05-04 23:05:54 | INFO     | hermes.http | ← GET /api/jobs 200 4.5ms
2026-05-04 23:05:58 | INFO     | hermes.http | → GET /api/jobs
2026-05-04 23:05:58 | INFO     | hermes.http | ← GET /api/jobs 200 4.0ms
2026-05-04 23:06:02 | INFO     | hermes.http | → GET /api/jobs
2026-05-04 23:06:02 | INFO     | hermes.http | ← GET /api/jobs 200 19.1ms
2026-05-04 23:06:06 | INFO     | hermes.http | → GET /api/jobs
2026-05-04 23:06:06 | INFO     | hermes.http | ← GET /api/jobs 200 3.1ms
2026-05-04 23:06:10 | INFO     | hermes.http | → GET /api/jobs
2026-05-04 23:06:10 | INFO     | hermes.http | ← GET /api/jobs 200 10.2ms
2026-05-04 23:06:14 | INFO     | hermes.http | → GET /api/jobs
2026-05-04 23:06:14 | INFO     | hermes.http | ← GET /api/jobs 200 3.7ms
2026-05-04 23:06:18 | INFO     | hermes.http | → GET /api/jobs
2026-05-04 23:06:18 | INFO     | hermes.http | ← GET /api/jobs 200 3.3ms
2026-05-04 23:06:21 | INFO     | hermes | 日志文件：/Volumes/d/hermes/backend/storage/logs/hermes.log（级别 INFO）
2026-05-04 23:06:22 | INFO     | hermes.http | → GET /api/jobs
2026-05-04 23:06:22 | INFO     | hermes.http | ← GET /api/jobs 200 5.7ms
2026-05-04 23:06:26 | INFO     | hermes.http | → GET /api/jobs
2026-05-04 23:06:26 | INFO     | hermes.http | ← GET /api/jobs 200 6.7ms
2026-05-04 23:06:30 | INFO     | hermes.http | → GET /api/jobs
2026-05-04 23:06:30 | INFO     | hermes.http | ← GET /api/jobs 200 4.7ms
2026-05-04 23:06:34 | INFO     | hermes.http | → GET /api/jobs
2026-05-04 23:06:34 | INFO     | hermes.http | ← GET /api/jobs 200 2.9ms
2026-05-04 23:06:38 | INFO     | hermes.http | → GET /api/jobs
2026-05-04 23:06:38 | INFO     | hermes.http | ← GET /api/jobs 200 3.7ms
2026-05-04 23:06:42 | INFO     | hermes | 日志文件：/Volumes/d/hermes/backend/storage/logs/hermes.log（级别 INFO）
2026-05-04 23:06:42 | INFO     | hermes.http | → GET /api/jobs
2026-05-04 23:06:42 | INFO     | hermes.http | ← GET /api/jobs 200 4.3ms
2026-05-04 23:06:46 | INFO     | hermes.http | → GET /api/jobs
2026-05-04 23:06:46 | INFO     | hermes.http | ← GET /api/jobs 200 3.0ms
2026-05-04 23:06:50 | INFO     | hermes.http | → GET /api/jobs
2026-05-04 23:06:50 | INFO     | hermes.http | ← GET /api/jobs 200 73.3ms
2026-05-04 23:06:54 | INFO     | hermes.http | → GET /api/jobs
2026-05-04 23:06:54 | INFO     | hermes.http | ← GET /api/jobs 200 20.8ms
2026-05-04 23:06:58 | INFO     | hermes | 日志文件：/Volumes/d/hermes/backend/storage/logs/hermes.log（级别 INFO）
2026-05-04 23:06:58 | INFO     | hermes.http | → GET /api/jobs
2026-05-04 23:06:58 | INFO     | hermes.http | ← GET /api/jobs 200 10.4ms
2026-05-04 23:06:59 | INFO     | hermes | 日志文件：/Volumes/d/hermes/backend/storage/logs/hermes.log（级别 INFO）
2026-05-04 23:07:02 | INFO     | hermes.http | → GET /api/jobs
2026-05-04 23:07:02 | INFO     | hermes.http | ← GET /api/jobs 200 9.0ms
2026-05-04 23:07:05 | INFO     | hermes | 日志文件：/Volumes/d/hermes/backend/storage/logs/hermes.log（级别 INFO）
2026-05-04 23:07:06 | INFO     | hermes | 日志文件：/Volumes/d/hermes/backend/storage/logs/hermes.log（级别 INFO）
2026-05-04 23:07:06 | INFO     | hermes.http | → GET /api/jobs
2026-05-04 23:07:06 | INFO     | hermes.http | ← GET /api/jobs 200 4.4ms
2026-05-04 23:07:10 | INFO     | hermes.http | → GET /api/jobs
2026-05-04 23:07:10 | INFO     | hermes.http | ← GET /api/jobs 200 8.5ms
2026-05-04 23:07:14 | INFO     | hermes.http | → GET /api/jobs
2026-05-04 23:07:14 | INFO     | hermes.http | ← GET /api/jobs 200 5.7ms
2026-05-04 23:07:18 | INFO     | hermes.http | → GET /api/jobs
2026-05-04 23:07:18 | INFO     | hermes.http | ← GET /api/jobs 200 2.9ms
2026-05-04 23:07:19 | INFO     | hermes | 日志文件：/Volumes/d/hermes/backend/storage/logs/hermes.log（级别 INFO）
2026-05-04 23:07:21 | INFO     | hermes | 日志文件：/Volumes/d/hermes/backend/storage/logs/hermes.log（级别 INFO）
2026-05-04 23:07:22 | INFO     | hermes.http | → GET /api/jobs
2026-05-04 23:07:22 | INFO     | hermes.http | ← GET /api/jobs 200 4.7ms
2026-05-04 23:07:26 | INFO     | hermes.http | → GET /api/jobs
2026-05-04 23:07:26 | INFO     | hermes.http | ← GET /api/jobs 200 5.0ms
2026-05-04 23:07:30 | INFO     | hermes.http | → GET /api/jobs
2026-05-04 23:07:30 | INFO     | hermes.http | ← GET /api/jobs 200 5.1ms
2026-05-04 23:07:34 | INFO     | hermes.http | → GET /api/jobs
2026-05-04 23:07:34 | INFO     | hermes.http | ← GET /api/jobs 200 4.5ms
2026-05-04 23:07:38 | INFO     | hermes.http | → GET /api/jobs
2026-05-04 23:07:38 | INFO     | hermes.http | ← GET /api/jobs 200 10.0ms
2026-05-04 23:07:42 | INFO     | hermes.http | → GET /api/jobs
2026-05-04 23:07:42 | INFO     | hermes.http | ← GET /api/jobs 200 4.3ms
2026-05-04 23:07:44 | INFO     | hermes | 日志文件：/Volumes/d/hermes/backend/storage/logs/hermes.log（级别 INFO）
2026-05-04 23:07:46 | INFO     | hermes.http | → GET /api/jobs
2026-05-04 23:07:46 | INFO     | hermes.http | ← GET /api/jobs 200 7.4ms
2026-05-04 23:07:50 | INFO     | hermes.http | → GET /api/jobs
2026-05-04 23:07:50 | INFO     | hermes.http | ← GET /api/jobs 200 3.7ms
2026-05-04 23:07:56 | INFO     | hermes | 日志文件：/Volumes/d/hermes/backend/storage/logs/hermes.log（级别 INFO）
2026-05-04 23:07:56 | INFO     | hermes.http | → GET /api/jobs
2026-05-04 23:07:56 | INFO     | hermes.http | ← GET /api/jobs 200 11.1ms
2026-05-04 23:07:58 | INFO     | hermes | 日志文件：/Volumes/d/hermes/backend/storage/logs/hermes.log（级别 INFO）
2026-05-04 23:07:58 | INFO     | hermes.http | → GET /api/jobs
2026-05-04 23:07:58 | INFO     | hermes.http | ← GET /api/jobs 200 9.7ms
2026-05-04 23:08:02 | INFO     | hermes | 日志文件：/Volumes/d/hermes/backend/storage/logs/hermes.log（级别 INFO）
2026-05-04 23:08:02 | INFO     | hermes.http | → GET /api/jobs
2026-05-04 23:08:02 | INFO     | hermes.http | ← GET /api/jobs 200 7.4ms
2026-05-04 23:08:04 | INFO     | hermes | 日志文件：/Volumes/d/hermes/backend/storage/logs/hermes.log（级别 INFO）
2026-05-04 23:08:06 | INFO     | hermes.http | → GET /api/jobs
2026-05-04 23:08:06 | INFO     | hermes.http | ← GET /api/jobs 200 7.9ms
2026-05-04 23:08:10 | INFO     | hermes.http | → GET /api/jobs
2026-05-04 23:08:10 | INFO     | hermes.http | ← GET /api/jobs 200 3.9ms
2026-05-04 23:08:14 | INFO     | hermes.http | → GET /api/jobs
2026-05-04 23:08:14 | INFO     | hermes.http | ← GET /api/jobs 200 2.7ms
2026-05-04 23:08:18 | INFO     | hermes.http | → GET /api/jobs
2026-05-04 23:08:18 | INFO     | hermes.http | ← GET /api/jobs 200 2.3ms
2026-05-04 23:08:22 | INFO     | hermes.http | → GET /api/jobs
2026-05-04 23:08:22 | INFO     | hermes.http | ← GET /api/jobs 200 2.3ms
2026-05-04 23:08:26 | INFO     | hermes.http | → GET /api/jobs
2026-05-04 23:08:26 | INFO     | hermes.http | ← GET /api/jobs 200 7.4ms
2026-05-04 23:08:30 | INFO     | hermes.http | → GET /api/jobs
2026-05-04 23:08:30 | INFO     | hermes.http | ← GET /api/jobs 200 18.8ms
2026-05-04 23:08:34 | INFO     | hermes.http | → GET /api/jobs
2026-05-04 23:08:34 | INFO     | hermes.http | ← GET /api/jobs 200 2.5ms
2026-05-04 23:08:38 | INFO     | hermes.http | → GET /api/jobs
2026-05-04 23:08:38 | INFO     | hermes.http | ← GET /api/jobs 200 35.0ms
2026-05-04 23:08:42 | INFO     | hermes.http | → GET /api/jobs
2026-05-04 23:08:42 | INFO     | hermes.http | ← GET /api/jobs 200 22.7ms
2026-05-04 23:08:46 | INFO     | hermes.http | → GET /api/jobs
2026-05-04 23:08:46 | INFO     | hermes.http | ← GET /api/jobs 200 15.9ms
2026-05-04 23:08:50 | INFO     | hermes.http | → GET /api/jobs
2026-05-04 23:08:50 | INFO     | hermes.http | ← GET /api/jobs 200 18.4ms
2026-05-04 23:08:54 | INFO     | hermes.http | → GET /api/jobs
2026-05-04 23:08:54 | INFO     | hermes.http | ← GET /api/jobs 200 15.3ms
2026-05-04 23:08:58 | INFO     | hermes.http | → GET /api/jobs
2026-05-04 23:08:58 | INFO     | hermes.http | ← GET /api/jobs 200 5.9ms
2026-05-04 23:09:02 | INFO     | hermes.http | → GET /api/jobs
2026-05-04 23:09:02 | INFO     | hermes.http | ← GET /api/jobs 200 8.6ms
2026-05-04 23:09:06 | INFO     | hermes.http | → GET /api/jobs
2026-05-04 23:09:06 | INFO     | hermes.http | ← GET /api/jobs 200 11.3ms
2026-05-04 23:09:10 | INFO     | hermes.http | → GET /api/jobs
2026-05-04 23:09:10 | INFO     | hermes.http | ← GET /api/jobs 200 12.3ms
2026-05-04 23:09:14 | INFO     | hermes.http | → GET /api/jobs
2026-05-04 23:09:14 | INFO     | hermes.http | ← GET /api/jobs 200 10.4ms
2026-05-04 23:09:18 | INFO     | hermes.http | → GET /api/jobs
2026-05-04 23:09:18 | INFO     | hermes.http | ← GET /api/jobs 200 10.0ms
2026-05-04 23:09:22 | INFO     | hermes.http | → GET /api/jobs
2026-05-04 23:09:22 | INFO     | hermes.http | ← GET /api/jobs 200 271.5ms
2026-05-04 23:09:26 | INFO     | hermes.http | → GET /api/jobs
2026-05-04 23:09:26 | INFO     | hermes.http | ← GET /api/jobs 200 31.1ms
2026-05-04 23:09:30 | INFO     | hermes.http | → GET /api/jobs
2026-05-04 23:09:30 | INFO     | hermes.http | ← GET /api/jobs 200 6.4ms
2026-05-04 23:09:34 | INFO     | hermes.http | → GET /api/jobs
2026-05-04 23:09:34 | INFO     | hermes.http | ← GET /api/jobs 200 9.6ms
2026-05-04 23:09:38 | INFO     | hermes.http | → GET /api/jobs
2026-05-04 23:09:38 | INFO     | hermes.http | ← GET /api/jobs 200 9.4ms
2026-05-04 23:09:42 | INFO     | hermes.http | → GET /api/jobs
2026-05-04 23:09:42 | INFO     | hermes.http | ← GET /api/jobs 200 7.0ms
2026-05-04 23:09:44 | INFO     | hermes | 日志文件：/Volumes/d/hermes/backend/storage/logs/hermes.log（级别 INFO）
2026-05-04 23:09:47 | INFO     | hermes | 日志文件：/Volumes/d/hermes/backend/storage/logs/hermes.log（级别 INFO）
2026-05-04 23:09:47 | INFO     | hermes.http | → GET /api/jobs
2026-05-04 23:09:47 | INFO     | hermes.http | ← GET /api/jobs 200 9.1ms
2026-05-04 23:09:50 | INFO     | hermes | 日志文件：/Volumes/d/hermes/backend/storage/logs/hermes.log（级别 INFO）
2026-05-04 23:09:50 | INFO     | hermes.http | → GET /api/jobs
2026-05-04 23:09:50 | INFO     | hermes.http | ← GET /api/jobs 200 7.8ms
2026-05-04 23:09:53 | INFO     | hermes | 日志文件：/Volumes/d/hermes/backend/storage/logs/hermes.log（级别 INFO）
2026-05-04 23:09:54 | INFO     | hermes.http | → GET /api/jobs
2026-05-04 23:09:54 | INFO     | hermes.http | ← GET /api/jobs 200 7.2ms
2026-05-04 23:09:56 | INFO     | hermes | 日志文件：/Volumes/d/hermes/backend/storage/logs/hermes.log（级别 INFO）
2026-05-04 23:09:58 | INFO     | hermes.http | → GET /api/jobs
2026-05-04 23:09:58 | INFO     | hermes.http | ← GET /api/jobs 200 13.9ms
2026-05-04 23:10:02 | INFO     | hermes.http | → GET /api/jobs
2026-05-04 23:10:02 | INFO     | hermes.http | ← GET /api/jobs 200 44.8ms
2026-05-04 23:10:04 | INFO     | hermes | 日志文件：/Volumes/d/hermes/backend/storage/logs/hermes.log（级别 INFO）
2026-05-04 23:10:06 | INFO     | hermes.http | → GET /api/jobs
2026-05-04 23:10:06 | INFO     | hermes.http | ← GET /api/jobs 200 13.5ms
2026-05-04 23:10:10 | INFO     | hermes | 日志文件：/Volumes/d/hermes/backend/storage/logs/hermes.log（级别 INFO）
2026-05-04 23:10:10 | INFO     | hermes.http | → GET /api/jobs
2026-05-04 23:10:10 | INFO     | hermes.http | ← GET /api/jobs 200 8.3ms
2026-05-04 23:10:19 | INFO     | hermes | 日志文件：/Volumes/d/hermes/backend/storage/logs/hermes.log（级别 INFO）
2026-05-04 23:10:22 | INFO     | hermes | 日志文件：/Volumes/d/hermes/backend/storage/logs/hermes.log（级别 INFO）
2026-05-04 23:10:23 | INFO     | hermes | 日志文件：/Volumes/d/hermes/backend/storage/logs/hermes.log（级别 INFO）
2026-05-04 23:10:24 | INFO     | hermes.http | → GET /api/jobs
2026-05-04 23:10:24 | INFO     | hermes.http | ← GET /api/jobs 200 9.1ms
2026-05-04 23:10:24 | INFO     | hermes.http | → GET /api/jobs
2026-05-04 23:10:24 | INFO     | hermes.http | ← GET /api/jobs 200 7.9ms
2026-05-04 23:10:24 | INFO     | hermes.http | → GET /api/jobs
2026-05-04 23:10:24 | INFO     | hermes.http | ← GET /api/jobs 200 6.5ms
2026-05-04 23:10:26 | INFO     | hermes.http | → GET /api/jobs
2026-05-04 23:10:26 | INFO     | hermes.http | ← GET /api/jobs 200 8.8ms
2026-05-04 23:10:30 | INFO     | hermes.http | → GET /api/jobs
2026-05-04 23:10:30 | INFO     | hermes.http | ← GET /api/jobs 200 75.0ms
2026-05-04 23:10:34 | INFO     | hermes.http | → GET /api/jobs
2026-05-04 23:10:34 | INFO     | hermes.http | ← GET /api/jobs 200 5.0ms
2026-05-04 23:10:38 | INFO     | hermes.http | → GET /api/jobs
2026-05-04 23:10:38 | INFO     | hermes.http | ← GET /api/jobs 200 3.6ms
2026-05-04 23:10:42 | INFO     | hermes.http | → GET /api/jobs
2026-05-04 23:10:42 | INFO     | hermes.http | ← GET /api/jobs 200 3.7ms
2026-05-04 23:10:46 | INFO     | hermes.http | → GET /api/jobs
2026-05-04 23:10:46 | INFO     | hermes.http | ← GET /api/jobs 200 16.2ms
2026-05-04 23:10:50 | INFO     | hermes.http | → GET /api/jobs
2026-05-04 23:10:50 | INFO     | hermes.http | ← GET /api/jobs 200 11.3ms
2026-05-04 23:10:54 | INFO     | hermes.http | → GET /api/jobs
2026-05-04 23:10:54 | INFO     | hermes.http | ← GET /api/jobs 200 8.3ms
2026-05-04 23:10:58 | INFO     | hermes.http | → GET /api/jobs
2026-05-04 23:10:58 | INFO     | hermes.http | ← GET /api/jobs 200 6.7ms
2026-05-04 23:11:02 | INFO     | hermes.http | → GET /api/jobs
2026-05-04 23:11:02 | INFO     | hermes.http | ← GET /api/jobs 200 8.2ms
2026-05-04 23:11:06 | INFO     | hermes.http | → GET /api/jobs
2026-05-04 23:11:06 | INFO     | hermes.http | ← GET /api/jobs 200 7.6ms
2026-05-04 23:11:10 | INFO     | hermes.http | → GET /api/jobs
2026-05-04 23:11:10 | INFO     | hermes.http | ← GET /api/jobs 200 16.3ms
2026-05-04 23:11:14 | INFO     | hermes.http | → GET /api/jobs
2026-05-04 23:11:14 | INFO     | hermes.http | ← GET /api/jobs 200 7.6ms
2026-05-04 23:11:18 | INFO     | hermes.http | → GET /api/jobs
2026-05-04 23:11:18 | INFO     | hermes.http | ← GET /api/jobs 200 6.9ms
2026-05-04 23:11:22 | INFO     | hermes.http | → GET /api/jobs
2026-05-04 23:11:22 | INFO     | hermes.http | ← GET /api/jobs 200 4.1ms
2026-05-04 23:11:26 | INFO     | hermes.http | → GET /api/jobs
2026-05-04 23:11:26 | INFO     | hermes.http | ← GET /api/jobs 200 4.3ms
2026-05-04 23:11:30 | INFO     | hermes.http | → GET /api/jobs
2026-05-04 23:11:30 | INFO     | hermes.http | ← GET /api/jobs 200 8.0ms
2026-05-04 23:11:34 | INFO     | hermes.http | → GET /api/jobs
2026-05-04 23:11:34 | INFO     | hermes.http | ← GET /api/jobs 200 21.9ms
2026-05-04 23:11:38 | INFO     | hermes.http | → GET /api/jobs
2026-05-04 23:11:38 | INFO     | hermes.http | ← GET /api/jobs 200 3.1ms
2026-05-04 23:11:42 | INFO     | hermes.http | → GET /api/jobs
2026-05-04 23:11:42 | INFO     | hermes.http | ← GET /api/jobs 200 7.8ms
2026-05-04 23:11:46 | INFO     | hermes.http | → GET /api/jobs
2026-05-04 23:11:46 | INFO     | hermes.http | ← GET /api/jobs 200 2.8ms
2026-05-04 23:11:50 | INFO     | hermes.http | → GET /api/jobs
2026-05-04 23:11:50 | INFO     | hermes.http | ← GET /api/jobs 200 8.5ms
2026-05-04 23:11:54 | INFO     | hermes.http | → GET /api/jobs
2026-05-04 23:11:54 | INFO     | hermes.http | ← GET /api/jobs 200 4.9ms
2026-05-04 23:11:58 | INFO     | hermes.http | → GET /api/jobs
2026-05-04 23:11:58 | INFO     | hermes.http | ← GET /api/jobs 200 2.7ms
2026-05-04 23:12:02 | INFO     | hermes.http | → GET /api/jobs
2026-05-04 23:12:02 | INFO     | hermes.http | ← GET /api/jobs 200 11.7ms
2026-05-04 23:12:06 | INFO     | hermes.http | → GET /api/jobs
2026-05-04 23:12:06 | INFO     | hermes.http | ← GET /api/jobs 200 4.3ms
2026-05-04 23:12:10 | INFO     | hermes.http | → GET /api/jobs
2026-05-04 23:12:10 | INFO     | hermes.http | ← GET /api/jobs 200 6.7ms
2026-05-04 23:12:14 | INFO     | hermes.http | → GET /api/jobs
2026-05-04 23:12:14 | INFO     | hermes.http | ← GET /api/jobs 200 2.3ms
2026-05-04 23:12:18 | INFO     | hermes.http | → GET /api/jobs
2026-05-04 23:12:18 | INFO     | hermes.http | ← GET /api/jobs 200 5.1ms
2026-05-04 23:12:22 | INFO     | hermes.http | → GET /api/jobs
2026-05-04 23:12:22 | INFO     | hermes.http | ← GET /api/jobs 200 3.7ms
2026-05-04 23:12:26 | INFO     | hermes.http | → GET /api/jobs
2026-05-04 23:12:26 | INFO     | hermes.http | ← GET /api/jobs 200 3.8ms
2026-05-04 23:12:30 | INFO     | hermes.http | → GET /api/jobs
2026-05-04 23:12:30 | INFO     | hermes.http | ← GET /api/jobs 200 19.8ms
2026-05-04 23:12:34 | INFO     | hermes.http | → GET /api/jobs
2026-05-04 23:12:34 | INFO     | hermes.http | ← GET /api/jobs 200 8.0ms
2026-05-04 23:12:36 | INFO     | hermes | 日志文件：/Volumes/d/hermes/backend/storage/logs/hermes.log（级别 INFO）
2026-05-04 23:12:37 | INFO     | hermes | 日志文件：/Volumes/d/hermes/backend/storage/logs/hermes.log（级别 INFO）
2026-05-04 23:12:38 | INFO     | hermes.http | → GET /api/jobs
2026-05-04 23:12:38 | INFO     | hermes.http | ← GET /api/jobs 200 6.6ms
2026-05-04 23:12:42 | INFO     | hermes.http | → GET /api/jobs
2026-05-04 23:12:42 | INFO     | hermes.http | ← GET /api/jobs 200 4.5ms
2026-05-04 23:12:46 | INFO     | hermes.http | → GET /api/jobs
2026-05-04 23:12:46 | INFO     | hermes.http | ← GET /api/jobs 200 2.7ms
2026-05-04 23:12:50 | INFO     | hermes.http | → GET /api/jobs
2026-05-04 23:12:50 | INFO     | hermes.http | ← GET /api/jobs 200 5.1ms
2026-05-04 23:12:54 | INFO     | hermes.http | → GET /api/jobs
2026-05-04 23:12:54 | INFO     | hermes.http | ← GET /api/jobs 200 6.3ms
2026-05-04 23:12:58 | INFO     | hermes.http | → GET /api/jobs
2026-05-04 23:12:58 | INFO     | hermes.http | ← GET /api/jobs 200 15.4ms
2026-05-04 23:13:02 | INFO     | hermes.http | → GET /favicon.ico
2026-05-04 23:13:02 | INFO     | hermes.http | ← GET /favicon.ico 200 19.2ms
2026-05-04 23:13:03 | INFO     | hermes.http | → GET /api/configs/models
2026-05-04 23:13:03 | INFO     | hermes.http | ← GET /api/configs/models 200 12.1ms
2026-05-04 23:13:04 | INFO     | hermes | 日志文件：/Volumes/d/hermes/backend/storage/logs/hermes.log（级别 INFO）
2026-05-04 23:13:15 | INFO     | hermes | 日志文件：/Volumes/d/hermes/backend/storage/logs/hermes.log（级别 INFO）
2026-05-04 23:13:16 | INFO     | hermes | 日志文件：/Volumes/d/hermes/backend/storage/logs/hermes.log（级别 INFO）
2026-05-04 23:13:22 | INFO     | hermes | 日志文件：/Volumes/d/hermes/backend/storage/logs/hermes.log（级别 INFO）
2026-05-04 23:13:22 | INFO     | hermes | 日志文件：/Volumes/d/hermes/backend/storage/logs/hermes.log（级别 INFO）
2026-05-04 23:13:24 | INFO     | hermes | 日志文件：/Volumes/d/hermes/backend/storage/logs/hermes.log（级别 INFO）
2026-05-04 23:13:34 | INFO     | hermes | 日志文件：/Volumes/d/hermes/backend/storage/logs/hermes.log（级别 INFO）
2026-05-04 23:13:41 | INFO     | hermes | 日志文件：/Volumes/d/hermes/backend/storage/logs/hermes.log（级别 INFO）
2026-05-04 23:14:05 | INFO     | hermes.http | → GET /api/videos
2026-05-04 23:14:05 | INFO     | hermes.http | ← GET /api/videos 200 13.8ms
2026-05-04 23:14:05 | INFO     | hermes.http | → GET /api/videos/5f150c66-1f65-45ca-a216-ce649ffa84bb/timelines
2026-05-04 23:14:05 | INFO     | hermes.http | → GET /api/videos/5f150c66-1f65-45ca-a216-ce649ffa84bb
2026-05-04 23:14:05 | INFO     | hermes.http | ← GET /api/videos/5f150c66-1f65-45ca-a216-ce649ffa84bb/timelines 200 12.4ms
2026-05-04 23:14:05 | INFO     | hermes.http | ← GET /api/videos/5f150c66-1f65-45ca-a216-ce649ffa84bb 200 12.4ms
2026-05-04 23:14:05 | INFO     | hermes.http | → GET /api/chat/19e2ffff-d04a-419f-8a07-969e2c0b85ec/messages
2026-05-04 23:14:05 | INFO     | hermes.http | → GET /api/timelines/19e2ffff-d04a-419f-8a07-969e2c0b85ec/manifest
2026-05-04 23:14:05 | INFO     | hermes.http | ← GET /api/chat/19e2ffff-d04a-419f-8a07-969e2c0b85ec/messages 200 28.4ms
2026-05-04 23:14:05 | INFO     | hermes.http | ← GET /api/timelines/19e2ffff-d04a-419f-8a07-969e2c0b85ec/manifest 200 19.2ms
2026-05-04 23:14:09 | INFO     | hermes.http | → DELETE /api/chat/19e2ffff-d04a-419f-8a07-969e2c0b85ec/messages
2026-05-04 23:14:09 | INFO     | app.routes.chat | 已清除对话 timeline=19e2ffff-d04 deleted=8
2026-05-04 23:14:09 | INFO     | hermes.http | ← DELETE /api/chat/19e2ffff-d04a-419f-8a07-969e2c0b85ec/messages 200 2.4ms
2026-05-04 23:14:21 | INFO     | hermes.http | → POST /api/chat
2026-05-04 23:14:31 | INFO     | hermes.http | ← POST /api/chat 200 10742.5ms
2026-05-04 23:14:33 | INFO     | hermes.http | → POST /api/chat
2026-05-04 23:14:33 | INFO     | app.routes.chat | 对话请求 intent=intervention timeline=19e2ffff-d04 play=0.00s profile=fast chars=10
2026-05-04 23:14:41 | INFO     | hermes.http | → GET /api/jobs
2026-05-04 23:14:41 | INFO     | hermes.http | → GET /favicon.ico
2026-05-04 23:14:41 | INFO     | hermes.http | ← GET /favicon.ico 200 34.4ms
2026-05-04 23:14:41 | INFO     | hermes.http | ← GET /api/jobs 200 43.8ms
2026-05-04 23:14:45 | INFO     | hermes.http | → GET /api/jobs
2026-05-04 23:14:45 | INFO     | hermes.http | ← GET /api/jobs 200 8.6ms
2026-05-04 23:14:49 | INFO     | hermes.http | → GET /api/jobs
2026-05-04 23:14:49 | INFO     | hermes.http | ← GET /api/jobs 200 8.0ms
2026-05-04 23:14:53 | INFO     | hermes.http | → GET /api/jobs
2026-05-04 23:14:53 | INFO     | hermes.http | ← GET /api/jobs 200 54.6ms
2026-05-04 23:14:57 | INFO     | hermes.http | → GET /api/jobs
2026-05-04 23:14:57 | INFO     | hermes.http | ← GET /api/jobs 200 6.5ms
2026-05-04 23:15:01 | INFO     | hermes.http | → GET /api/jobs
2026-05-04 23:15:01 | INFO     | hermes.http | ← GET /api/jobs 200 7.8ms
2026-05-04 23:15:05 | INFO     | hermes.http | → GET /api/jobs
2026-05-04 23:15:05 | INFO     | hermes.http | ← GET /api/jobs 200 6.3ms
2026-05-04 23:15:09 | INFO     | hermes.http | → GET /api/jobs
2026-05-04 23:15:09 | INFO     | hermes.http | ← GET /api/jobs 200 3.7ms
2026-05-04 23:15:13 | INFO     | hermes.http | → GET /api/jobs
2026-05-04 23:15:13 | INFO     | hermes.http | ← GET /api/jobs 200 3.7ms
2026-05-04 23:15:17 | INFO     | hermes.http | → GET /api/jobs
2026-05-04 23:15:17 | INFO     | hermes.http | ← GET /api/jobs 200 41.6ms
2026-05-04 23:15:21 | INFO     | hermes.http | → GET /api/jobs
2026-05-04 23:15:21 | INFO     | hermes.http | ← GET /api/jobs 200 2.5ms
2026-05-04 23:15:25 | INFO     | hermes.http | → GET /api/jobs
2026-05-04 23:15:25 | INFO     | hermes.http | ← GET /api/jobs 200 7.8ms
2026-05-04 23:15:29 | INFO     | hermes.http | → GET /api/jobs
2026-05-04 23:15:29 | INFO     | hermes.http | ← GET /api/jobs 200 4.8ms
2026-05-04 23:15:33 | INFO     | hermes.http | → GET /api/jobs
2026-05-04 23:15:33 | INFO     | hermes.http | ← GET /api/jobs 200 6.2ms
2026-05-04 23:15:37 | INFO     | hermes.http | → GET /api/jobs
2026-05-04 23:15:37 | INFO     | hermes.http | ← GET /api/jobs 200 4.6ms
2026-05-04 23:15:41 | INFO     | hermes.http | → GET /api/jobs
2026-05-04 23:15:41 | INFO     | hermes.http | ← GET /api/jobs 200 8.6ms
2026-05-04 23:15:45 | INFO     | hermes.http | → GET /api/jobs
2026-05-04 23:15:45 | INFO     | hermes.http | ← GET /api/jobs 200 14.8ms
2026-05-04 23:15:47 | INFO     | hermes.http | → GET /api/videos
2026-05-04 23:15:47 | INFO     | hermes.http | ← GET /api/videos 200 12.7ms
2026-05-04 23:15:47 | INFO     | hermes.http | → GET /api/assets/shots
2026-05-04 23:15:47 | INFO     | hermes.http | → GET /api/assets/timelines
2026-05-04 23:15:47 | INFO     | hermes.http | → GET /api/videos/5f150c66-1f65-45ca-a216-ce649ffa84bb/characters
2026-05-04 23:15:47 | INFO     | hermes.http | ← GET /api/assets/shots 200 20.2ms
2026-05-04 23:15:47 | INFO     | hermes.http | ← GET /api/assets/timelines 200 24.6ms
2026-05-04 23:15:47 | INFO     | hermes.http | ← GET /api/videos/5f150c66-1f65-45ca-a216-ce649ffa84bb/characters 200 34.2ms
2026-05-04 23:18:29 | INFO     | hermes.http | ← POST /api/chat 200 236043.7ms
2026-05-04 23:18:30 | INFO     | hermes | 日志文件：/Volumes/d/hermes/backend/storage/logs/hermes.log（级别 INFO）
2026-05-04 23:18:31 | INFO     | hermes | 日志文件：/Volumes/d/hermes/backend/storage/logs/hermes.log（级别 INFO）
2026-05-04 23:18:31 | INFO     | hermes.http | → GET /api/videos
2026-05-04 23:18:31 | INFO     | hermes.http | → GET /favicon.ico
2026-05-04 23:18:31 | INFO     | hermes.http | → GET /
2026-05-04 23:18:31 | INFO     | hermes.http | → GET /api/videos/5f150c66-1f65-45ca-a216-ce649ffa84bb/timelines
2026-05-04 23:18:31 | INFO     | hermes.http | → GET /api/videos
2026-05-04 23:18:31 | INFO     | hermes.http | → GET /
2026-05-04 23:18:31 | INFO     | hermes.http | ← GET /favicon.ico 200 10.2ms
2026-05-04 23:18:31 | INFO     | hermes.http | ← GET /api/videos 200 10.8ms
2026-05-04 23:18:31 | INFO     | hermes.http | ← GET / 200 10.1ms
2026-05-04 23:18:31 | INFO     | hermes.http | ← GET / 200 8.0ms
2026-05-04 23:18:31 | INFO     | hermes.http | ← GET /api/videos 200 11.3ms
2026-05-04 23:18:31 | INFO     | hermes.http | ← GET /api/videos/5f150c66-1f65-45ca-a216-ce649ffa84bb/timelines 200 12.6ms
2026-05-04 23:18:31 | INFO     | hermes.http | → GET /assets/index-B4YCh3AM.css
2026-05-04 23:18:31 | INFO     | hermes.http | → GET /assets/index-CwQoy7QY.js
2026-05-04 23:18:31 | INFO     | hermes.http | ← GET /assets/index-B4YCh3AM.css 304 5.2ms
2026-05-04 23:18:31 | INFO     | hermes.http | ← GET /assets/index-CwQoy7QY.js 304 4.6ms
2026-05-04 23:18:31 | INFO     | hermes.http | → GET /api/videos
2026-05-04 23:18:31 | INFO     | hermes.http | → GET /favicon.ico
2026-05-04 23:18:31 | INFO     | hermes.http | ← GET /favicon.ico 200 8.7ms
2026-05-04 23:18:31 | INFO     | hermes.http | ← GET /api/videos 200 16.0ms
2026-05-04 23:18:31 | INFO     | hermes.http | → GET /api/videos/5f150c66-1f65-45ca-a216-ce649ffa84bb
2026-05-04 23:18:31 | INFO     | hermes.http | → GET /api/videos/5f150c66-1f65-45ca-a216-ce649ffa84bb/timelines
2026-05-04 23:18:31 | INFO     | hermes.http | ← GET /api/videos/5f150c66-1f65-45ca-a216-ce649ffa84bb 200 10.8ms
2026-05-04 23:18:31 | INFO     | hermes.http | ← GET /api/videos/5f150c66-1f65-45ca-a216-ce649ffa84bb/timelines 200 11.3ms
2026-05-04 23:18:31 | INFO     | hermes.http | → GET /api/chat/19e2ffff-d04a-419f-8a07-969e2c0b85ec/messages
2026-05-04 23:18:31 | INFO     | hermes.http | → GET /api/timelines/19e2ffff-d04a-419f-8a07-969e2c0b85ec/manifest
2026-05-04 23:18:31 | INFO     | hermes.http | ← GET /api/chat/19e2ffff-d04a-419f-8a07-969e2c0b85ec/messages 200 6.3ms
2026-05-04 23:18:31 | INFO     | hermes.http | ← GET /api/timelines/19e2ffff-d04a-419f-8a07-969e2c0b85ec/manifest 200 6.4ms
2026-05-04 23:18:38 | INFO     | hermes.http | → GET /api/chat/3299d529-bc2d-4772-b0d6-9cf7450cd6ad/messages
2026-05-04 23:18:38 | INFO     | hermes.http | → GET /api/timelines/3299d529-bc2d-4772-b0d6-9cf7450cd6ad/manifest
2026-05-04 23:18:38 | INFO     | hermes.http | ← GET /api/chat/3299d529-bc2d-4772-b0d6-9cf7450cd6ad/messages 200 7.3ms
2026-05-04 23:18:38 | INFO     | hermes.http | ← GET /api/timelines/3299d529-bc2d-4772-b0d6-9cf7450cd6ad/manifest 200 14.2ms
2026-05-04 23:18:40 | INFO     | hermes.http | → GET /api/jobs
2026-05-04 23:18:40 | INFO     | hermes.http | ← GET /api/jobs 200 13.3ms
2026-05-04 23:18:44 | INFO     | hermes.http | → GET /api/jobs
2026-05-04 23:18:44 | INFO     | hermes.http | ← GET /api/jobs 200 13.2ms
2026-05-04 23:18:48 | INFO     | hermes.http | → GET /api/jobs
2026-05-04 23:18:48 | INFO     | hermes.http | ← GET /api/jobs 200 14.6ms
2026-05-04 23:18:49 | INFO     | hermes.http | → GET /api/videos
2026-05-04 23:18:49 | INFO     | hermes.http | ← GET /api/videos 200 4.5ms
2026-05-04 23:18:49 | INFO     | hermes.http | → GET /api/videos/5f150c66-1f65-45ca-a216-ce649ffa84bb
2026-05-04 23:18:49 | INFO     | hermes.http | → GET /api/videos/5f150c66-1f65-45ca-a216-ce649ffa84bb/timelines
2026-05-04 23:18:49 | INFO     | hermes.http | ← GET /api/videos/5f150c66-1f65-45ca-a216-ce649ffa84bb 200 11.3ms
2026-05-04 23:18:49 | INFO     | hermes.http | ← GET /api/videos/5f150c66-1f65-45ca-a216-ce649ffa84bb/timelines 200 19.2ms
2026-05-04 23:18:49 | INFO     | hermes.http | → GET /api/chat/19e2ffff-d04a-419f-8a07-969e2c0b85ec/messages
2026-05-04 23:18:49 | INFO     | hermes.http | → GET /api/timelines/19e2ffff-d04a-419f-8a07-969e2c0b85ec/manifest
2026-05-04 23:18:49 | INFO     | hermes.http | ← GET /api/chat/19e2ffff-d04a-419f-8a07-969e2c0b85ec/messages 200 9.9ms
2026-05-04 23:18:49 | INFO     | hermes.http | ← GET /api/timelines/19e2ffff-d04a-419f-8a07-969e2c0b85ec/manifest 200 6.3ms
2026-05-04 23:21:27 | INFO     | hermes.http | → GET /api/jobs
2026-05-04 23:21:27 | INFO     | hermes.http | → GET /favicon.ico
2026-05-04 23:21:27 | INFO     | hermes.http | ← GET /favicon.ico 200 19.5ms
2026-05-04 23:21:27 | INFO     | hermes.http | ← GET /api/jobs 200 35.4ms
2026-05-04 23:21:31 | INFO     | hermes.http | → GET /api/jobs
2026-05-04 23:21:31 | INFO     | hermes.http | ← GET /api/jobs 200 15.8ms
2026-05-04 23:21:35 | INFO     | hermes.http | → GET /api/jobs
2026-05-04 23:21:35 | INFO     | hermes.http | ← GET /api/jobs 200 14.6ms
2026-05-04 23:21:39 | INFO     | hermes.http | → GET /api/jobs
2026-05-04 23:21:39 | INFO     | hermes.http | ← GET /api/jobs 200 5.5ms
2026-05-04 23:21:43 | INFO     | hermes.http | → GET /api/jobs
2026-05-04 23:21:43 | INFO     | hermes.http | ← GET /api/jobs 200 12.7ms
2026-05-04 23:21:47 | INFO     | hermes.http | → GET /api/jobs
2026-05-04 23:21:47 | INFO     | hermes.http | ← GET /api/jobs 200 5.2ms
2026-05-04 23:21:51 | INFO     | hermes.http | → GET /api/jobs
2026-05-04 23:21:51 | INFO     | hermes.http | ← GET /api/jobs 200 5.1ms
2026-05-04 23:21:55 | INFO     | hermes.http | → GET /api/jobs
2026-05-04 23:21:55 | INFO     | hermes.http | ← GET /api/jobs 200 15.1ms
2026-05-04 23:21:55 | INFO     | hermes.http | → GET /api/videos
2026-05-04 23:21:55 | INFO     | hermes.http | ← GET /api/videos 200 2.7ms
2026-05-04 23:21:55 | INFO     | hermes.http | → GET /api/assets/shots
2026-05-04 23:21:55 | INFO     | hermes.http | → GET /api/assets/timelines
2026-05-04 23:21:55 | INFO     | hermes.http | → GET /api/videos/5f150c66-1f65-45ca-a216-ce649ffa84bb/characters
2026-05-04 23:21:55 | INFO     | hermes.http | ← GET /api/assets/shots 200 104.2ms
2026-05-04 23:21:55 | INFO     | hermes.http | ← GET /api/assets/timelines 200 103.9ms
2026-05-04 23:21:55 | INFO     | hermes.http | ← GET /api/videos/5f150c66-1f65-45ca-a216-ce649ffa84bb/characters 200 109.2ms
2026-05-04 23:22:00 | INFO     | hermes.http | → GET /api/assets/shots
2026-05-04 23:22:00 | INFO     | hermes.http | → GET /api/videos/5f150c66-1f65-45ca-a216-ce649ffa84bb/characters
2026-05-04 23:22:00 | INFO     | hermes.http | → GET /api/assets/timelines
2026-05-04 23:22:00 | INFO     | hermes.http | ← GET /api/assets/shots 200 16.1ms
2026-05-04 23:22:00 | INFO     | hermes.http | ← GET /api/assets/timelines 200 16.5ms
2026-05-04 23:22:00 | INFO     | hermes.http | ← GET /api/videos/5f150c66-1f65-45ca-a216-ce649ffa84bb/characters 200 26.8ms
2026-05-04 23:22:03 | INFO     | hermes.http | → GET /api/assets/shots
2026-05-04 23:22:03 | INFO     | hermes.http | → GET /api/assets/timelines
2026-05-04 23:22:03 | INFO     | hermes.http | → GET /api/videos/5f150c66-1f65-45ca-a216-ce649ffa84bb/characters
2026-05-04 23:22:03 | INFO     | hermes.http | ← GET /api/assets/shots 200 14.8ms
2026-05-04 23:22:03 | INFO     | hermes.http | ← GET /api/assets/timelines 200 19.0ms
2026-05-04 23:22:03 | INFO     | hermes.http | ← GET /api/videos/5f150c66-1f65-45ca-a216-ce649ffa84bb/characters 200 23.9ms
2026-05-04 23:22:07 | INFO     | hermes.http | → GET /api/assets/shots
2026-05-04 23:22:07 | INFO     | hermes.http | → GET /api/assets/timelines
2026-05-04 23:22:07 | INFO     | hermes.http | → GET /api/videos/5f150c66-1f65-45ca-a216-ce649ffa84bb/characters
2026-05-04 23:22:07 | INFO     | hermes.http | ← GET /api/assets/shots 200 10.5ms
2026-05-04 23:22:07 | INFO     | hermes.http | ← GET /api/assets/timelines 200 19.2ms
2026-05-04 23:22:07 | INFO     | hermes.http | ← GET /api/videos/5f150c66-1f65-45ca-a216-ce649ffa84bb/characters 200 25.9ms
2026-05-04 23:22:31 | INFO     | hermes | 日志文件：/Volumes/d/hermes/backend/storage/logs/hermes.log（级别 INFO）
2026-05-04 23:22:32 | INFO     | hermes | 日志文件：/Volumes/d/hermes/backend/storage/logs/hermes.log（级别 INFO）
2026-05-04 23:22:34 | INFO     | hermes | 日志文件：/Volumes/d/hermes/backend/storage/logs/hermes.log（级别 INFO）
2026-05-04 23:22:44 | INFO     | hermes | 日志文件：/Volumes/d/hermes/backend/storage/logs/hermes.log（级别 INFO）
2026-05-04 23:22:45 | INFO     | hermes | 日志文件：/Volumes/d/hermes/backend/storage/logs/hermes.log（级别 INFO）
2026-05-04 23:22:52 | INFO     | hermes | 日志文件：/Volumes/d/hermes/backend/storage/logs/hermes.log（级别 INFO）
2026-05-04 23:22:53 | INFO     | hermes | 日志文件：/Volumes/d/hermes/backend/storage/logs/hermes.log（级别 INFO）
2026-05-04 23:22:56 | INFO     | hermes | 日志文件：/Volumes/d/hermes/backend/storage/logs/hermes.log（级别 INFO）
2026-05-04 23:24:23 | INFO     | hermes | 日志文件：/Volumes/d/hermes/backend/storage/logs/hermes.log（级别 INFO）
2026-05-04 23:24:25 | INFO     | hermes | 日志文件：/Volumes/d/hermes/backend/storage/logs/hermes.log（级别 INFO）
2026-05-04 23:24:26 | INFO     | hermes | 日志文件：/Volumes/d/hermes/backend/storage/logs/hermes.log（级别 INFO）
2026-05-04 23:24:27 | INFO     | hermes | 日志文件：/Volumes/d/hermes/backend/storage/logs/hermes.log（级别 INFO）
2026-05-04 23:24:35 | INFO     | hermes | 日志文件：/Volumes/d/hermes/backend/storage/logs/hermes.log（级别 INFO）
2026-05-04 23:25:44 | INFO     | hermes.http | → GET /api/videos
2026-05-04 23:25:44 | INFO     | hermes.http | → GET /favicon.ico
2026-05-04 23:25:44 | INFO     | hermes.http | ← GET /favicon.ico 200 10.6ms
2026-05-04 23:25:44 | INFO     | hermes.http | ← GET /api/videos 200 13.0ms
2026-05-04 23:25:44 | INFO     | hermes.http | → GET /api/videos/5f150c66-1f65-45ca-a216-ce649ffa84bb
2026-05-04 23:25:44 | INFO     | hermes.http | → GET /api/videos/5f150c66-1f65-45ca-a216-ce649ffa84bb/timelines
2026-05-04 23:25:44 | INFO     | hermes.http | ← GET /api/videos/5f150c66-1f65-45ca-a216-ce649ffa84bb 200 10.3ms
2026-05-04 23:25:44 | INFO     | hermes.http | ← GET /api/videos/5f150c66-1f65-45ca-a216-ce649ffa84bb/timelines 200 10.8ms
2026-05-04 23:25:44 | INFO     | hermes.http | → GET /api/chat/19e2ffff-d04a-419f-8a07-969e2c0b85ec/messages
2026-05-04 23:25:44 | INFO     | hermes.http | → GET /api/timelines/19e2ffff-d04a-419f-8a07-969e2c0b85ec/manifest
2026-05-04 23:25:44 | INFO     | hermes.http | ← GET /api/chat/19e2ffff-d04a-419f-8a07-969e2c0b85ec/messages 200 6.0ms
2026-05-04 23:25:44 | INFO     | hermes.http | ← GET /api/timelines/19e2ffff-d04a-419f-8a07-969e2c0b85ec/manifest 200 5.6ms
2026-05-04 23:25:48 | INFO     | hermes.http | → DELETE /api/chat/19e2ffff-d04a-419f-8a07-969e2c0b85ec/messages
2026-05-04 23:25:48 | INFO     | app.routes.chat | 已清除对话 timeline=19e2ffff-d04 deleted=2
2026-05-04 23:25:48 | INFO     | hermes.http | ← DELETE /api/chat/19e2ffff-d04a-419f-8a07-969e2c0b85ec/messages 200 7.3ms
2026-05-04 23:25:57 | INFO     | hermes.http | → POST /api/chat
2026-05-04 23:26:04 | INFO     | hermes.http | ← POST /api/chat 200 6271.6ms
2026-05-04 23:26:05 | INFO     | hermes.http | → POST /api/chat
2026-05-04 23:26:05 | INFO     | app.routes.chat | 对话请求 intent=intervention timeline=19e2ffff-d04 play=0.00s profile=fast chars=10
2026-05-04 23:26:36 | INFO     | hermes.http | → GET /api/jobs
2026-05-04 23:26:36 | INFO     | hermes.http | ← GET /api/jobs 200 51.1ms
2026-05-04 23:26:40 | INFO     | hermes.http | → GET /api/jobs
2026-05-04 23:26:40 | INFO     | hermes.http | ← GET /api/jobs 200 5.6ms
2026-05-04 23:26:44 | INFO     | hermes.http | → GET /api/jobs
2026-05-04 23:26:44 | INFO     | hermes.http | ← GET /api/jobs 200 12.1ms
2026-05-04 23:26:46 | INFO     | hermes.http | → GET /api/videos
2026-05-04 23:26:46 | INFO     | hermes.http | ← GET /api/videos 200 4.2ms
2026-05-04 23:26:46 | INFO     | hermes.http | → GET /api/assets/shots
2026-05-04 23:26:46 | INFO     | hermes.http | → GET /api/assets/timelines
2026-05-04 23:26:46 | INFO     | hermes.http | → GET /api/videos/5f150c66-1f65-45ca-a216-ce649ffa84bb/characters
2026-05-04 23:26:46 | INFO     | hermes.http | ← GET /api/assets/shots 200 23.4ms
2026-05-04 23:26:46 | INFO     | hermes.http | ← GET /api/assets/timelines 200 75.9ms
2026-05-04 23:26:46 | INFO     | hermes.http | ← GET /api/videos/5f150c66-1f65-45ca-a216-ce649ffa84bb/characters 200 126.5ms
2026-05-04 23:26:48 | INFO     | hermes.http | → GET /api/jobs
2026-05-04 23:26:48 | INFO     | hermes.http | ← GET /api/jobs 200 8.3ms
2026-05-04 23:26:50 | INFO     | hermes.http | → GET /api/videos
2026-05-04 23:26:50 | INFO     | hermes.http | ← GET /api/videos 200 3.8ms
2026-05-04 23:26:50 | INFO     | hermes.http | → GET /api/assets/shots
2026-05-04 23:26:50 | INFO     | hermes.http | → GET /api/assets/timelines
2026-05-04 23:26:50 | INFO     | hermes.http | → GET /api/videos/5f150c66-1f65-45ca-a216-ce649ffa84bb/characters
2026-05-04 23:26:50 | INFO     | hermes.http | ← GET /api/assets/timelines 200 23.8ms
2026-05-04 23:26:50 | INFO     | hermes.http | ← GET /api/assets/shots 200 27.2ms
2026-05-04 23:26:50 | INFO     | hermes.http | ← GET /api/videos/5f150c66-1f65-45ca-a216-ce649ffa84bb/characters 200 30.5ms
2026-05-04 23:27:40 | INFO     | hermes.http | → POST /api/videos/5f150c66-1f65-45ca-a216-ce649ffa84bb/characters/extract
2026-05-04 23:27:40 | INFO     | app.services.character_library | 角色汇总跳过同框≥2人镜头 8 条 video=5f150c66-1f6
2026-05-04 23:28:48 | INFO     | app.services.video_gen | 视频：检测到 MiniMax 域名与密钥，已从 mock 切换为 minimax（建议在 .env 设置 HERMES_VIDEO_PROVIDER=minimax）
2026-05-04 23:28:48 | WARNING  | app.services.video_gen | MiniMax 创建任务响应无 task_id：{'task_id': '', 'base_resp': {'status_code': 2013, 'status_msg': 'invalid params, model MiniMax-Hailuo-2.3 does not support duration 5s, supported durations: 6s, 10s'}}
2026-05-04 23:28:48 | WARNING  | app.services.video_gen | MiniMax 视频生成失败，回退占位：MiniMax 未返回 task_id
2026-05-04 23:28:49 | ERROR    | app.routes.videos | 提取角色库失败
Traceback (most recent call last):
  File "/Volumes/d/hermes/.venv/lib/python3.9/site-packages/sqlalchemy/engine/base.py", line 1967, in _exec_single_context
    self.dialect.do_execute(
  File "/Volumes/d/hermes/.venv/lib/python3.9/site-packages/sqlalchemy/engine/default.py", line 941, in do_execute
    cursor.execute(statement, parameters)
sqlite3.OperationalError: database is locked

The above exception was the direct cause of the following exception:

Traceback (most recent call last):
  File "/Volumes/d/hermes/backend/app/routes/videos.py", line 287, in extract_video_characters
    n = character_library.rebuild_video_characters(db, video_id, granularity=granularity)
  File "/Volumes/d/hermes/backend/app/services/character_library.py", line 294, in rebuild_video_characters
    db.query(models.VideoCharacter).filter(models.VideoCharacter.video_id == video_id).delete(
  File "/Volumes/d/hermes/.venv/lib/python3.9/site-packages/sqlalchemy/orm/query.py", line 3162, in delete
    result: CursorResult[Any] = self.session.execute(
  File "/Volumes/d/hermes/.venv/lib/python3.9/site-packages/sqlalchemy/orm/session.py", line 2362, in execute
    return self._execute_internal(
  File "/Volumes/d/hermes/.venv/lib/python3.9/site-packages/sqlalchemy/orm/session.py", line 2247, in _execute_internal
    result: Result[Any] = compile_state_cls.orm_execute_statement(
  File "/Volumes/d/hermes/.venv/lib/python3.9/site-packages/sqlalchemy/orm/bulk_persistence.py", line 2021, in orm_execute_statement
    return super().orm_execute_statement(
  File "/Volumes/d/hermes/.venv/lib/python3.9/site-packages/sqlalchemy/orm/context.py", line 305, in orm_execute_statement
    result = conn.execute(
  File "/Volumes/d/hermes/.venv/lib/python3.9/site-packages/sqlalchemy/engine/base.py", line 1418, in execute
    return meth(
  File "/Volumes/d/hermes/.venv/lib/python3.9/site-packages/sqlalchemy/sql/elements.py", line 515, in _execute_on_connection
    return connection._execute_clauseelement(
  File "/Volumes/d/hermes/.venv/lib/python3.9/site-packages/sqlalchemy/engine/base.py", line 1640, in _execute_clauseelement
    ret = self._execute_context(
  File "/Volumes/d/hermes/.venv/lib/python3.9/site-packages/sqlalchemy/engine/base.py", line 1846, in _execute_context
    return self._exec_single_context(
  File "/Volumes/d/hermes/.venv/lib/python3.9/site-packages/sqlalchemy/engine/base.py", line 1986, in _exec_single_context
    self._handle_dbapi_exception(
  File "/Volumes/d/hermes/.venv/lib/python3.9/site-packages/sqlalchemy/engine/base.py", line 2355, in _handle_dbapi_exception
    raise sqlalchemy_exception.with_traceback(exc_info[2]) from e
  File "/Volumes/d/hermes/.venv/lib/python3.9/site-packages/sqlalchemy/engine/base.py", line 1967, in _exec_single_context
    self.dialect.do_execute(
  File "/Volumes/d/hermes/.venv/lib/python3.9/site-packages/sqlalchemy/engine/default.py", line 941, in do_execute
    cursor.execute(statement, parameters)
sqlalchemy.exc.OperationalError: (sqlite3.OperationalError) database is locked
[SQL: DELETE FROM video_characters WHERE video_characters.video_id = ?]
[parameters: ('5f150c66-1f65-45ca-a216-ce649ffa84bb',)]
(Background on this error at: https://sqlalche.me/e/20/e3q8)
2026-05-04 23:28:49 | INFO     | hermes.http | ← POST /api/videos/5f150c66-1f65-45ca-a216-ce649ffa84bb/characters/extract 500 68434.6ms
2026-05-04 23:29:18 | INFO     | app.services.video_gen | 视频：检测到 MiniMax 域名与密钥，已从 mock 切换为 minimax（建议在 .env 设置 HERMES_VIDEO_PROVIDER=minimax）
2026-05-04 23:29:19 | WARNING  | app.services.video_gen | MiniMax 创建任务响应无 task_id：{'task_id': '', 'base_resp': {'status_code': 2013, 'status_msg': 'invalid params, model MiniMax-Hailuo-2.3 does not support duration 5s, supported durations: 6s, 10s'}}
2026-05-04 23:29:19 | WARNING  | app.services.video_gen | MiniMax 视频生成失败，回退占位：MiniMax 未返回 task_id
2026-05-04 23:30:05 | INFO     | app.services.video_gen | 视频：检测到 MiniMax 域名与密钥，已从 mock 切换为 minimax（建议在 .env 设置 HERMES_VIDEO_PROVIDER=minimax）
2026-05-04 23:30:05 | WARNING  | app.services.video_gen | MiniMax 创建任务响应无 task_id：{'task_id': '', 'base_resp': {'status_code': 2013, 'status_msg': 'invalid params, model MiniMax-Hailuo-2.3 does not support duration 5s, supported durations: 6s, 10s'}}
2026-05-04 23:30:05 | WARNING  | app.services.video_gen | MiniMax 视频生成失败，回退占位：MiniMax 未返回 task_id
2026-05-04 23:30:27 | INFO     | app.services.video_gen | 视频：检测到 MiniMax 域名与密钥，已从 mock 切换为 minimax（建议在 .env 设置 HERMES_VIDEO_PROVIDER=minimax）
2026-05-04 23:30:27 | WARNING  | app.services.video_gen | MiniMax 创建任务响应无 task_id：{'task_id': '', 'base_resp': {'status_code': 2013, 'status_msg': 'invalid params, model MiniMax-Hailuo-2.3 does not support duration 5s, supported durations: 6s, 10s'}}
2026-05-04 23:30:27 | WARNING  | app.services.video_gen | MiniMax 视频生成失败，回退占位：MiniMax 未返回 task_id
2026-05-04 23:31:00 | INFO     | app.services.video_gen | 视频：检测到 MiniMax 域名与密钥，已从 mock 切换为 minimax（建议在 .env 设置 HERMES_VIDEO_PROVIDER=minimax）
2026-05-04 23:31:01 | WARNING  | app.services.video_gen | MiniMax 创建任务响应无 task_id：{'task_id': '', 'base_resp': {'status_code': 2013, 'status_msg': 'invalid params, model MiniMax-Hailuo-2.3 does not support duration 5s, supported durations: 6s, 10s'}}
2026-05-04 23:31:01 | WARNING  | app.services.video_gen | MiniMax 视频生成失败，回退占位：MiniMax 未返回 task_id
2026-05-04 23:31:01 | INFO     | app.services.video_gen | 视频：检测到 MiniMax 域名与密钥，已从 mock 切换为 minimax（建议在 .env 设置 HERMES_VIDEO_PROVIDER=minimax）
2026-05-04 23:31:40 | INFO     | hermes.http | ← POST /api/chat 200 334895.8ms
2026-05-04 23:31:40 | INFO     | hermes.http | → GET /api/videos/5f150c66-1f65-45ca-a216-ce649ffa84bb/timelines
2026-05-04 23:31:40 | INFO     | hermes.http | ← GET /api/videos/5f150c66-1f65-45ca-a216-ce649ffa84bb/timelines 200 3.0ms
2026-05-04 23:32:09 | INFO     | hermes | 日志文件：/Volumes/d/hermes/backend/storage/logs/hermes.log（级别 INFO）
2026-05-04 23:32:13 | INFO     | hermes | 日志文件：/Volumes/d/hermes/backend/storage/logs/hermes.log（级别 INFO）
2026-05-04 23:32:14 | INFO     | hermes | 日志文件：/Volumes/d/hermes/backend/storage/logs/hermes.log（级别 INFO）
2026-05-04 23:32:14 | INFO     | hermes | 日志文件：/Volumes/d/hermes/backend/storage/logs/hermes.log（级别 INFO）
2026-05-04 23:32:23 | INFO     | hermes | 日志文件：/Volumes/d/hermes/backend/storage/logs/hermes.log（级别 INFO）
2026-05-04 23:34:44 | INFO     | hermes | 日志文件：/Volumes/d/hermes/backend/storage/logs/hermes.log（级别 INFO）
2026-05-04 23:34:44 | INFO     | hermes | 日志文件：/Volumes/d/hermes/backend/storage/logs/hermes.log（级别 INFO）
2026-05-04 23:36:45 | INFO     | hermes | 日志文件：/Volumes/d/hermes/backend/storage/logs/hermes.log（级别 INFO）
2026-05-04 23:36:50 | INFO     | hermes | 日志文件：/Volumes/d/hermes/backend/storage/logs/hermes.log（级别 INFO）
2026-05-04 23:36:56 | INFO     | hermes | 日志文件：/Volumes/d/hermes/backend/storage/logs/hermes.log（级别 INFO）
2026-05-04 23:36:58 | INFO     | hermes | 日志文件：/Volumes/d/hermes/backend/storage/logs/hermes.log（级别 INFO）
2026-05-04 23:36:59 | INFO     | hermes | 日志文件：/Volumes/d/hermes/backend/storage/logs/hermes.log（级别 INFO）
2026-05-04 23:37:00 | INFO     | hermes | 日志文件：/Volumes/d/hermes/backend/storage/logs/hermes.log（级别 INFO）
2026-05-04 23:37:01 | INFO     | hermes | 日志文件：/Volumes/d/hermes/backend/storage/logs/hermes.log（级别 INFO）
2026-05-04 23:37:01 | INFO     | hermes | 日志文件：/Volumes/d/hermes/backend/storage/logs/hermes.log（级别 INFO）
2026-05-04 23:38:38 | INFO     | hermes.http | → GET /favicon.ico
2026-05-04 23:38:38 | INFO     | hermes.http | ← GET /favicon.ico 200 21.8ms
2026-05-04 23:38:39 | INFO     | hermes.http | → GET /api/videos
2026-05-04 23:38:39 | INFO     | hermes.http | ← GET /api/videos 200 14.7ms
2026-05-04 23:38:39 | INFO     | hermes.http | → GET /api/assets/shots
2026-05-04 23:38:39 | INFO     | hermes.http | → GET /api/assets/timelines
2026-05-04 23:38:39 | INFO     | hermes.http | → GET /api/videos/5f150c66-1f65-45ca-a216-ce649ffa84bb/characters
2026-05-04 23:38:39 | INFO     | hermes.http | ← GET /api/assets/shots 200 26.5ms
2026-05-04 23:38:39 | INFO     | hermes.http | ← GET /api/assets/timelines 200 29.0ms
2026-05-04 23:38:39 | INFO     | hermes.http | ← GET /api/videos/5f150c66-1f65-45ca-a216-ce649ffa84bb/characters 200 33.0ms
2026-05-04 23:38:40 | INFO     | hermes.http | → GET /api/jobs
2026-05-04 23:38:40 | INFO     | hermes.http | ← GET /api/jobs 200 13.9ms
2026-05-04 23:38:44 | INFO     | hermes.http | → GET /api/jobs
2026-05-04 23:38:44 | INFO     | hermes.http | ← GET /api/jobs 200 13.1ms
2026-05-04 23:38:48 | INFO     | hermes.http | → GET /api/jobs
2026-05-04 23:38:48 | INFO     | hermes.http | ← GET /api/jobs 200 6.8ms
2026-05-04 23:38:52 | INFO     | hermes.http | → GET /api/jobs
2026-05-04 23:38:52 | INFO     | hermes.http | ← GET /api/jobs 200 16.2ms
2026-05-04 23:38:56 | INFO     | hermes.http | → GET /api/jobs
2026-05-04 23:38:56 | INFO     | hermes.http | ← GET /api/jobs 200 9.8ms
2026-05-04 23:39:00 | INFO     | hermes.http | → GET /api/jobs
2026-05-04 23:39:01 | INFO     | hermes.http | ← GET /api/jobs 200 65.6ms
2026-05-04 23:39:03 | INFO     | hermes | 日志文件：/Volumes/d/hermes/backend/storage/logs/hermes.log（级别 INFO）
2026-05-04 23:39:04 | INFO     | hermes.http | → GET /api/jobs
2026-05-04 23:39:04 | INFO     | hermes.http | ← GET /api/jobs 200 7.9ms
2026-05-04 23:39:08 | INFO     | hermes.http | → GET /api/jobs
2026-05-04 23:39:08 | INFO     | hermes.http | ← GET /api/jobs 200 13.3ms
2026-05-04 23:39:12 | INFO     | hermes.http | → GET /api/jobs
2026-05-04 23:39:12 | INFO     | hermes.http | ← GET /api/jobs 200 4.7ms
2026-05-04 23:39:16 | INFO     | hermes.http | → GET /api/jobs
2026-05-04 23:39:16 | INFO     | hermes.http | ← GET /api/jobs 200 5.0ms
2026-05-04 23:39:20 | INFO     | hermes.http | → GET /api/jobs
2026-05-04 23:39:20 | INFO     | hermes.http | ← GET /api/jobs 200 50.6ms
2026-05-04 23:39:24 | INFO     | hermes.http | → GET /api/jobs
2026-05-04 23:39:24 | INFO     | hermes.http | ← GET /api/jobs 200 7.4ms
2026-05-04 23:39:28 | INFO     | hermes.http | → GET /api/jobs
2026-05-04 23:39:28 | INFO     | hermes.http | ← GET /api/jobs 200 14.5ms
2026-05-04 23:39:32 | INFO     | hermes.http | → GET /api/jobs
2026-05-04 23:39:32 | INFO     | hermes.http | ← GET /api/jobs 200 15.2ms
2026-05-04 23:39:36 | INFO     | hermes.http | → GET /api/jobs
2026-05-04 23:39:36 | INFO     | hermes.http | ← GET /api/jobs 200 7.2ms
2026-05-04 23:39:40 | INFO     | hermes.http | → GET /api/jobs
2026-05-04 23:39:40 | INFO     | hermes.http | ← GET /api/jobs 200 13.1ms
2026-05-04 23:39:44 | INFO     | hermes.http | → GET /api/jobs
2026-05-04 23:39:44 | INFO     | hermes.http | ← GET /api/jobs 200 15.2ms
2026-05-04 23:39:48 | INFO     | hermes.http | → GET /api/jobs
2026-05-04 23:39:48 | INFO     | hermes.http | ← GET /api/jobs 200 40.3ms
2026-05-04 23:39:52 | INFO     | hermes.http | → GET /api/jobs
2026-05-04 23:39:52 | INFO     | hermes.http | ← GET /api/jobs 200 7.2ms
2026-05-04 23:39:56 | INFO     | hermes.http | → GET /api/jobs
2026-05-04 23:39:56 | INFO     | hermes.http | ← GET /api/jobs 200 11.8ms
2026-05-04 23:40:00 | INFO     | hermes.http | → GET /api/jobs
2026-05-04 23:40:00 | INFO     | hermes.http | ← GET /api/jobs 200 16.5ms
2026-05-04 23:40:04 | INFO     | hermes.http | → GET /api/jobs
2026-05-04 23:40:04 | INFO     | hermes.http | ← GET /api/jobs 200 8.8ms
2026-05-04 23:40:08 | INFO     | hermes.http | → GET /api/jobs
2026-05-04 23:40:08 | INFO     | hermes.http | ← GET /api/jobs 200 7.2ms
2026-05-04 23:40:12 | INFO     | hermes.http | → GET /api/jobs
2026-05-04 23:40:12 | INFO     | hermes.http | ← GET /api/jobs 200 22.1ms
2026-05-04 23:40:16 | INFO     | hermes.http | → GET /api/jobs
2026-05-04 23:40:16 | INFO     | hermes.http | ← GET /api/jobs 200 8.4ms
2026-05-04 23:40:20 | INFO     | hermes.http | → GET /api/jobs
2026-05-04 23:40:20 | INFO     | hermes.http | ← GET /api/jobs 200 7.4ms
2026-05-04 23:40:24 | INFO     | hermes.http | → GET /api/jobs
2026-05-04 23:40:24 | INFO     | hermes.http | ← GET /api/jobs 200 4.9ms
2026-05-04 23:40:26 | INFO     | hermes.http | → GET /api/videos
2026-05-04 23:40:26 | INFO     | hermes.http | ← GET /api/videos 200 17.7ms
2026-05-04 23:40:27 | INFO     | hermes.http | → GET /api/videos/5f150c66-1f65-45ca-a216-ce649ffa84bb
2026-05-04 23:40:27 | INFO     | hermes.http | → GET /api/videos/5f150c66-1f65-45ca-a216-ce649ffa84bb/timelines
2026-05-04 23:40:27 | INFO     | hermes.http | ← GET /api/videos/5f150c66-1f65-45ca-a216-ce649ffa84bb 200 21.4ms
2026-05-04 23:40:27 | INFO     | hermes.http | ← GET /api/videos/5f150c66-1f65-45ca-a216-ce649ffa84bb/timelines 200 22.0ms
2026-05-04 23:40:27 | INFO     | hermes.http | → GET /api/chat/19e2ffff-d04a-419f-8a07-969e2c0b85ec/messages
2026-05-04 23:40:27 | INFO     | hermes.http | → GET /api/timelines/19e2ffff-d04a-419f-8a07-969e2c0b85ec/manifest
2026-05-04 23:40:27 | INFO     | hermes.http | ← GET /api/chat/19e2ffff-d04a-419f-8a07-969e2c0b85ec/messages 200 5.4ms
2026-05-04 23:40:27 | INFO     | hermes.http | ← GET /api/timelines/19e2ffff-d04a-419f-8a07-969e2c0b85ec/manifest 200 6.3ms
2026-05-04 23:40:34 | INFO     | hermes.http | → POST /api/chat
2026-05-04 23:40:46 | INFO     | hermes.http | ← POST /api/chat 200 12082.8ms
2026-05-04 23:40:48 | INFO     | hermes.http | → POST /api/chat
2026-05-04 23:40:48 | INFO     | app.routes.chat | 对话请求 intent=intervention timeline=19e2ffff-d04 play=0.00s profile=fast chars=10
2026-05-04 23:42:02 | INFO     | hermes.http | → GET /api/videos
2026-05-04 23:42:02 | INFO     | hermes.http | ← GET /api/videos 200 15.5ms
2026-05-04 23:42:02 | INFO     | hermes.http | → GET /api/assets/shots
2026-05-04 23:42:02 | INFO     | hermes.http | → GET /api/assets/timelines
2026-05-04 23:42:02 | INFO     | hermes.http | → GET /api/videos/5f150c66-1f65-45ca-a216-ce649ffa84bb/characters
2026-05-04 23:42:03 | INFO     | hermes.http | ← GET /api/assets/shots 200 41.2ms
2026-05-04 23:42:03 | INFO     | hermes.http | ← GET /api/assets/timelines 200 58.3ms
2026-05-04 23:42:03 | INFO     | hermes.http | ← GET /api/videos/5f150c66-1f65-45ca-a216-ce649ffa84bb/characters 200 79.3ms
2026-05-04 23:43:29 | INFO     | hermes.http | → POST /api/videos/5f150c66-1f65-45ca-a216-ce649ffa84bb/characters/extract
2026-05-04 23:43:29 | INFO     | app.services.character_library | 角色汇总跳过同框≥2人镜头 8 条 video=5f150c66-1f6
2026-05-04 23:43:40 | INFO     | app.services.video_gen | 视频：检测到 MiniMax 域名与密钥，已从 mock 切换为 minimax（建议在 .env 设置 HERMES_VIDEO_PROVIDER=minimax）
2026-05-04 23:43:41 | WARNING  | app.services.video_gen | MiniMax 创建任务响应无 task_id：{'task_id': '', 'base_resp': {'status_code': 2061, 'status_msg': 'your current token plan not support model, MiniMax-Hailuo-2.3-6s-1080p'}}
2026-05-04 23:43:41 | WARNING  | app.services.video_gen | MiniMax 视频生成失败，回退占位：MiniMax 未返回 task_id
2026-05-04 23:44:05 | INFO     | app.services.video_gen | 视频：检测到 MiniMax 域名与密钥，已从 mock 切换为 minimax（建议在 .env 设置 HERMES_VIDEO_PROVIDER=minimax）
2026-05-04 23:44:05 | WARNING  | app.services.video_gen | MiniMax 创建任务响应无 task_id：{'task_id': '', 'base_resp': {'status_code': 2061, 'status_msg': 'your current token plan not support model, MiniMax-Hailuo-2.3-6s-1080p'}}
2026-05-04 23:44:05 | WARNING  | app.services.video_gen | MiniMax 视频生成失败，回退占位：MiniMax 未返回 task_id
2026-05-04 23:44:29 | WARNING  | app.services.llm | LLM 请求失败，回退到 mock：The read operation timed out
2026-05-04 23:44:34 | INFO     | app.services.video_gen | 视频：检测到 MiniMax 域名与密钥，已从 mock 切换为 minimax（建议在 .env 设置 HERMES_VIDEO_PROVIDER=minimax）
2026-05-04 23:44:34 | WARNING  | app.services.video_gen | MiniMax 创建任务响应无 task_id：{'task_id': '', 'base_resp': {'status_code': 2061, 'status_msg': 'your current token plan not support model, MiniMax-Hailuo-2.3-6s-1080p'}}
2026-05-04 23:44:34 | WARNING  | app.services.video_gen | MiniMax 视频生成失败，回退占位：MiniMax 未返回 task_id
2026-05-04 23:45:00 | ERROR    | app.routes.videos | 提取角色库失败
Traceback (most recent call last):
  File "/Volumes/d/hermes/.venv/lib/python3.9/site-packages/sqlalchemy/engine/base.py", line 1967, in _exec_single_context
    self.dialect.do_execute(
  File "/Volumes/d/hermes/.venv/lib/python3.9/site-packages/sqlalchemy/engine/default.py", line 941, in do_execute
    cursor.execute(statement, parameters)
sqlite3.OperationalError: database is locked

The above exception was the direct cause of the following exception:

Traceback (most recent call last):
  File "/Volumes/d/hermes/backend/app/routes/videos.py", line 284, in extract_video_characters
    n = character_library.rebuild_video_characters(db, video_id, granularity=granularity)
  File "/Volumes/d/hermes/backend/app/services/character_library.py", line 294, in rebuild_video_characters
    db.query(models.VideoCharacter).filter(models.VideoCharacter.video_id == video_id).delete(
  File "/Volumes/d/hermes/.venv/lib/python3.9/site-packages/sqlalchemy/orm/query.py", line 3162, in delete
    result: CursorResult[Any] = self.session.execute(
  File "/Volumes/d/hermes/.venv/lib/python3.9/site-packages/sqlalchemy/orm/session.py", line 2362, in execute
    return self._execute_internal(
  File "/Volumes/d/hermes/.venv/lib/python3.9/site-packages/sqlalchemy/orm/session.py", line 2247, in _execute_internal
    result: Result[Any] = compile_state_cls.orm_execute_statement(
  File "/Volumes/d/hermes/.venv/lib/python3.9/site-packages/sqlalchemy/orm/bulk_persistence.py", line 2021, in orm_execute_statement
    return super().orm_execute_statement(
  File "/Volumes/d/hermes/.venv/lib/python3.9/site-packages/sqlalchemy/orm/context.py", line 305, in orm_execute_statement
    result = conn.execute(
  File "/Volumes/d/hermes/.venv/lib/python3.9/site-packages/sqlalchemy/engine/base.py", line 1418, in execute
    return meth(
  File "/Volumes/d/hermes/.venv/lib/python3.9/site-packages/sqlalchemy/sql/elements.py", line 515, in _execute_on_connection
    return connection._execute_clauseelement(
  File "/Volumes/d/hermes/.venv/lib/python3.9/site-packages/sqlalchemy/engine/base.py", line 1640, in _execute_clauseelement
    ret = self._execute_context(
  File "/Volumes/d/hermes/.venv/lib/python3.9/site-packages/sqlalchemy/engine/base.py", line 1846, in _execute_context
    return self._exec_single_context(
  File "/Volumes/d/hermes/.venv/lib/python3.9/site-packages/sqlalchemy/engine/base.py", line 1986, in _exec_single_context
    self._handle_dbapi_exception(
  File "/Volumes/d/hermes/.venv/lib/python3.9/site-packages/sqlalchemy/engine/base.py", line 2355, in _handle_dbapi_exception
    raise sqlalchemy_exception.with_traceback(exc_info[2]) from e
  File "/Volumes/d/hermes/.venv/lib/python3.9/site-packages/sqlalchemy/engine/base.py", line 1967, in _exec_single_context
    self.dialect.do_execute(
  File "/Volumes/d/hermes/.venv/lib/python3.9/site-packages/sqlalchemy/engine/default.py", line 941, in do_execute
    cursor.execute(statement, parameters)
sqlalchemy.exc.OperationalError: (sqlite3.OperationalError) database is locked
[SQL: DELETE FROM video_characters WHERE video_characters.video_id = ?]
[parameters: ('5f150c66-1f65-45ca-a216-ce649ffa84bb',)]
(Background on this error at: https://sqlalche.me/e/20/e3q8)
2026-05-04 23:45:00 | INFO     | hermes.http | ← POST /api/videos/5f150c66-1f65-45ca-a216-ce649ffa84bb/characters/extract 500 90607.4ms
2026-05-04 23:45:06 | INFO     | app.services.video_gen | 视频：检测到 MiniMax 域名与密钥，已从 mock 切换为 minimax（建议在 .env 设置 HERMES_VIDEO_PROVIDER=minimax）
2026-05-04 23:45:07 | WARNING  | app.services.video_gen | MiniMax 创建任务响应无 task_id：{'task_id': '', 'base_resp': {'status_code': 2061, 'status_msg': 'your current token plan not support model, MiniMax-Hailuo-2.3-6s-1080p'}}
2026-05-04 23:45:07 | WARNING  | app.services.video_gen | MiniMax 视频生成失败，回退占位：MiniMax 未返回 task_id
2026-05-04 23:45:53 | INFO     | app.services.video_gen | 视频：检测到 MiniMax 域名与密钥，已从 mock 切换为 minimax（建议在 .env 设置 HERMES_VIDEO_PROVIDER=minimax）
2026-05-04 23:45:53 | WARNING  | app.services.video_gen | MiniMax 创建任务响应无 task_id：{'task_id': '', 'base_resp': {'status_code': 2061, 'status_msg': 'your current token plan not support model, MiniMax-Hailuo-2.3-6s-1080p'}}
2026-05-04 23:45:53 | WARNING  | app.services.video_gen | MiniMax 视频生成失败，回退占位：MiniMax 未返回 task_id
2026-05-04 23:45:53 | INFO     | app.services.video_gen | 视频：检测到 MiniMax 域名与密钥，已从 mock 切换为 minimax（建议在 .env 设置 HERMES_VIDEO_PROVIDER=minimax）
2026-05-04 23:46:44 | INFO     | hermes.http | ← POST /api/chat 200 356054.3ms
2026-05-04 23:46:44 | INFO     | hermes.http | → GET /api/videos/5f150c66-1f65-45ca-a216-ce649ffa84bb/timelines
2026-05-04 23:46:44 | INFO     | hermes.http | ← GET /api/videos/5f150c66-1f65-45ca-a216-ce649ffa84bb/timelines 200 18.1ms
2026-05-04 23:47:01 | INFO     | hermes | 日志文件：/Volumes/d/hermes/backend/storage/logs/hermes.log（级别 INFO）
2026-05-04 23:47:16 | INFO     | hermes | 日志文件：/Volumes/d/hermes/backend/storage/logs/hermes.log（级别 INFO）
2026-05-04 23:47:39 | INFO     | hermes | 日志文件：/Volumes/d/hermes/backend/storage/logs/hermes.log（级别 INFO）
2026-05-04 23:48:38 | INFO     | hermes | 日志文件：/Volumes/d/hermes/backend/storage/logs/hermes.log（级别 INFO）
2026-05-04 23:48:40 | INFO     | hermes | 日志文件：/Volumes/d/hermes/backend/storage/logs/hermes.log（级别 INFO）
2026-05-04 23:48:47 | INFO     | hermes | 日志文件：/Volumes/d/hermes/backend/storage/logs/hermes.log（级别 INFO）
2026-05-04 23:48:57 | INFO     | hermes | 日志文件：/Volumes/d/hermes/backend/storage/logs/hermes.log（级别 INFO）
2026-05-04 23:49:00 | INFO     | hermes | 日志文件：/Volumes/d/hermes/backend/storage/logs/hermes.log（级别 INFO）
2026-05-04 23:49:05 | INFO     | hermes | 日志文件：/Volumes/d/hermes/backend/storage/logs/hermes.log（级别 INFO）
2026-05-04 23:49:10 | INFO     | hermes | 日志文件：/Volumes/d/hermes/backend/storage/logs/hermes.log（级别 INFO）
2026-05-04 23:49:11 | INFO     | hermes | 日志文件：/Volumes/d/hermes/backend/storage/logs/hermes.log（级别 INFO）
2026-05-04 23:49:16 | INFO     | hermes | 日志文件：/Volumes/d/hermes/backend/storage/logs/hermes.log（级别 INFO）
2026-05-04 23:49:28 | INFO     | hermes | 日志文件：/Volumes/d/hermes/backend/storage/logs/hermes.log（级别 INFO）
2026-05-04 23:49:42 | INFO     | hermes.http | → POST /api/videos/5f150c66-1f65-45ca-a216-ce649ffa84bb/characters/extract
2026-05-04 23:49:42 | INFO     | app.services.character_library | 角色汇总跳过同框≥2人镜头 8 条 video=5f150c66-1f6
2026-05-04 23:50:24 | INFO     | app.services.character_library | 角色库已重建 video=5f150c66-1f6 rows=6 granularity=None
2026-05-04 23:50:24 | INFO     | hermes.http | ← POST /api/videos/5f150c66-1f65-45ca-a216-ce649ffa84bb/characters/extract 200 42310.0ms
2026-05-04 23:50:24 | INFO     | hermes.http | → GET /api/videos/5f150c66-1f65-45ca-a216-ce649ffa84bb/characters
2026-05-04 23:50:24 | INFO     | hermes.http | ← GET /api/videos/5f150c66-1f65-45ca-a216-ce649ffa84bb/characters 200 7.2ms
2026-05-04 23:50:48 | INFO     | hermes.http | → POST /api/videos/5f150c66-1f65-45ca-a216-ce649ffa84bb/characters/4e704262-510d-48f4-9f7d-2949144cabec/enrich
2026-05-04 23:50:48 | INFO     | app.services.character_enrichment | 证据对齐：12 → 12 条镜头（奇幻主线多数派）
2026-05-04 23:51:34 | INFO     | app.services.character_identity_agent | 角色身份完成 video=5f150c66-1f6 name=青年男子：黑色凌乱马尾，左侧有一缕明显的紫色挑染发丝，身穿黑色金边交领长袍，领口 appearance=dark purple high bun hairstyle, black and blue cloud pattern long robe, purple w
2026-05-04 23:52:00 | INFO     | app.services.image_generate | MiniMax 三视图已合成 -> /Volumes/d/hermes/backend/storage/generated/characters/4e704262-510d-48f4-9f7d-2949144cabec/turnaround.png (3 views)
2026-05-04 23:52:00 | INFO     | hermes.http | ← POST /api/videos/5f150c66-1f65-45ca-a216-ce649ffa84bb/characters/4e704262-510d-48f4-9f7d-2949144cabec/enrich 200 71686.7ms
2026-05-04 23:52:00 | INFO     | hermes.http | → GET /api/videos/5f150c66-1f65-45ca-a216-ce649ffa84bb/characters
2026-05-04 23:52:00 | INFO     | hermes.http | ← GET /api/videos/5f150c66-1f65-45ca-a216-ce649ffa84bb/characters 200 8.6ms
2026-05-04 23:52:04 | INFO     | hermes.http | → GET /favicon.ico
2026-05-04 23:52:04 | INFO     | hermes.http | ← GET /favicon.ico 200 7.5ms
2026-05-04 23:52:30 | INFO     | hermes.http | → POST /api/videos/5f150c66-1f65-45ca-a216-ce649ffa84bb/characters/1c178286-7ae6-42f7-962c-0bca2ee2b1e0/enrich
2026-05-04 23:52:30 | INFO     | app.services.character_enrichment | 证据对齐：8 → 8 条镜头（奇幻主线多数派）
2026-05-04 23:52:45 | INFO     | hermes.http | → GET /api/videos
2026-05-04 23:52:45 | INFO     | hermes.http | ← GET /api/videos 200 17.8ms
2026-05-04 23:52:45 | INFO     | hermes.http | → GET /api/videos/5f150c66-1f65-45ca-a216-ce649ffa84bb
2026-05-04 23:52:45 | INFO     | hermes.http | → GET /api/videos/5f150c66-1f65-45ca-a216-ce649ffa84bb/timelines
2026-05-04 23:52:45 | INFO     | hermes.http | ← GET /api/videos/5f150c66-1f65-45ca-a216-ce649ffa84bb 200 27.9ms
2026-05-04 23:52:45 | INFO     | hermes.http | ← GET /api/videos/5f150c66-1f65-45ca-a216-ce649ffa84bb/timelines 200 34.3ms
2026-05-04 23:52:45 | INFO     | hermes.http | → GET /api/chat/19e2ffff-d04a-419f-8a07-969e2c0b85ec/messages
2026-05-04 23:52:45 | INFO     | hermes.http | → GET /api/timelines/19e2ffff-d04a-419f-8a07-969e2c0b85ec/manifest
2026-05-04 23:52:45 | INFO     | hermes.http | ← GET /api/chat/19e2ffff-d04a-419f-8a07-969e2c0b85ec/messages 200 4.8ms
2026-05-04 23:52:45 | INFO     | hermes.http | ← GET /api/timelines/19e2ffff-d04a-419f-8a07-969e2c0b85ec/manifest 200 7.0ms
2026-05-04 23:53:00 | INFO     | hermes.http | → GET /api/chat/3299d529-bc2d-4772-b0d6-9cf7450cd6ad/messages
2026-05-04 23:53:00 | INFO     | hermes.http | → GET /api/timelines/3299d529-bc2d-4772-b0d6-9cf7450cd6ad/manifest
2026-05-04 23:53:00 | INFO     | hermes.http | ← GET /api/chat/3299d529-bc2d-4772-b0d6-9cf7450cd6ad/messages 200 155.8ms
2026-05-04 23:53:00 | INFO     | hermes.http | ← GET /api/timelines/3299d529-bc2d-4772-b0d6-9cf7450cd6ad/manifest 200 21.3ms
2026-05-04 23:53:03 | INFO     | hermes.http | → GET /api/chat/19e2ffff-d04a-419f-8a07-969e2c0b85ec/messages
2026-05-04 23:53:03 | INFO     | hermes.http | → GET /api/timelines/19e2ffff-d04a-419f-8a07-969e2c0b85ec/manifest
2026-05-04 23:53:03 | INFO     | hermes.http | ← GET /api/chat/19e2ffff-d04a-419f-8a07-969e2c0b85ec/messages 200 9.4ms
2026-05-04 23:53:03 | INFO     | hermes.http | ← GET /api/timelines/19e2ffff-d04a-419f-8a07-969e2c0b85ec/manifest 200 12.6ms
2026-05-04 23:53:06 | INFO     | app.services.character_identity_agent | 角色身份完成 video=5f150c66-1f6 name=蒙眼女子：银白色长发、眼部蒙着白色布带、身穿白底绿花图案的和服、腰间束有深绿色宽 appearance=silver-white long flowing hair, white cloth blindfold over eyes, white kimono wi
2026-05-04 23:53:07 | INFO     | hermes.http | → POST /api/chat
2026-05-04 23:53:22 | INFO     | hermes.http | ← POST /api/chat 200 15214.9ms
2026-05-04 23:53:24 | INFO     | hermes.http | → POST /api/chat
2026-05-04 23:53:24 | INFO     | app.routes.chat | 对话请求 intent=intervention timeline=19e2ffff-d04 play=0.00s profile=fast chars=10
2026-05-04 23:53:42 | INFO     | app.services.image_generate | MiniMax 三视图已合成 -> /Volumes/d/hermes/backend/storage/generated/characters/1c178286-7ae6-42f7-962c-0bca2ee2b1e0/turnaround.png (3 views)
2026-05-04 23:53:42 | INFO     | hermes.http | ← POST /api/videos/5f150c66-1f65-45ca-a216-ce649ffa84bb/characters/1c178286-7ae6-42f7-962c-0bca2ee2b1e0/enrich 200 71992.3ms
2026-05-04 23:53:42 | INFO     | hermes.http | → GET /api/videos/5f150c66-1f65-45ca-a216-ce649ffa84bb/characters
2026-05-04 23:53:42 | INFO     | hermes.http | ← GET /api/videos/5f150c66-1f65-45ca-a216-ce649ffa84bb/characters 200 3.4ms
2026-05-04 23:56:28 | WARNING  | app.services.video_gen | MiniMax 创建任务响应无 task_id：{'task_id': '', 'base_resp': {'status_code': 2013, 'status_msg': 'invalid params, incorrect model param input'}}
2026-05-04 23:56:28 | WARNING  | app.services.video_gen | MiniMax 视频生成失败，回退占位：MiniMax 未返回 task_id
2026-05-04 23:56:50 | WARNING  | app.services.video_gen | MiniMax 创建任务响应无 task_id：{'task_id': '', 'base_resp': {'status_code': 2013, 'status_msg': 'invalid params, incorrect model param input'}}
2026-05-04 23:56:50 | WARNING  | app.services.video_gen | MiniMax 视频生成失败，回退占位：MiniMax 未返回 task_id
2026-05-04 23:57:32 | WARNING  | app.services.video_gen | MiniMax 创建任务响应无 task_id：{'task_id': '', 'base_resp': {'status_code': 2013, 'status_msg': 'invalid params, incorrect model param input'}}
2026-05-04 23:57:32 | WARNING  | app.services.video_gen | MiniMax 视频生成失败，回退占位：MiniMax 未返回 task_id
2026-05-04 23:58:00 | WARNING  | app.services.video_gen | MiniMax 创建任务响应无 task_id：{'task_id': '', 'base_resp': {'status_code': 2013, 'status_msg': 'invalid params, incorrect model param input'}}
2026-05-04 23:58:00 | WARNING  | app.services.video_gen | MiniMax 视频生成失败，回退占位：MiniMax 未返回 task_id
2026-05-04 23:58:28 | WARNING  | app.services.video_gen | MiniMax 创建任务响应无 task_id：{'task_id': '', 'base_resp': {'status_code': 2013, 'status_msg': 'invalid params, incorrect model param input'}}
2026-05-04 23:58:28 | WARNING  | app.services.video_gen | MiniMax 视频生成失败，回退占位：MiniMax 未返回 task_id
2026-05-04 23:58:34 | INFO     | hermes.http | ← POST /api/chat 200 310467.9ms
2026-05-04 23:58:34 | INFO     | hermes.http | → GET /api/videos/5f150c66-1f65-45ca-a216-ce649ffa84bb/timelines
2026-05-04 23:58:34 | INFO     | hermes.http | → GET /api/timelines/19e2ffff-d04a-419f-8a07-969e2c0b85ec/manifest
2026-05-04 23:58:34 | INFO     | hermes.http | ← GET /api/videos/5f150c66-1f65-45ca-a216-ce649ffa84bb/timelines 200 25.4ms
2026-05-04 23:58:34 | INFO     | hermes.http | ← GET /api/timelines/19e2ffff-d04a-419f-8a07-969e2c0b85ec/manifest 200 16.5ms
2026-05-04 23:59:26 | INFO     | hermes | 日志文件：/Volumes/d/hermes/backend/storage/logs/hermes.log（级别 INFO）
2026-05-04 23:59:26 | INFO     | hermes | 日志文件：/Volumes/d/hermes/backend/storage/logs/hermes.log（级别 INFO）
2026-05-05 00:01:00 | INFO     | hermes | 日志文件：/Volumes/d/hermes/backend/storage/logs/hermes.log（级别 INFO）
2026-05-05 00:05:56 | INFO     | hermes | 日志文件：/Volumes/d/hermes/backend/storage/logs/hermes.log（级别 INFO）
2026-05-05 00:05:57 | INFO     | hermes | 日志文件：/Volumes/d/hermes/backend/storage/logs/hermes.log（级别 INFO）
2026-05-05 00:06:46 | INFO     | hermes | 日志文件：/Volumes/d/hermes/backend/storage/logs/hermes.log（级别 INFO）
2026-05-05 00:06:50 | INFO     | hermes | 日志文件：/Volumes/d/hermes/backend/storage/logs/hermes.log（级别 INFO）
2026-05-05 00:06:51 | INFO     | hermes | 日志文件：/Volumes/d/hermes/backend/storage/logs/hermes.log（级别 INFO）
2026-05-05 00:06:53 | INFO     | hermes | 日志文件：/Volumes/d/hermes/backend/storage/logs/hermes.log（级别 INFO）
2026-05-05 00:07:02 | INFO     | hermes | 日志文件：/Volumes/d/hermes/backend/storage/logs/hermes.log（级别 INFO）
2026-05-05 00:07:02 | INFO     | hermes | 日志文件：/Volumes/d/hermes/backend/storage/logs/hermes.log（级别 INFO）
2026-05-05 00:07:21 | INFO     | hermes | 日志文件：/Volumes/d/hermes/backend/storage/logs/hermes.log（级别 INFO）
2026-05-05 00:15:00 | INFO     | hermes | 日志文件：/Volumes/d/hermes/backend/storage/logs/hermes.log（级别 INFO）
2026-05-05 00:15:06 | INFO     | hermes | 日志文件：/Volumes/d/hermes/backend/storage/logs/hermes.log（级别 INFO）
2026-05-05 00:15:09 | INFO     | hermes | 日志文件：/Volumes/d/hermes/backend/storage/logs/hermes.log（级别 INFO）
2026-05-05 00:15:17 | INFO     | hermes | 日志文件：/Volumes/d/hermes/backend/storage/logs/hermes.log（级别 INFO）
2026-05-05 00:15:19 | INFO     | hermes | 日志文件：/Volumes/d/hermes/backend/storage/logs/hermes.log（级别 INFO）
2026-05-05 00:15:24 | INFO     | hermes | 日志文件：/Volumes/d/hermes/backend/storage/logs/hermes.log（级别 INFO）
2026-05-05 00:21:24 | INFO     | hermes | 日志文件：/Volumes/d/hermes/backend/storage/logs/hermes.log（级别 INFO）
2026-05-05 00:21:31 | INFO     | hermes | 日志文件：/Volumes/d/hermes/backend/storage/logs/hermes.log（级别 INFO）
2026-05-05 00:21:53 | INFO     | hermes | 日志文件：/Volumes/d/hermes/backend/storage/logs/hermes.log（级别 INFO）
2026-05-05 00:22:11 | INFO     | hermes.http | → POST /api/chat
2026-05-05 00:22:22 | INFO     | hermes.http | ← POST /api/chat 200 10914.2ms
2026-05-05 00:22:23 | INFO     | hermes.http | → POST /api/chat
2026-05-05 00:22:23 | INFO     | app.routes.chat | 对话请求 intent=intervention timeline=19e2ffff-d04 play=0.00s profile=fast chars=10
2026-05-05 00:22:44 | INFO     | hermes.http | → GET /api/configs/models
2026-05-05 00:22:44 | INFO     | hermes.http | → GET /favicon.ico
2026-05-05 00:22:44 | INFO     | hermes.http | ← GET /api/configs/models 200 47.2ms
2026-05-05 00:22:44 | INFO     | hermes.http | ← GET /favicon.ico 200 30.9ms
2026-05-05 00:22:46 | ERROR    | hermes.http | 请求异常 POST /api/chat
Traceback (most recent call last):
  File "/Volumes/d/hermes/.venv/lib/python3.9/site-packages/starlette/middleware/base.py", line 157, in call_next
    message = await recv_stream.receive()
  File "/Volumes/d/hermes/.venv/lib/python3.9/site-packages/anyio/streams/memory.py", line 132, in receive
    raise EndOfStream from None
anyio.EndOfStream

During handling of the above exception, another exception occurred:

Traceback (most recent call last):
  File "/Volumes/d/hermes/backend/app/main.py", line 34, in http_access_log
    response = await call_next(request)
  File "/Volumes/d/hermes/.venv/lib/python3.9/site-packages/starlette/middleware/base.py", line 163, in call_next
    raise app_exc
  File "/Volumes/d/hermes/.venv/lib/python3.9/site-packages/starlette/middleware/base.py", line 149, in coro
    await self.app(scope, receive_or_disconnect, send_no_error)
  File "/Volumes/d/hermes/.venv/lib/python3.9/site-packages/starlette/middleware/exceptions.py", line 62, in __call__
    await wrap_app_handling_exceptions(self.app, conn)(scope, receive, send)
  File "/Volumes/d/hermes/.venv/lib/python3.9/site-packages/starlette/_exception_handler.py", line 53, in wrapped_app
    raise exc
  File "/Volumes/d/hermes/.venv/lib/python3.9/site-packages/starlette/_exception_handler.py", line 42, in wrapped_app
    await app(scope, receive, sender)
  File "/Volumes/d/hermes/.venv/lib/python3.9/site-packages/starlette/routing.py", line 715, in __call__
    await self.middleware_stack(scope, receive, send)
  File "/Volumes/d/hermes/.venv/lib/python3.9/site-packages/starlette/routing.py", line 735, in app
    await route.handle(scope, receive, send)
  File "/Volumes/d/hermes/.venv/lib/python3.9/site-packages/starlette/routing.py", line 288, in handle
    await self.app(scope, receive, send)
  File "/Volumes/d/hermes/.venv/lib/python3.9/site-packages/starlette/routing.py", line 76, in app
    await wrap_app_handling_exceptions(app, request)(scope, receive, send)
  File "/Volumes/d/hermes/.venv/lib/python3.9/site-packages/starlette/_exception_handler.py", line 53, in wrapped_app
    raise exc
  File "/Volumes/d/hermes/.venv/lib/python3.9/site-packages/starlette/_exception_handler.py", line 42, in wrapped_app
    await app(scope, receive, sender)
  File "/Volumes/d/hermes/.venv/lib/python3.9/site-packages/starlette/routing.py", line 73, in app
    response = await f(request)
  File "/Volumes/d/hermes/.venv/lib/python3.9/site-packages/fastapi/routing.py", line 301, in app
    raw_response = await run_endpoint_function(
  File "/Volumes/d/hermes/.venv/lib/python3.9/site-packages/fastapi/routing.py", line 214, in run_endpoint_function
    return await run_in_threadpool(dependant.call, **values)
  File "/Volumes/d/hermes/.venv/lib/python3.9/site-packages/starlette/concurrency.py", line 39, in run_in_threadpool
    return await anyio.to_thread.run_sync(func, *args)
  File "/Volumes/d/hermes/.venv/lib/python3.9/site-packages/anyio/to_thread.py", line 63, in run_sync
    return await get_async_backend().run_sync_in_worker_thread(
  File "/Volumes/d/hermes/.venv/lib/python3.9/site-packages/anyio/_backends/_asyncio.py", line 2502, in run_sync_in_worker_thread
    return await future
  File "/Volumes/d/hermes/.venv/lib/python3.9/site-packages/anyio/_backends/_asyncio.py", line 986, in run
    result = context.run(func, *args)
  File "/Volumes/d/hermes/backend/app/routes/chat.py", line 276, in chat
    assistant = _store_message(
  File "/Volumes/d/hermes/backend/app/routes/chat.py", line 43, in _store_message
    db.flush()
  File "/Volumes/d/hermes/.venv/lib/python3.9/site-packages/sqlalchemy/orm/session.py", line 4352, in flush
    self._flush(objects)
  File "/Volumes/d/hermes/.venv/lib/python3.9/site-packages/sqlalchemy/orm/session.py", line 4488, in _flush
    transaction.rollback(_capture_exception=True)
  File "/Volumes/d/hermes/.venv/lib/python3.9/site-packages/sqlalchemy/util/langhelpers.py", line 146, in __exit__
    raise exc_value.with_traceback(exc_tb)
  File "/Volumes/d/hermes/.venv/lib/python3.9/site-packages/sqlalchemy/orm/session.py", line 4448, in _flush
    flush_context.execute()
  File "/Volumes/d/hermes/.venv/lib/python3.9/site-packages/sqlalchemy/orm/unitofwork.py", line 466, in execute
    rec.execute(self)
  File "/Volumes/d/hermes/.venv/lib/python3.9/site-packages/sqlalchemy/orm/unitofwork.py", line 642, in execute
    util.preloaded.orm_persistence.save_obj(
  File "/Volumes/d/hermes/.venv/lib/python3.9/site-packages/sqlalchemy/orm/persistence.py", line 85, in save_obj
    _emit_update_statements(
  File "/Volumes/d/hermes/.venv/lib/python3.9/site-packages/sqlalchemy/orm/persistence.py", line 948, in _emit_update_statements
    raise orm_exc.StaleDataError(
sqlalchemy.orm.exc.StaleDataError: UPDATE statement on table 'generation_jobs' expected to update 1 row(s); 0 were matched.
2026-05-05 00:25:09 | INFO     | hermes | 日志文件：/Volumes/d/hermes/backend/storage/logs/hermes.log（级别 INFO）
2026-05-05 00:27:10 | INFO     | hermes | 日志文件：/Volumes/d/hermes/backend/storage/logs/hermes.log（级别 INFO）
2026-05-05 00:27:27 | INFO     | hermes | 日志文件：/Volumes/d/hermes/backend/storage/logs/hermes.log（级别 INFO）
2026-05-05 00:27:36 | INFO     | hermes | 日志文件：/Volumes/d/hermes/backend/storage/logs/hermes.log（级别 INFO）
2026-05-05 00:27:40 | INFO     | hermes | 日志文件：/Volumes/d/hermes/backend/storage/logs/hermes.log（级别 INFO）
2026-05-05 00:27:42 | INFO     | hermes | 日志文件：/Volumes/d/hermes/backend/storage/logs/hermes.log（级别 INFO）
2026-05-05 00:29:31 | INFO     | hermes | 日志文件：/Volumes/d/hermes/backend/storage/logs/hermes.log（级别 INFO）
2026-05-05 00:29:40 | INFO     | hermes | 日志文件：/Volumes/d/hermes/backend/storage/logs/hermes.log（级别 INFO）
2026-05-05 00:33:23 | INFO     | hermes | 日志文件：/Volumes/d/hermes/backend/storage/logs/hermes.log（级别 INFO）
2026-05-05 00:33:54 | INFO     | hermes | 日志文件：/Volumes/d/hermes/backend/storage/logs/hermes.log（级别 INFO）
2026-05-05 00:38:28 | INFO     | hermes | 日志文件：/Volumes/d/hermes/backend/storage/logs/hermes.log（级别 INFO）
2026-05-05 00:38:31 | INFO     | hermes | 日志文件：/Volumes/d/hermes/backend/storage/logs/hermes.log（级别 INFO）
2026-05-05 00:38:37 | INFO     | hermes | 日志文件：/Volumes/d/hermes/backend/storage/logs/hermes.log（级别 INFO）
2026-05-05 00:38:43 | INFO     | hermes | 日志文件：/Volumes/d/hermes/backend/storage/logs/hermes.log（级别 INFO）
2026-05-05 00:38:54 | INFO     | hermes | 日志文件：/Volumes/d/hermes/backend/storage/logs/hermes.log（级别 INFO）
2026-05-05 00:39:13 | INFO     | hermes | 日志文件：/Volumes/d/hermes/backend/storage/logs/hermes.log（级别 INFO）
2026-05-05 00:39:14 | INFO     | hermes | 日志文件：/Volumes/d/hermes/backend/storage/logs/hermes.log（级别 INFO）
2026-05-05 00:39:15 | INFO     | hermes | 日志文件：/Volumes/d/hermes/backend/storage/logs/hermes.log（级别 INFO）
2026-05-05 00:39:16 | INFO     | hermes | 日志文件：/Volumes/d/hermes/backend/storage/logs/hermes.log（级别 INFO）
2026-05-05 00:39:17 | INFO     | hermes | 日志文件：/Volumes/d/hermes/backend/storage/logs/hermes.log（级别 INFO）
2026-05-05 00:39:24 | INFO     | hermes | 日志文件：/Volumes/d/hermes/backend/storage/logs/hermes.log（级别 INFO）
2026-05-05 00:39:25 | INFO     | hermes | 日志文件：/Volumes/d/hermes/backend/storage/logs/hermes.log（级别 INFO）
2026-05-05 00:50:21 | INFO     | hermes.http | → GET /api/videos
2026-05-05 00:50:21 | INFO     | hermes.http | → GET /favicon.ico
2026-05-05 00:50:21 | INFO     | hermes.http | ← GET /api/videos 200 20.3ms
2026-05-05 00:50:21 | INFO     | hermes.http | ← GET /favicon.ico 200 18.2ms
2026-05-05 00:50:21 | INFO     | hermes.http | → GET /api/videos/5f150c66-1f65-45ca-a216-ce649ffa84bb
2026-05-05 00:50:21 | INFO     | hermes.http | → GET /api/videos/5f150c66-1f65-45ca-a216-ce649ffa84bb/timelines
2026-05-05 00:50:21 | ERROR    | hermes.http | 请求异常 GET /api/videos/5f150c66-1f65-45ca-a216-ce649ffa84bb
Traceback (most recent call last):
  File "/Volumes/d/hermes/.venv/lib/python3.9/site-packages/sqlalchemy/engine/base.py", line 1967, in _exec_single_context
    self.dialect.do_execute(
  File "/Volumes/d/hermes/.venv/lib/python3.9/site-packages/sqlalchemy/engine/default.py", line 941, in do_execute
    cursor.execute(statement, parameters)
sqlite3.DatabaseError: file is not a database

The above exception was the direct cause of the following exception:

Traceback (most recent call last):
  File "/Volumes/d/hermes/backend/app/main.py", line 34, in http_access_log
    response = await call_next(request)
  File "/Volumes/d/hermes/.venv/lib/python3.9/site-packages/starlette/middleware/base.py", line 163, in call_next
    raise app_exc
  File "/Volumes/d/hermes/.venv/lib/python3.9/site-packages/starlette/middleware/base.py", line 149, in coro
    await self.app(scope, receive_or_disconnect, send_no_error)
  File "/Volumes/d/hermes/.venv/lib/python3.9/site-packages/starlette/middleware/exceptions.py", line 62, in __call__
    await wrap_app_handling_exceptions(self.app, conn)(scope, receive, send)
  File "/Volumes/d/hermes/.venv/lib/python3.9/site-packages/starlette/_exception_handler.py", line 53, in wrapped_app
    raise exc
  File "/Volumes/d/hermes/.venv/lib/python3.9/site-packages/starlette/_exception_handler.py", line 42, in wrapped_app
    await app(scope, receive, sender)
  File "/Volumes/d/hermes/.venv/lib/python3.9/site-packages/starlette/routing.py", line 715, in __call__
    await self.middleware_stack(scope, receive, send)
  File "/Volumes/d/hermes/.venv/lib/python3.9/site-packages/starlette/routing.py", line 735, in app
    await route.handle(scope, receive, send)
  File "/Volumes/d/hermes/.venv/lib/python3.9/site-packages/starlette/routing.py", line 288, in handle
    await self.app(scope, receive, send)
  File "/Volumes/d/hermes/.venv/lib/python3.9/site-packages/starlette/routing.py", line 76, in app
    await wrap_app_handling_exceptions(app, request)(scope, receive, send)
  File "/Volumes/d/hermes/.venv/lib/python3.9/site-packages/starlette/_exception_handler.py", line 53, in wrapped_app
    raise exc
  File "/Volumes/d/hermes/.venv/lib/python3.9/site-packages/starlette/_exception_handler.py", line 42, in wrapped_app
    await app(scope, receive, sender)
  File "/Volumes/d/hermes/.venv/lib/python3.9/site-packages/starlette/routing.py", line 73, in app
    response = await f(request)
  File "/Volumes/d/hermes/.venv/lib/python3.9/site-packages/fastapi/routing.py", line 301, in app
    raw_response = await run_endpoint_function(
  File "/Volumes/d/hermes/.venv/lib/python3.9/site-packages/fastapi/routing.py", line 214, in run_endpoint_function
    return await run_in_threadpool(dependant.call, **values)
  File "/Volumes/d/hermes/.venv/lib/python3.9/site-packages/starlette/concurrency.py", line 39, in run_in_threadpool
    return await anyio.to_thread.run_sync(func, *args)
  File "/Volumes/d/hermes/.venv/lib/python3.9/site-packages/anyio/to_thread.py", line 63, in run_sync
    return await get_async_backend().run_sync_in_worker_thread(
  File "/Volumes/d/hermes/.venv/lib/python3.9/site-packages/anyio/_backends/_asyncio.py", line 2502, in run_sync_in_worker_thread
    return await future
  File "/Volumes/d/hermes/.venv/lib/python3.9/site-packages/anyio/_backends/_asyncio.py", line 986, in run
    result = context.run(func, *args)
  File "/Volumes/d/hermes/backend/app/routes/videos.py", line 513, in get_video
    video = db.get(models.VideoAsset, video_id)
  File "/Volumes/d/hermes/.venv/lib/python3.9/site-packages/sqlalchemy/orm/session.py", line 3693, in get
    return self._get_impl(
  File "/Volumes/d/hermes/.venv/lib/python3.9/site-packages/sqlalchemy/orm/session.py", line 3873, in _get_impl
    return db_load_fn(
  File "/Volumes/d/hermes/.venv/lib/python3.9/site-packages/sqlalchemy/orm/loading.py", line 694, in load_on_pk_identity
    session.execute(
  File "/Volumes/d/hermes/.venv/lib/python3.9/site-packages/sqlalchemy/orm/session.py", line 2362, in execute
    return self._execute_internal(
  File "/Volumes/d/hermes/.venv/lib/python3.9/site-packages/sqlalchemy/orm/session.py", line 2247, in _execute_internal
    result: Result[Any] = compile_state_cls.orm_execute_statement(
  File "/Volumes/d/hermes/.venv/lib/python3.9/site-packages/sqlalchemy/orm/context.py", line 305, in orm_execute_statement
    result = conn.execute(
  File "/Volumes/d/hermes/.venv/lib/python3.9/site-packages/sqlalchemy/engine/base.py", line 1418, in execute
    return meth(
  File "/Volumes/d/hermes/.venv/lib/python3.9/site-packages/sqlalchemy/sql/elements.py", line 515, in _execute_on_connection
    return connection._execute_clauseelement(
  File "/Volumes/d/hermes/.venv/lib/python3.9/site-packages/sqlalchemy/engine/base.py", line 1640, in _execute_clauseelement
    ret = self._execute_context(
  File "/Volumes/d/hermes/.venv/lib/python3.9/site-packages/sqlalchemy/engine/base.py", line 1846, in _execute_context
    return self._exec_single_context(
  File "/Volumes/d/hermes/.venv/lib/python3.9/site-packages/sqlalchemy/engine/base.py", line 1986, in _exec_single_context
    self._handle_dbapi_exception(
  File "/Volumes/d/hermes/.venv/lib/python3.9/site-packages/sqlalchemy/engine/base.py", line 2355, in _handle_dbapi_exception
    raise sqlalchemy_exception.with_traceback(exc_info[2]) from e
  File "/Volumes/d/hermes/.venv/lib/python3.9/site-packages/sqlalchemy/engine/base.py", line 1967, in _exec_single_context
    self.dialect.do_execute(
  File "/Volumes/d/hermes/.venv/lib/python3.9/site-packages/sqlalchemy/engine/default.py", line 941, in do_execute
    cursor.execute(statement, parameters)
sqlalchemy.exc.DatabaseError: (sqlite3.DatabaseError) file is not a database
[SQL: SELECT video_assets.id AS video_assets_id, video_assets.title AS video_assets_title, video_assets.description AS video_assets_description, video_assets.duration AS video_assets_duration, video_assets.width AS video_assets_width, video_assets.height AS video_assets_height, video_assets.fps AS video_assets_fps, video_assets.file_path AS video_assets_file_path, video_assets.poster_path AS video_assets_poster_path, video_assets.status AS video_assets_status, video_assets.config AS video_assets_config, video_assets.created_at AS video_assets_created_at 
FROM video_assets 
WHERE video_assets.id = ?]
[parameters: ('5f150c66-1f65-45ca-a216-ce649ffa84bb',)]
(Background on this error at: https://sqlalche.me/e/20/4xp6)
2026-05-05 00:50:21 | INFO     | hermes.http | ← GET /api/videos/5f150c66-1f65-45ca-a216-ce649ffa84bb/timelines 200 97.9ms
2026-05-05 00:50:21 | INFO     | hermes.http | → GET /api/chat/19e2ffff-d04a-419f-8a07-969e2c0b85ec/messages
2026-05-05 00:50:21 | INFO     | hermes.http | → GET /api/timelines/19e2ffff-d04a-419f-8a07-969e2c0b85ec/manifest
2026-05-05 00:50:22 | INFO     | hermes.http | ← GET /api/timelines/19e2ffff-d04a-419f-8a07-969e2c0b85ec/manifest 200 15.7ms
2026-05-05 00:50:22 | INFO     | hermes.http | ← GET /api/chat/19e2ffff-d04a-419f-8a07-969e2c0b85ec/messages 200 16.5ms
2026-05-05 00:50:55 | INFO     | hermes.http | → GET /api/videos
2026-05-05 00:50:55 | INFO     | hermes.http | ← GET /api/videos 200 17.2ms
2026-05-05 00:50:55 | INFO     | hermes.http | → GET /api/assets/shots
2026-05-05 00:50:55 | INFO     | hermes.http | → GET /api/assets/timelines
2026-05-05 00:50:55 | INFO     | hermes.http | → GET /api/videos/5f150c66-1f65-45ca-a216-ce649ffa84bb/characters
2026-05-05 00:50:55 | INFO     | hermes.http | ← GET /api/assets/shots 200 18.8ms
2026-05-05 00:50:55 | INFO     | hermes.http | ← GET /api/videos/5f150c66-1f65-45ca-a216-ce649ffa84bb/characters 200 18.8ms
2026-05-05 00:50:55 | INFO     | hermes.http | ← GET /api/assets/timelines 200 19.8ms
2026-05-05 00:51:27 | INFO     | hermes | 日志文件：/Volumes/d/hermes/backend/storage/logs/hermes.log（级别 INFO）
2026-05-05 00:51:27 | INFO     | hermes | 日志文件：/Volumes/d/hermes/backend/storage/logs/hermes.log（级别 INFO）
2026-05-05 00:51:39 | INFO     | hermes | 日志文件：/Volumes/d/hermes/backend/storage/logs/hermes.log（级别 INFO）
2026-05-05 00:51:45 | INFO     | hermes | 日志文件：/Volumes/d/hermes/backend/storage/logs/hermes.log（级别 INFO）
2026-05-05 00:51:46 | INFO     | hermes | 日志文件：/Volumes/d/hermes/backend/storage/logs/hermes.log（级别 INFO）
2026-05-05 00:51:48 | INFO     | hermes | 日志文件：/Volumes/d/hermes/backend/storage/logs/hermes.log（级别 INFO）
2026-05-05 00:52:00 | INFO     | hermes | 日志文件：/Volumes/d/hermes/backend/storage/logs/hermes.log（级别 INFO）
2026-05-05 00:52:01 | INFO     | hermes | 日志文件：/Volumes/d/hermes/backend/storage/logs/hermes.log（级别 INFO）
2026-05-05 00:52:08 | INFO     | hermes | 日志文件：/Volumes/d/hermes/backend/storage/logs/hermes.log（级别 INFO）
2026-05-05 00:52:11 | INFO     | hermes | 日志文件：/Volumes/d/hermes/backend/storage/logs/hermes.log（级别 INFO）
2026-05-05 00:52:19 | INFO     | hermes | 日志文件：/Volumes/d/hermes/backend/storage/logs/hermes.log（级别 INFO）
2026-05-05 00:52:28 | INFO     | hermes | 日志文件：/Volumes/d/hermes/backend/storage/logs/hermes.log（级别 INFO）
2026-05-05 00:54:15 | INFO     | hermes.http | → POST /api/videos/5f150c66-1f65-45ca-a216-ce649ffa84bb/characters/8e03d666-de78-4751-89d4-8308dffb90ea/upload-sheet
2026-05-05 00:54:15 | INFO     | hermes.http | ← POST /api/videos/5f150c66-1f65-45ca-a216-ce649ffa84bb/characters/8e03d666-de78-4751-89d4-8308dffb90ea/upload-sheet 200 96.6ms
2026-05-05 00:54:25 | INFO     | hermes.http | → GET /api/videos
2026-05-05 00:54:25 | INFO     | hermes.http | → GET /favicon.ico
2026-05-05 00:54:25 | INFO     | hermes.http | ← GET /api/videos 200 7.8ms
2026-05-05 00:54:25 | INFO     | hermes.http | ← GET /favicon.ico 200 7.4ms
2026-05-05 00:54:25 | INFO     | hermes.http | → GET /api/videos/5f150c66-1f65-45ca-a216-ce649ffa84bb
2026-05-05 00:54:25 | INFO     | hermes.http | → GET /api/videos/5f150c66-1f65-45ca-a216-ce649ffa84bb/timelines
2026-05-05 00:54:25 | INFO     | hermes.http | ← GET /api/videos/5f150c66-1f65-45ca-a216-ce649ffa84bb 200 14.4ms
2026-05-05 00:54:25 | INFO     | hermes.http | ← GET /api/videos/5f150c66-1f65-45ca-a216-ce649ffa84bb/timelines 200 17.2ms
2026-05-05 00:54:25 | INFO     | hermes.http | → GET /api/timelines/19e2ffff-d04a-419f-8a07-969e2c0b85ec/manifest
2026-05-05 00:54:25 | INFO     | hermes.http | → GET /api/chat/19e2ffff-d04a-419f-8a07-969e2c0b85ec/messages
2026-05-05 00:54:25 | INFO     | hermes.http | ← GET /api/chat/19e2ffff-d04a-419f-8a07-969e2c0b85ec/messages 200 6.6ms
2026-05-05 00:54:25 | INFO     | hermes.http | ← GET /api/timelines/19e2ffff-d04a-419f-8a07-969e2c0b85ec/manifest 200 7.8ms
2026-05-05 00:54:47 | INFO     | hermes.http | → POST /api/chat
2026-05-05 00:55:08 | INFO     | app.routes.chat | 对话请求 intent=qa timeline=19e2ffff-d04 play=0.00s profile=fast chars=9
2026-05-05 00:55:31 | INFO     | hermes.http | ← POST /api/chat 200 43704.5ms
2026-05-05 00:56:01 | INFO     | hermes.http | → GET /api/videos
2026-05-05 00:56:01 | INFO     | hermes.http | ← GET /api/videos 200 19.4ms
2026-05-05 00:56:01 | INFO     | hermes.http | → GET /api/videos/5f150c66-1f65-45ca-a216-ce649ffa84bb/characters
2026-05-05 00:56:01 | INFO     | hermes.http | → GET /api/assets/timelines
2026-05-05 00:56:01 | INFO     | hermes.http | → GET /api/assets/shots
2026-05-05 00:57:28 | INFO     | hermes | 日志文件：/Volumes/d/hermes/backend/storage/logs/hermes.log（级别 INFO）
2026-05-05 00:57:28 | INFO     | hermes.http | → GET /api/videos/5f150c66-1f65-45ca-a216-ce649ffa84bb/characters
2026-05-05 00:57:28 | INFO     | hermes.http | → GET /api/assets/timelines
2026-05-05 00:57:28 | INFO     | hermes.http | → GET /api/assets/shots
2026-05-05 00:57:28 | INFO     | hermes.http | → GET /api/videos
2026-05-05 00:57:28 | INFO     | hermes.http | ← GET /api/videos 200 10.8ms
2026-05-05 00:57:28 | INFO     | hermes.http | ← GET /api/assets/shots 200 15.8ms
2026-05-05 00:57:28 | INFO     | hermes.http | ← GET /api/assets/timelines 200 17.2ms
2026-05-05 00:57:28 | INFO     | hermes.http | ← GET /api/videos/5f150c66-1f65-45ca-a216-ce649ffa84bb/characters 200 18.1ms
2026-05-05 00:57:28 | INFO     | hermes.http | → GET /api/videos/5f150c66-1f65-45ca-a216-ce649ffa84bb
2026-05-05 00:57:28 | INFO     | hermes.http | → GET /api/videos/5f150c66-1f65-45ca-a216-ce649ffa84bb/timelines
2026-05-05 00:57:28 | INFO     | hermes.http | ← GET /api/videos/5f150c66-1f65-45ca-a216-ce649ffa84bb 200 9.9ms
2026-05-05 00:57:28 | INFO     | hermes.http | ← GET /api/videos/5f150c66-1f65-45ca-a216-ce649ffa84bb/timelines 200 18.8ms
2026-05-05 00:57:28 | INFO     | hermes.http | → GET /api/chat/19e2ffff-d04a-419f-8a07-969e2c0b85ec/messages
2026-05-05 00:57:28 | INFO     | hermes.http | → GET /api/timelines/19e2ffff-d04a-419f-8a07-969e2c0b85ec/manifest
2026-05-05 00:57:28 | INFO     | hermes.http | ← GET /api/chat/19e2ffff-d04a-419f-8a07-969e2c0b85ec/messages 200 9.5ms
2026-05-05 00:57:28 | INFO     | hermes.http | ← GET /api/timelines/19e2ffff-d04a-419f-8a07-969e2c0b85ec/manifest 200 24.2ms
2026-05-05 00:57:33 | INFO     | hermes | 日志文件：/Volumes/d/hermes/backend/storage/logs/hermes.log（级别 INFO）
2026-05-05 00:57:38 | INFO     | hermes | 日志文件：/Volumes/d/hermes/backend/storage/logs/hermes.log（级别 INFO）
2026-05-05 00:57:40 | INFO     | hermes | 日志文件：/Volumes/d/hermes/backend/storage/logs/hermes.log（级别 INFO）
2026-05-05 00:59:59 | INFO     | hermes.http | → GET /
2026-05-05 00:59:59 | INFO     | hermes.http | ← GET / 200 5.3ms
2026-05-05 00:59:59 | INFO     | hermes.http | → GET /assets/index-CNOj1PE_.js
2026-05-05 00:59:59 | INFO     | hermes.http | → GET /assets/index-MHfDS8mR.css
2026-05-05 00:59:59 | INFO     | hermes.http | ← GET /assets/index-MHfDS8mR.css 200 8.0ms
2026-05-05 00:59:59 | INFO     | hermes.http | ← GET /assets/index-CNOj1PE_.js 200 10.0ms
2026-05-05 00:59:59 | INFO     | hermes.http | → GET /api/videos
2026-05-05 00:59:59 | INFO     | hermes.http | → GET /favicon.ico
2026-05-05 00:59:59 | INFO     | hermes.http | ← GET /favicon.ico 200 15.2ms
2026-05-05 00:59:59 | INFO     | hermes.http | ← GET /api/videos 200 24.8ms
2026-05-05 00:59:59 | INFO     | hermes.http | → GET /api/videos/5f150c66-1f65-45ca-a216-ce649ffa84bb
2026-05-05 00:59:59 | INFO     | hermes.http | → GET /api/videos/5f150c66-1f65-45ca-a216-ce649ffa84bb/timelines
2026-05-05 00:59:59 | INFO     | hermes.http | ← GET /api/videos/5f150c66-1f65-45ca-a216-ce649ffa84bb 200 10.5ms
2026-05-05 01:00:00 | INFO     | hermes.http | ← GET /api/videos/5f150c66-1f65-45ca-a216-ce649ffa84bb/timelines 200 21.0ms
2026-05-05 01:00:00 | INFO     | hermes.http | → GET /api/chat/19e2ffff-d04a-419f-8a07-969e2c0b85ec/messages
2026-05-05 01:00:00 | INFO     | hermes.http | → GET /api/timelines/19e2ffff-d04a-419f-8a07-969e2c0b85ec/manifest
2026-05-05 01:00:00 | INFO     | hermes.http | ← GET /api/chat/19e2ffff-d04a-419f-8a07-969e2c0b85ec/messages 200 9.6ms
2026-05-05 01:00:00 | INFO     | hermes.http | ← GET /api/timelines/19e2ffff-d04a-419f-8a07-969e2c0b85ec/manifest 200 12.1ms
2026-05-05 01:00:03 | INFO     | hermes.http | → GET /api/videos
2026-05-05 01:00:03 | INFO     | hermes.http | → GET /favicon.ico
2026-05-05 01:00:03 | INFO     | hermes.http | ← GET /favicon.ico 200 2.1ms
2026-05-05 01:00:03 | INFO     | hermes.http | ← GET /api/videos 200 6.6ms
2026-05-05 01:00:03 | INFO     | hermes.http | → GET /api/assets/shots
2026-05-05 01:00:03 | INFO     | hermes.http | → GET /api/assets/timelines
2026-05-05 01:00:03 | INFO     | hermes.http | → GET /api/videos/5f150c66-1f65-45ca-a216-ce649ffa84bb/characters
2026-05-05 01:00:03 | INFO     | hermes.http | ← GET /api/videos/5f150c66-1f65-45ca-a216-ce649ffa84bb/characters 200 17.4ms
2026-05-05 01:00:03 | INFO     | hermes.http | ← GET /api/assets/shots 200 24.1ms
2026-05-05 01:00:03 | INFO     | hermes.http | ← GET /api/assets/timelines 200 26.7ms
2026-05-05 01:00:04 | INFO     | hermes.http | → GET /api/videos
2026-05-05 01:00:04 | INFO     | hermes.http | → GET /favicon.ico
2026-05-05 01:00:04 | INFO     | hermes.http | ← GET /favicon.ico 200 3.1ms
2026-05-05 01:00:04 | INFO     | hermes.http | ← GET /api/videos 200 5.9ms
2026-05-05 01:00:04 | INFO     | hermes.http | → GET /api/videos/5f150c66-1f65-45ca-a216-ce649ffa84bb
2026-05-05 01:00:04 | INFO     | hermes.http | → GET /api/videos/5f150c66-1f65-45ca-a216-ce649ffa84bb/timelines
2026-05-05 01:00:04 | INFO     | hermes.http | ← GET /api/videos/5f150c66-1f65-45ca-a216-ce649ffa84bb 200 19.4ms
2026-05-05 01:00:04 | INFO     | hermes.http | ← GET /api/videos/5f150c66-1f65-45ca-a216-ce649ffa84bb/timelines 200 24.5ms
2026-05-05 01:00:04 | INFO     | hermes.http | → GET /api/chat/19e2ffff-d04a-419f-8a07-969e2c0b85ec/messages
2026-05-05 01:00:04 | INFO     | hermes.http | → GET /api/timelines/19e2ffff-d04a-419f-8a07-969e2c0b85ec/manifest
2026-05-05 01:00:04 | INFO     | hermes.http | ← GET /api/chat/19e2ffff-d04a-419f-8a07-969e2c0b85ec/messages 200 8.6ms
2026-05-05 01:00:04 | INFO     | hermes.http | ← GET /api/timelines/19e2ffff-d04a-419f-8a07-969e2c0b85ec/manifest 200 8.7ms
2026-05-05 01:00:32 | INFO     | hermes.http | → GET /api/videos
2026-05-05 01:00:32 | INFO     | hermes.http | → GET /favicon.ico
2026-05-05 01:00:32 | INFO     | hermes.http | ← GET /favicon.ico 200 17.0ms
2026-05-05 01:00:32 | INFO     | hermes.http | ← GET /api/videos 200 26.8ms
2026-05-05 01:00:32 | INFO     | hermes.http | → GET /api/assets/shots
2026-05-05 01:00:32 | INFO     | hermes.http | → GET /api/assets/timelines
2026-05-05 01:00:32 | INFO     | hermes.http | → GET /api/videos/5f150c66-1f65-45ca-a216-ce649ffa84bb/characters
2026-05-05 01:00:32 | INFO     | hermes.http | ← GET /api/videos/5f150c66-1f65-45ca-a216-ce649ffa84bb/characters 200 17.4ms
2026-05-05 01:00:32 | INFO     | hermes.http | ← GET /api/assets/timelines 200 18.8ms
2026-05-05 01:00:32 | INFO     | hermes.http | ← GET /api/assets/shots 200 21.5ms
2026-05-05 01:00:42 | INFO     | hermes.http | → DELETE /api/timelines/3299d529-bc2d-4772-b0d6-9cf7450cd6ad
2026-05-05 01:00:42 | INFO     | hermes.http | ← DELETE /api/timelines/3299d529-bc2d-4772-b0d6-9cf7450cd6ad 200 22.4ms
2026-05-05 01:00:42 | INFO     | hermes.http | → GET /api/assets/timelines
2026-05-05 01:00:42 | INFO     | hermes.http | ← GET /api/assets/timelines 200 3.8ms
2026-05-05 01:00:44 | INFO     | hermes.http | → DELETE /api/timelines/17bc7b53-efa6-4996-bea2-6a29e90ea7bb
2026-05-05 01:00:44 | INFO     | hermes.http | ← DELETE /api/timelines/17bc7b53-efa6-4996-bea2-6a29e90ea7bb 200 8.8ms
2026-05-05 01:00:44 | INFO     | hermes.http | → GET /api/assets/timelines
2026-05-05 01:00:44 | INFO     | hermes.http | ← GET /api/assets/timelines 200 10.5ms
2026-05-05 01:00:46 | INFO     | hermes.http | → DELETE /api/timelines/89f91f0d-9b67-4eba-a616-7eb836a21752
2026-05-05 01:00:46 | INFO     | hermes.http | ← DELETE /api/timelines/89f91f0d-9b67-4eba-a616-7eb836a21752 200 8.2ms
2026-05-05 01:00:46 | INFO     | hermes.http | → GET /api/assets/timelines
2026-05-05 01:00:46 | INFO     | hermes.http | ← GET /api/assets/timelines 200 4.1ms
2026-05-05 01:00:48 | INFO     | hermes.http | → DELETE /api/timelines/cc6bd664-9ea8-4f6d-aed2-400be34bb514
2026-05-05 01:00:48 | INFO     | hermes.http | ← DELETE /api/timelines/cc6bd664-9ea8-4f6d-aed2-400be34bb514 200 11.5ms
2026-05-05 01:00:48 | INFO     | hermes.http | → GET /api/assets/timelines
2026-05-05 01:00:48 | INFO     | hermes.http | ← GET /api/assets/timelines 200 5.3ms
2026-05-05 01:00:50 | INFO     | hermes.http | → GET /api/videos
2026-05-05 01:00:50 | INFO     | hermes.http | → GET /favicon.ico
2026-05-05 01:00:50 | INFO     | hermes.http | ← GET /favicon.ico 200 5.8ms
2026-05-05 01:00:50 | INFO     | hermes.http | ← GET /api/videos 200 11.9ms
2026-05-05 01:00:50 | INFO     | hermes.http | → GET /api/videos/5f150c66-1f65-45ca-a216-ce649ffa84bb
2026-05-05 01:00:50 | INFO     | hermes.http | → GET /api/videos/5f150c66-1f65-45ca-a216-ce649ffa84bb/timelines
2026-05-05 01:00:50 | INFO     | hermes.http | ← GET /api/videos/5f150c66-1f65-45ca-a216-ce649ffa84bb 200 9.9ms
2026-05-05 01:00:50 | INFO     | hermes.http | ← GET /api/videos/5f150c66-1f65-45ca-a216-ce649ffa84bb/timelines 200 13.9ms
2026-05-05 01:00:50 | INFO     | hermes.http | → GET /api/chat/19e2ffff-d04a-419f-8a07-969e2c0b85ec/messages
2026-05-05 01:00:50 | INFO     | hermes.http | → GET /api/timelines/19e2ffff-d04a-419f-8a07-969e2c0b85ec/manifest
2026-05-05 01:00:50 | INFO     | hermes.http | ← GET /api/chat/19e2ffff-d04a-419f-8a07-969e2c0b85ec/messages 200 7.2ms
2026-05-05 01:00:50 | INFO     | hermes.http | ← GET /api/timelines/19e2ffff-d04a-419f-8a07-969e2c0b85ec/manifest 200 8.2ms
2026-05-05 01:00:57 | INFO     | hermes.http | → DELETE /api/chat/19e2ffff-d04a-419f-8a07-969e2c0b85ec/messages
2026-05-05 01:00:57 | INFO     | app.routes.chat | 已清除对话 timeline=19e2ffff-d04 deleted=8
2026-05-05 01:00:57 | INFO     | hermes.http | ← DELETE /api/chat/19e2ffff-d04a-419f-8a07-969e2c0b85ec/messages 200 11.7ms
2026-05-05 01:00:59 | INFO     | hermes.http | → GET /api/videos
2026-05-05 01:00:59 | INFO     | hermes.http | → GET /favicon.ico
2026-05-05 01:00:59 | INFO     | hermes.http | ← GET /favicon.ico 200 3.6ms
2026-05-05 01:00:59 | INFO     | hermes.http | ← GET /api/videos 200 18.5ms
2026-05-05 01:00:59 | INFO     | hermes.http | → GET /api/assets/shots
2026-05-05 01:00:59 | INFO     | hermes.http | → GET /api/videos/5f150c66-1f65-45ca-a216-ce649ffa84bb/characters
2026-05-05 01:00:59 | INFO     | hermes.http | → GET /api/assets/timelines
2026-05-05 01:00:59 | INFO     | hermes.http | ← GET /api/assets/timelines 200 16.8ms
2026-05-05 01:00:59 | INFO     | hermes.http | ← GET /api/videos/5f150c66-1f65-45ca-a216-ce649ffa84bb/characters 200 18.9ms
2026-05-05 01:00:59 | INFO     | hermes.http | ← GET /api/assets/shots 200 29.5ms
2026-05-05 01:01:03 | INFO     | hermes.http | → GET /api/videos
2026-05-05 01:01:03 | INFO     | hermes.http | ← GET /api/videos 200 3.5ms
2026-05-05 01:01:03 | INFO     | hermes.http | → GET /api/videos/5f150c66-1f65-45ca-a216-ce649ffa84bb
2026-05-05 01:01:03 | INFO     | hermes.http | → GET /api/videos/5f150c66-1f65-45ca-a216-ce649ffa84bb/timelines
2026-05-05 01:01:03 | INFO     | hermes.http | ← GET /api/videos/5f150c66-1f65-45ca-a216-ce649ffa84bb 200 6.6ms
2026-05-05 01:01:03 | INFO     | hermes.http | ← GET /api/videos/5f150c66-1f65-45ca-a216-ce649ffa84bb/timelines 200 7.9ms
2026-05-05 01:01:03 | INFO     | hermes.http | → GET /api/chat/19e2ffff-d04a-419f-8a07-969e2c0b85ec/messages
2026-05-05 01:01:03 | INFO     | hermes.http | → GET /api/timelines/19e2ffff-d04a-419f-8a07-969e2c0b85ec/manifest
2026-05-05 01:01:03 | INFO     | hermes.http | ← GET /api/chat/19e2ffff-d04a-419f-8a07-969e2c0b85ec/messages 200 4.0ms
2026-05-05 01:01:03 | INFO     | hermes.http | ← GET /api/timelines/19e2ffff-d04a-419f-8a07-969e2c0b85ec/manifest 200 4.5ms
2026-05-05 01:01:13 | INFO     | hermes.http | → POST /api/chat
2026-05-05 01:01:13 | INFO     | app.routes.chat | 对话请求 intent=intervention timeline=19e2ffff-d04 play=0.00s profile=fast chars=9
2026-05-05 01:03:59 | INFO     | app.services.agents.generator | 镜头绑定角色库：年轻男子（黑色高束发髻伴紫色挑染、黑蓝金三色相间长袍、紫色发带），参照图 /Volumes/d/hermes/backend/storage/generated/characters/8e03d666-de78-4751-89d4-8308dffb90ea/reference.jpg
2026-05-05 01:03:59 | INFO     | app.services.video_gen | MiniMax 视频 model 简称已映射：'Hailuo-2.3-Fast' -> 'MiniMax-Hailuo-2.3-Fast'
2026-05-05 01:05:27 | INFO     | app.services.agents.generator | 镜头绑定角色库：年轻男子（黑色高束发髻伴紫色挑染、黑蓝金三色相间长袍、紫色发带），参照图 /Volumes/d/hermes/backend/storage/generated/characters/8e03d666-de78-4751-89d4-8308dffb90ea/reference.jpg
2026-05-05 01:05:27 | INFO     | app.services.video_gen | MiniMax 视频 model 简称已映射：'Hailuo-2.3-Fast' -> 'MiniMax-Hailuo-2.3-Fast'
2026-05-05 01:06:49 | INFO     | app.services.agents.generator | 镜头绑定角色库：年轻男子（黑色高束发髻伴紫色挑染、黑蓝金三色相间长袍、紫色发带），参照图 /Volumes/d/hermes/backend/storage/generated/characters/8e03d666-de78-4751-89d4-8308dffb90ea/reference.jpg
2026-05-05 01:06:49 | INFO     | app.services.video_gen | MiniMax 视频 model 简称已映射：'Hailuo-2.3-Fast' -> 'MiniMax-Hailuo-2.3-Fast'
2026-05-05 01:06:50 | WARNING  | app.services.video_gen | MiniMax 创建任务响应无 task_id：{'task_id': '', 'base_resp': {'status_code': 2056, 'status_msg': 'usage limit exceeded, daily usage limit reached for Token Plan Max (2/2 used), resets at 2026-05-06T00:00:00+08:00'}}
2026-05-05 01:06:50 | WARNING  | app.services.video_gen | MiniMax 视频主模型失败，启用保底 Hailuo-2.3-Fast-768P：MiniMax 未返回 task_id
2026-05-05 01:06:50 | WARNING  | app.services.video_gen | MiniMax 创建任务响应无 task_id：{'task_id': '', 'base_resp': {'status_code': 2056, 'status_msg': 'usage limit exceeded, daily usage limit reached for Token Plan Max (2/2 used), resets at 2026-05-06T00:00:00+08:00'}}
2026-05-05 01:06:50 | WARNING  | app.services.video_gen | MiniMax 视频生成失败，回退占位：MiniMax 未返回 task_id
2026-05-05 01:07:04 | INFO     | app.services.agents.generator | 镜头绑定角色库：年轻男子（黑色高束发髻伴紫色挑染、黑蓝金三色相间长袍、紫色发带），参照图 /Volumes/d/hermes/backend/storage/generated/characters/8e03d666-de78-4751-89d4-8308dffb90ea/reference.jpg
2026-05-05 01:07:04 | INFO     | app.services.video_gen | MiniMax 视频 model 简称已映射：'Hailuo-2.3-Fast' -> 'MiniMax-Hailuo-2.3-Fast'
2026-05-05 01:07:04 | WARNING  | app.services.video_gen | MiniMax 创建任务响应无 task_id：{'task_id': '', 'base_resp': {'status_code': 2056, 'status_msg': 'usage limit exceeded, daily usage limit reached for Token Plan Max (2/2 used), resets at 2026-05-06T00:00:00+08:00'}}
2026-05-05 01:07:04 | WARNING  | app.services.video_gen | MiniMax 视频主模型失败，启用保底 Hailuo-2.3-Fast-768P：MiniMax 未返回 task_id
2026-05-05 01:07:05 | WARNING  | app.services.video_gen | MiniMax 创建任务响应无 task_id：{'task_id': '', 'base_resp': {'status_code': 2056, 'status_msg': 'usage limit exceeded, daily usage limit reached for Token Plan Max (2/2 used), resets at 2026-05-06T00:00:00+08:00'}}
2026-05-05 01:07:05 | WARNING  | app.services.video_gen | MiniMax 视频生成失败，回退占位：MiniMax 未返回 task_id
2026-05-05 01:07:54 | INFO     | hermes.http | ← POST /api/chat 200 401643.5ms
2026-05-05 01:07:54 | INFO     | hermes.http | → GET /api/videos/5f150c66-1f65-45ca-a216-ce649ffa84bb/timelines
2026-05-05 01:07:54 | INFO     | hermes.http | → GET /api/timelines/19e2ffff-d04a-419f-8a07-969e2c0b85ec/manifest
2026-05-05 01:07:54 | INFO     | hermes.http | ← GET /api/videos/5f150c66-1f65-45ca-a216-ce649ffa84bb/timelines 200 5.9ms
2026-05-05 01:07:54 | INFO     | hermes.http | ← GET /api/timelines/19e2ffff-d04a-419f-8a07-969e2c0b85ec/manifest 200 5.3ms
2026-05-05 01:12:29 | INFO     | hermes.http | → GET /api/videos
2026-05-05 01:12:29 | INFO     | hermes.http | → GET /favicon.ico
2026-05-05 01:12:29 | INFO     | hermes.http | ← GET /favicon.ico 200 20.6ms
2026-05-05 01:12:29 | INFO     | hermes.http | ← GET /api/videos 200 30.8ms
2026-05-05 01:12:29 | INFO     | hermes.http | → GET /api/assets/shots
2026-05-05 01:12:29 | INFO     | hermes.http | → GET /api/assets/timelines
2026-05-05 01:12:29 | INFO     | hermes.http | → GET /api/videos/5f150c66-1f65-45ca-a216-ce649ffa84bb/characters
2026-05-05 01:12:29 | INFO     | hermes.http | ← GET /api/assets/shots 200 69.5ms
2026-05-05 01:12:29 | INFO     | hermes.http | ← GET /api/assets/timelines 200 68.7ms
2026-05-05 01:12:29 | INFO     | hermes.http | ← GET /api/videos/5f150c66-1f65-45ca-a216-ce649ffa84bb/characters 200 70.5ms
2026-05-05 01:12:37 | INFO     | hermes.http | → GET /api/assets/shots
2026-05-05 01:12:37 | INFO     | hermes.http | → GET /api/assets/timelines
2026-05-05 01:12:37 | INFO     | hermes.http | → GET /api/videos/5f150c66-1f65-45ca-a216-ce649ffa84bb/characters
2026-05-05 01:12:37 | INFO     | hermes.http | ← GET /api/assets/shots 200 22.9ms
2026-05-05 01:12:37 | INFO     | hermes.http | ← GET /api/assets/timelines 200 25.7ms
2026-05-05 01:12:37 | INFO     | hermes.http | ← GET /api/videos/5f150c66-1f65-45ca-a216-ce649ffa84bb/characters 200 27.3ms
2026-05-05 01:13:59 | INFO     | hermes.http | → GET /api/jobs
2026-05-05 01:13:59 | INFO     | hermes.http | → GET /favicon.ico
2026-05-05 01:13:59 | INFO     | hermes.http | ← GET /favicon.ico 200 17.3ms
2026-05-05 01:13:59 | INFO     | hermes.http | ← GET /api/jobs 200 44.0ms
2026-05-05 01:14:02 | INFO     | hermes.http | → GET /api/jobs
2026-05-05 01:14:02 | INFO     | hermes.http | ← GET /api/jobs 200 7.1ms
2026-05-05 01:14:06 | INFO     | hermes.http | → GET /api/jobs
2026-05-05 01:14:06 | INFO     | hermes.http | ← GET /api/jobs 200 14.7ms
2026-05-05 01:14:09 | INFO     | hermes.http | → GET /api/videos
2026-05-05 01:14:09 | INFO     | hermes.http | ← GET /api/videos 200 4.6ms
2026-05-05 01:14:09 | INFO     | hermes.http | → GET /api/videos/5f150c66-1f65-45ca-a216-ce649ffa84bb
2026-05-05 01:14:09 | INFO     | hermes.http | → GET /api/videos/5f150c66-1f65-45ca-a216-ce649ffa84bb/timelines
2026-05-05 01:14:09 | INFO     | hermes.http | ← GET /api/videos/5f150c66-1f65-45ca-a216-ce649ffa84bb 200 8.1ms
2026-05-05 01:14:09 | INFO     | hermes.http | ← GET /api/videos/5f150c66-1f65-45ca-a216-ce649ffa84bb/timelines 200 14.4ms
2026-05-05 01:14:09 | INFO     | hermes.http | → GET /api/chat/19e2ffff-d04a-419f-8a07-969e2c0b85ec/messages
2026-05-05 01:14:09 | INFO     | hermes.http | → GET /api/timelines/19e2ffff-d04a-419f-8a07-969e2c0b85ec/manifest
2026-05-05 01:14:09 | INFO     | hermes.http | ← GET /api/chat/19e2ffff-d04a-419f-8a07-969e2c0b85ec/messages 200 8.3ms
2026-05-05 01:14:09 | INFO     | hermes.http | ← GET /api/timelines/19e2ffff-d04a-419f-8a07-969e2c0b85ec/manifest 200 7.6ms
2026-05-05 01:14:11 | INFO     | hermes.http | → GET /api/chat/2a905e0c-ad8a-4d1e-866d-2da4dd9c72f9/messages
2026-05-05 01:14:11 | INFO     | hermes.http | → GET /api/timelines/2a905e0c-ad8a-4d1e-866d-2da4dd9c72f9/manifest
2026-05-05 01:14:11 | INFO     | hermes.http | ← GET /api/timelines/2a905e0c-ad8a-4d1e-866d-2da4dd9c72f9/manifest 200 8.5ms
2026-05-05 01:14:11 | INFO     | hermes.http | ← GET /api/chat/2a905e0c-ad8a-4d1e-866d-2da4dd9c72f9/messages 200 11.0ms
2026-05-05 01:14:55 | INFO     | hermes | 日志文件：/Volumes/d/hermes/backend/storage/logs/hermes.log（级别 INFO）
2026-05-05 01:14:59 | INFO     | hermes | 日志文件：/Volumes/d/hermes/backend/storage/logs/hermes.log（级别 INFO）
2026-05-05 01:14:59 | INFO     | hermes.http | → GET /api/chat/19e2ffff-d04a-419f-8a07-969e2c0b85ec/messages
2026-05-05 01:14:59 | INFO     | hermes.http | → GET /api/timelines/19e2ffff-d04a-419f-8a07-969e2c0b85ec/manifest
2026-05-05 01:14:59 | INFO     | hermes.http | ← GET /api/chat/19e2ffff-d04a-419f-8a07-969e2c0b85ec/messages 200 5.1ms
2026-05-05 01:14:59 | INFO     | hermes.http | ← GET /api/timelines/19e2ffff-d04a-419f-8a07-969e2c0b85ec/manifest 200 5.1ms
2026-05-05 01:15:00 | INFO     | hermes | 日志文件：/Volumes/d/hermes/backend/storage/logs/hermes.log（级别 INFO）
2026-05-05 01:15:11 | INFO     | hermes | 日志文件：/Volumes/d/hermes/backend/storage/logs/hermes.log（级别 INFO）
2026-05-05 01:16:46 | INFO     | hermes.http | → GET /api/videos
2026-05-05 01:16:46 | INFO     | hermes.http | → GET /favicon.ico
2026-05-05 01:16:46 | INFO     | hermes.http | ← GET /favicon.ico 200 21.1ms
2026-05-05 01:16:46 | INFO     | hermes.http | ← GET /api/videos 200 24.3ms
2026-05-05 01:16:46 | INFO     | hermes.http | → GET /api/assets/timelines
2026-05-05 01:16:46 | INFO     | hermes.http | → GET /api/videos/5f150c66-1f65-45ca-a216-ce649ffa84bb/characters
2026-05-05 01:16:46 | INFO     | hermes.http | → GET /api/assets/shots
2026-05-05 01:16:46 | INFO     | hermes.http | ← GET /api/assets/timelines 200 63.2ms
2026-05-05 01:16:46 | INFO     | hermes.http | ← GET /api/videos/5f150c66-1f65-45ca-a216-ce649ffa84bb/characters 200 69.9ms
2026-05-05 01:16:46 | INFO     | hermes.http | ← GET /api/assets/shots 200 71.3ms
2026-05-05 01:16:50 | INFO     | hermes.http | → GET /api/assets/shots
2026-05-05 01:16:50 | INFO     | hermes.http | → GET /api/assets/timelines
2026-05-05 01:16:50 | INFO     | hermes.http | → GET /api/videos/5f150c66-1f65-45ca-a216-ce649ffa84bb/characters
2026-05-05 01:16:50 | INFO     | hermes.http | ← GET /api/assets/shots 200 38.8ms
2026-05-05 01:16:50 | INFO     | hermes.http | ← GET /api/videos/5f150c66-1f65-45ca-a216-ce649ffa84bb/characters 200 30.3ms
2026-05-05 01:16:50 | INFO     | hermes.http | ← GET /api/assets/timelines 200 38.6ms
2026-05-05 01:16:57 | INFO     | hermes.http | → GET /api/videos
2026-05-05 01:16:57 | INFO     | hermes.http | ← GET /api/videos 200 9.3ms
2026-05-05 01:16:57 | INFO     | hermes.http | → GET /api/videos/5f150c66-1f65-45ca-a216-ce649ffa84bb
2026-05-05 01:16:57 | INFO     | hermes.http | → GET /api/videos/5f150c66-1f65-45ca-a216-ce649ffa84bb/timelines
2026-05-05 01:16:57 | INFO     | hermes.http | ← GET /api/videos/5f150c66-1f65-45ca-a216-ce649ffa84bb 200 5.7ms
2026-05-05 01:16:57 | INFO     | hermes.http | ← GET /api/videos/5f150c66-1f65-45ca-a216-ce649ffa84bb/timelines 200 8.7ms
2026-05-05 01:16:57 | INFO     | hermes.http | → GET /api/chat/19e2ffff-d04a-419f-8a07-969e2c0b85ec/messages
2026-05-05 01:16:57 | INFO     | hermes.http | → GET /api/timelines/19e2ffff-d04a-419f-8a07-969e2c0b85ec/manifest
2026-05-05 01:16:57 | INFO     | hermes.http | ← GET /api/chat/19e2ffff-d04a-419f-8a07-969e2c0b85ec/messages 200 8.2ms
2026-05-05 01:16:57 | INFO     | hermes.http | ← GET /api/timelines/19e2ffff-d04a-419f-8a07-969e2c0b85ec/manifest 200 8.5ms
2026-05-05 01:17:28 | INFO     | hermes | 日志文件：/Volumes/d/hermes/backend/storage/logs/hermes.log（级别 INFO）
2026-05-05 01:17:29 | INFO     | hermes | 日志文件：/Volumes/d/hermes/backend/storage/logs/hermes.log（级别 INFO）
2026-05-05 01:17:33 | INFO     | hermes | 日志文件：/Volumes/d/hermes/backend/storage/logs/hermes.log（级别 INFO）
2026-05-05 01:17:34 | INFO     | hermes | 日志文件：/Volumes/d/hermes/backend/storage/logs/hermes.log（级别 INFO）
2026-05-05 01:17:37 | INFO     | hermes | 日志文件：/Volumes/d/hermes/backend/storage/logs/hermes.log（级别 INFO）
2026-05-05 01:17:45 | INFO     | hermes | 日志文件：/Volumes/d/hermes/backend/storage/logs/hermes.log（级别 INFO）
2026-05-05 01:18:07 | INFO     | hermes | 日志文件：/Volumes/d/hermes/backend/storage/logs/hermes.log（级别 INFO）
2026-05-05 01:18:16 | INFO     | hermes | 日志文件：/Volumes/d/hermes/backend/storage/logs/hermes.log（级别 INFO）
2026-05-05 01:18:17 | INFO     | hermes | 日志文件：/Volumes/d/hermes/backend/storage/logs/hermes.log（级别 INFO）
2026-05-05 01:18:18 | INFO     | hermes | 日志文件：/Volumes/d/hermes/backend/storage/logs/hermes.log（级别 INFO）
2026-05-05 01:20:05 | INFO     | hermes.http | → GET /api/chat/2a905e0c-ad8a-4d1e-866d-2da4dd9c72f9/messages
2026-05-05 01:20:05 | INFO     | hermes.http | → GET /api/timelines/2a905e0c-ad8a-4d1e-866d-2da4dd9c72f9/manifest
2026-05-05 01:20:05 | INFO     | hermes.http | ← GET /api/chat/2a905e0c-ad8a-4d1e-866d-2da4dd9c72f9/messages 200 47.1ms
2026-05-05 01:20:05 | INFO     | hermes.http | ← GET /api/timelines/2a905e0c-ad8a-4d1e-866d-2da4dd9c72f9/manifest 200 44.8ms
2026-05-05 01:25:41 | INFO     | hermes | 日志文件：/Volumes/d/hermes/backend/storage/logs/hermes.log（级别 INFO）
2026-05-05 01:25:54 | INFO     | hermes | 日志文件：/Volumes/d/hermes/backend/storage/logs/hermes.log（级别 INFO）
2026-05-05 01:26:38 | INFO     | hermes.http | → GET /
2026-05-05 01:26:38 | INFO     | hermes.http | ← GET / 200 4.7ms
2026-05-05 01:26:39 | INFO     | hermes.http | → GET /assets/index-CNOj1PE_.js
2026-05-05 01:26:39 | INFO     | hermes.http | → GET /assets/index-MHfDS8mR.css
2026-05-05 01:26:39 | INFO     | hermes.http | ← GET /assets/index-CNOj1PE_.js 304 3.0ms
2026-05-05 01:26:39 | INFO     | hermes.http | ← GET /assets/index-MHfDS8mR.css 304 3.3ms
2026-05-05 01:26:39 | INFO     | hermes.http | → GET /api/videos
2026-05-05 01:26:39 | INFO     | hermes.http | → GET /favicon.ico
2026-05-05 01:26:39 | INFO     | hermes.http | ← GET /favicon.ico 200 37.5ms
2026-05-05 01:26:39 | INFO     | hermes.http | ← GET /api/videos 200 43.3ms
2026-05-05 01:26:39 | INFO     | hermes.http | → GET /api/videos/5f150c66-1f65-45ca-a216-ce649ffa84bb/timelines
2026-05-05 01:26:39 | INFO     | hermes.http | → GET /api/videos/5f150c66-1f65-45ca-a216-ce649ffa84bb
2026-05-05 01:26:39 | INFO     | hermes.http | ← GET /api/videos/5f150c66-1f65-45ca-a216-ce649ffa84bb 200 17.6ms
2026-05-05 01:26:39 | INFO     | hermes.http | ← GET /api/videos/5f150c66-1f65-45ca-a216-ce649ffa84bb/timelines 200 21.8ms
2026-05-05 01:26:39 | INFO     | hermes.http | → GET /api/chat/19e2ffff-d04a-419f-8a07-969e2c0b85ec/messages
2026-05-05 01:26:39 | INFO     | hermes.http | → GET /api/timelines/19e2ffff-d04a-419f-8a07-969e2c0b85ec/manifest
2026-05-05 01:26:39 | INFO     | hermes.http | ← GET /api/chat/19e2ffff-d04a-419f-8a07-969e2c0b85ec/messages 200 16.0ms
2026-05-05 01:26:39 | INFO     | hermes.http | ← GET /api/timelines/19e2ffff-d04a-419f-8a07-969e2c0b85ec/manifest 200 19.2ms
2026-05-05 01:26:42 | INFO     | hermes.http | → GET /api/chat/2a905e0c-ad8a-4d1e-866d-2da4dd9c72f9/messages
2026-05-05 01:26:42 | INFO     | hermes.http | → GET /api/timelines/2a905e0c-ad8a-4d1e-866d-2da4dd9c72f9/manifest
2026-05-05 01:26:42 | INFO     | hermes.http | ← GET /api/timelines/2a905e0c-ad8a-4d1e-866d-2da4dd9c72f9/manifest 200 9.4ms
2026-05-05 01:26:42 | INFO     | hermes.http | ← GET /api/chat/2a905e0c-ad8a-4d1e-866d-2da4dd9c72f9/messages 200 11.2ms
2026-05-05 01:27:41 | INFO     | hermes.http | → GET /api/videos
2026-05-05 01:27:41 | INFO     | hermes.http | ← GET /api/videos 200 56.0ms
2026-05-05 01:27:41 | INFO     | hermes.http | → GET /api/assets/timelines
2026-05-05 01:27:41 | INFO     | hermes.http | → GET /api/videos/5f150c66-1f65-45ca-a216-ce649ffa84bb/characters
2026-05-05 01:27:41 | INFO     | hermes.http | → GET /api/assets/shots
2026-05-05 01:27:41 | INFO     | hermes.http | ← GET /api/assets/timelines 200 78.0ms
2026-05-05 01:27:41 | INFO     | hermes.http | ← GET /api/videos/5f150c66-1f65-45ca-a216-ce649ffa84bb/characters 200 83.5ms
2026-05-05 01:27:41 | INFO     | hermes.http | ← GET /api/assets/shots 200 77.8ms
2026-05-05 01:27:43 | INFO     | hermes.http | → GET /api/assets/shots
2026-05-05 01:27:43 | INFO     | hermes.http | → GET /api/videos/5f150c66-1f65-45ca-a216-ce649ffa84bb/characters
2026-05-05 01:27:43 | INFO     | hermes.http | → GET /api/assets/timelines
2026-05-05 01:27:43 | INFO     | hermes.http | ← GET /api/assets/shots 200 19.9ms
2026-05-05 01:27:43 | INFO     | hermes.http | ← GET /api/assets/timelines 200 17.1ms
2026-05-05 01:27:43 | INFO     | hermes.http | ← GET /api/videos/5f150c66-1f65-45ca-a216-ce649ffa84bb/characters 200 22.8ms
2026-05-05 01:28:25 | INFO     | hermes | 日志文件：/Volumes/d/hermes/backend/storage/logs/hermes.log（级别 INFO）
2026-05-05 01:28:30 | INFO     | hermes | 日志文件：/Volumes/d/hermes/backend/storage/logs/hermes.log（级别 INFO）
2026-05-05 01:28:43 | INFO     | hermes | 日志文件：/Volumes/d/hermes/backend/storage/logs/hermes.log（级别 INFO）
2026-05-05 01:28:47 | INFO     | hermes | 日志文件：/Volumes/d/hermes/backend/storage/logs/hermes.log（级别 INFO）
2026-05-05 01:29:26 | INFO     | hermes | 日志文件：/Volumes/d/hermes/backend/storage/logs/hermes.log（级别 INFO）
2026-05-05 01:29:29 | INFO     | hermes.http | → GET /api/assets/shots
2026-05-05 01:29:29 | INFO     | hermes.http | → GET /api/assets/timelines
2026-05-05 01:29:29 | INFO     | hermes.http | → GET /api/videos/dd5441a5-425d-498c-a0f2-e3db070459b3/characters
2026-05-05 01:29:29 | INFO     | hermes.http | ← GET /api/assets/shots 200 34.8ms
2026-05-05 01:29:29 | INFO     | hermes.http | ← GET /api/videos/dd5441a5-425d-498c-a0f2-e3db070459b3/characters 200 36.6ms
2026-05-05 01:29:29 | INFO     | hermes.http | ← GET /api/assets/timelines 200 39.8ms
2026-05-05 01:29:33 | INFO     | hermes.http | → GET /api/assets/shots
2026-05-05 01:29:33 | INFO     | hermes.http | → GET /api/videos/f897583c-0754-45da-9794-26e2697e12a4/characters
2026-05-05 01:29:33 | INFO     | hermes.http | → GET /api/assets/timelines
2026-05-05 01:29:33 | INFO     | hermes.http | ← GET /api/assets/shots 200 7.1ms
2026-05-05 01:29:33 | INFO     | hermes.http | ← GET /api/videos/f897583c-0754-45da-9794-26e2697e12a4/characters 200 8.6ms
2026-05-05 01:29:33 | INFO     | hermes.http | ← GET /api/assets/timelines 200 10.4ms
2026-05-05 01:29:35 | INFO     | hermes.http | → GET /api/assets/shots
2026-05-05 01:29:35 | INFO     | hermes.http | → GET /api/assets/timelines
2026-05-05 01:29:35 | INFO     | hermes.http | → GET /api/videos/5f150c66-1f65-45ca-a216-ce649ffa84bb/characters
2026-05-05 01:29:40 | INFO     | hermes | 日志文件：/Volumes/d/hermes/backend/storage/logs/hermes.log（级别 INFO）
2026-05-05 01:29:40 | INFO     | hermes.http | → GET /api/assets/timelines
2026-05-05 01:29:40 | INFO     | hermes.http | → GET /api/videos/5f150c66-1f65-45ca-a216-ce649ffa84bb/characters
2026-05-05 01:29:40 | INFO     | hermes.http | → GET /api/assets/shots
2026-05-05 01:29:40 | INFO     | hermes.http | ← GET /api/assets/shots 200 17.0ms
2026-05-05 01:29:40 | INFO     | hermes.http | ← GET /api/assets/timelines 200 26.0ms
2026-05-05 01:29:40 | INFO     | hermes.http | ← GET /api/videos/5f150c66-1f65-45ca-a216-ce649ffa84bb/characters 200 26.2ms
2026-05-05 01:29:42 | INFO     | hermes | 日志文件：/Volumes/d/hermes/backend/storage/logs/hermes.log（级别 INFO）
2026-05-05 01:29:54 | INFO     | hermes | 日志文件：/Volumes/d/hermes/backend/storage/logs/hermes.log（级别 INFO）
2026-05-05 01:30:00 | INFO     | hermes | 日志文件：/Volumes/d/hermes/backend/storage/logs/hermes.log（级别 INFO）
2026-05-05 01:30:20 | INFO     | hermes.http | → GET /api/jobs
2026-05-05 01:30:20 | INFO     | hermes.http | → GET /favicon.ico
2026-05-05 01:30:20 | INFO     | hermes.http | ← GET /favicon.ico 200 19.0ms
2026-05-05 01:30:20 | INFO     | hermes.http | ← GET /api/jobs 200 32.6ms
2026-05-05 01:30:24 | INFO     | hermes.http | → GET /api/jobs
2026-05-05 01:30:24 | INFO     | hermes.http | ← GET /api/jobs 200 5.1ms
2026-05-05 01:30:28 | INFO     | hermes.http | → GET /api/jobs
2026-05-05 01:30:28 | INFO     | hermes.http | ← GET /api/jobs 200 5.1ms
2026-05-05 01:30:32 | INFO     | hermes.http | → GET /api/jobs
2026-05-05 01:30:32 | INFO     | hermes.http | ← GET /api/jobs 200 11.8ms
2026-05-05 01:30:36 | INFO     | hermes.http | → GET /api/jobs
2026-05-05 01:30:36 | INFO     | hermes.http | ← GET /api/jobs 200 4.5ms
2026-05-05 01:30:40 | INFO     | hermes.http | → GET /api/jobs
2026-05-05 01:30:40 | INFO     | hermes.http | ← GET /api/jobs 200 3.9ms
2026-05-05 01:30:44 | INFO     | hermes.http | → GET /api/jobs
2026-05-05 01:30:44 | INFO     | hermes.http | ← GET /api/jobs 200 28.3ms
2026-05-05 01:30:48 | INFO     | hermes.http | → GET /api/jobs
2026-05-05 01:30:48 | INFO     | hermes.http | ← GET /api/jobs 200 11.5ms
2026-05-05 01:30:52 | INFO     | hermes.http | → GET /api/jobs
2026-05-05 01:30:52 | INFO     | hermes.http | ← GET /api/jobs 200 15.4ms
2026-05-05 01:30:56 | INFO     | hermes.http | → GET /api/jobs
2026-05-05 01:30:56 | INFO     | hermes.http | ← GET /api/jobs 200 19.0ms
2026-05-05 01:31:00 | INFO     | hermes | 日志文件：/Volumes/d/hermes/backend/storage/logs/hermes.log（级别 INFO）
2026-05-05 01:31:00 | INFO     | hermes.http | → GET /api/jobs
2026-05-05 01:31:00 | INFO     | hermes.http | ← GET /api/jobs 200 8.7ms
2026-05-05 01:31:04 | INFO     | hermes.http | → GET /api/jobs
2026-05-05 01:31:04 | INFO     | hermes.http | ← GET /api/jobs 200 4.4ms
2026-05-05 01:31:08 | INFO     | hermes.http | → GET /api/jobs
2026-05-05 01:31:08 | INFO     | hermes.http | ← GET /api/jobs 200 4.7ms
2026-05-05 01:31:12 | INFO     | hermes.http | → GET /api/jobs
2026-05-05 01:31:12 | INFO     | hermes.http | ← GET /api/jobs 200 12.8ms
2026-05-05 01:31:16 | INFO     | hermes.http | → GET /api/jobs
2026-05-05 01:31:16 | INFO     | hermes.http | ← GET /api/jobs 200 16.8ms
2026-05-05 01:31:20 | INFO     | hermes.http | → GET /api/jobs
2026-05-05 01:31:20 | INFO     | hermes.http | ← GET /api/jobs 200 6.6ms
2026-05-05 01:31:24 | INFO     | hermes.http | → GET /api/jobs
2026-05-05 01:31:24 | INFO     | hermes.http | ← GET /api/jobs 200 14.4ms
2026-05-05 01:31:28 | INFO     | hermes.http | → GET /api/jobs
2026-05-05 01:31:28 | INFO     | hermes.http | ← GET /api/jobs 200 5.0ms
2026-05-05 01:31:32 | INFO     | hermes.http | → GET /api/jobs
2026-05-05 01:31:32 | INFO     | hermes.http | ← GET /api/jobs 200 14.1ms
2026-05-05 01:31:36 | INFO     | hermes.http | → GET /api/jobs
2026-05-05 01:31:36 | INFO     | hermes.http | ← GET /api/jobs 200 13.3ms
2026-05-05 01:31:40 | INFO     | hermes.http | → GET /api/jobs
2026-05-05 01:31:40 | INFO     | hermes.http | ← GET /api/jobs 200 10.0ms
2026-05-05 01:31:44 | INFO     | hermes.http | → GET /api/jobs
2026-05-05 01:31:44 | INFO     | hermes.http | ← GET /api/jobs 200 7.5ms
2026-05-05 01:31:48 | INFO     | hermes.http | → GET /api/jobs
2026-05-05 01:31:48 | INFO     | hermes.http | ← GET /api/jobs 200 5.1ms
2026-05-05 01:31:52 | INFO     | hermes.http | → GET /api/jobs
2026-05-05 01:31:52 | INFO     | hermes.http | ← GET /api/jobs 200 5.4ms
2026-05-05 01:31:56 | INFO     | hermes.http | → GET /api/jobs
2026-05-05 01:31:56 | INFO     | hermes.http | ← GET /api/jobs 200 14.1ms
2026-05-05 01:32:00 | INFO     | hermes.http | → GET /api/jobs
2026-05-05 01:32:00 | INFO     | hermes.http | ← GET /api/jobs 200 4.9ms
2026-05-05 01:32:04 | INFO     | hermes.http | → GET /api/jobs
2026-05-05 01:32:04 | INFO     | hermes.http | ← GET /api/jobs 200 3.6ms
2026-05-05 01:32:08 | INFO     | hermes.http | → GET /api/jobs
2026-05-05 01:32:08 | INFO     | hermes.http | ← GET /api/jobs 200 6.6ms
2026-05-05 01:32:12 | INFO     | hermes.http | → GET /api/jobs
2026-05-05 01:32:12 | INFO     | hermes.http | ← GET /api/jobs 200 5.4ms
2026-05-05 01:32:16 | INFO     | hermes.http | → GET /api/jobs
2026-05-05 01:32:16 | INFO     | hermes.http | ← GET /api/jobs 200 8.2ms
2026-05-05 01:32:20 | INFO     | hermes.http | → GET /api/jobs
2026-05-05 01:32:20 | INFO     | hermes.http | ← GET /api/jobs 200 4.7ms
2026-05-05 01:32:24 | INFO     | hermes.http | → GET /api/jobs
2026-05-05 01:32:24 | INFO     | hermes.http | ← GET /api/jobs 200 10.6ms
2026-05-05 01:32:28 | INFO     | hermes.http | → GET /api/jobs
2026-05-05 01:32:28 | INFO     | hermes.http | ← GET /api/jobs 200 30.9ms
2026-05-05 01:32:32 | INFO     | hermes.http | → GET /api/jobs
2026-05-05 01:32:32 | INFO     | hermes.http | ← GET /api/jobs 200 4.2ms
2026-05-05 01:32:36 | INFO     | hermes.http | → GET /api/jobs
2026-05-05 01:32:36 | INFO     | hermes.http | ← GET /api/jobs 200 6.0ms
2026-05-05 01:32:40 | INFO     | hermes.http | → GET /api/jobs
2026-05-05 01:32:40 | INFO     | hermes.http | ← GET /api/jobs 200 13.4ms
2026-05-05 01:32:44 | INFO     | hermes.http | → GET /api/jobs
2026-05-05 01:32:44 | INFO     | hermes.http | ← GET /api/jobs 200 12.4ms
2026-05-05 01:32:48 | INFO     | hermes.http | → GET /api/jobs
2026-05-05 01:32:48 | INFO     | hermes.http | ← GET /api/jobs 200 15.1ms
2026-05-05 01:32:52 | INFO     | hermes.http | → GET /api/jobs
2026-05-05 01:32:52 | INFO     | hermes.http | ← GET /api/jobs 200 7.2ms
2026-05-05 01:32:56 | INFO     | hermes.http | → GET /api/jobs
2026-05-05 01:32:56 | INFO     | hermes.http | ← GET /api/jobs 200 7.5ms
2026-05-05 01:33:00 | INFO     | hermes.http | → GET /api/jobs
2026-05-05 01:33:00 | INFO     | hermes.http | ← GET /api/jobs 200 21.4ms
2026-05-05 01:33:00 | INFO     | hermes.http | → GET /api/videos
2026-05-05 01:33:00 | INFO     | hermes.http | ← GET /api/videos 200 32.6ms
2026-05-05 01:33:00 | INFO     | hermes.http | → GET /api/videos/5f150c66-1f65-45ca-a216-ce649ffa84bb
2026-05-05 01:33:00 | INFO     | hermes.http | → GET /api/videos/5f150c66-1f65-45ca-a216-ce649ffa84bb/timelines
2026-05-05 01:33:00 | INFO     | hermes.http | ← GET /api/videos/5f150c66-1f65-45ca-a216-ce649ffa84bb 200 141.1ms
2026-05-05 01:33:00 | INFO     | hermes.http | ← GET /api/videos/5f150c66-1f65-45ca-a216-ce649ffa84bb/timelines 200 147.1ms
2026-05-05 01:33:00 | INFO     | hermes.http | → GET /api/chat/19e2ffff-d04a-419f-8a07-969e2c0b85ec/messages
2026-05-05 01:33:00 | INFO     | hermes.http | → GET /api/timelines/19e2ffff-d04a-419f-8a07-969e2c0b85ec/manifest
2026-05-05 01:33:00 | INFO     | hermes.http | ← GET /api/chat/19e2ffff-d04a-419f-8a07-969e2c0b85ec/messages 200 19.2ms
2026-05-05 01:33:00 | INFO     | hermes.http | ← GET /api/timelines/19e2ffff-d04a-419f-8a07-969e2c0b85ec/manifest 200 21.3ms
2026-05-05 01:33:03 | INFO     | hermes.http | → GET /api/chat/2a905e0c-ad8a-4d1e-866d-2da4dd9c72f9/messages
2026-05-05 01:33:03 | INFO     | hermes.http | → GET /api/timelines/2a905e0c-ad8a-4d1e-866d-2da4dd9c72f9/manifest
2026-05-05 01:33:03 | INFO     | hermes.http | ← GET /api/chat/2a905e0c-ad8a-4d1e-866d-2da4dd9c72f9/messages 200 12.2ms
2026-05-05 01:33:03 | INFO     | hermes.http | ← GET /api/timelines/2a905e0c-ad8a-4d1e-866d-2da4dd9c72f9/manifest 200 15.2ms
2026-05-05 01:34:20 | INFO     | hermes.http | → GET /api/jobs
2026-05-05 01:34:20 | INFO     | hermes.http | → GET /favicon.ico
2026-05-05 01:34:20 | INFO     | hermes.http | ← GET /favicon.ico 200 26.2ms
2026-05-05 01:34:20 | INFO     | hermes.http | ← GET /api/jobs 200 40.3ms
2026-05-05 01:34:24 | INFO     | hermes.http | → GET /api/jobs
2026-05-05 01:34:24 | INFO     | hermes.http | ← GET /api/jobs 200 12.7ms
2026-05-05 01:34:28 | INFO     | hermes.http | → GET /api/jobs
2026-05-05 01:34:28 | INFO     | hermes.http | ← GET /api/jobs 200 3.6ms
2026-05-05 01:34:32 | INFO     | hermes.http | → GET /api/jobs
2026-05-05 01:34:32 | INFO     | hermes.http | ← GET /api/jobs 200 5.9ms
2026-05-05 01:34:36 | INFO     | hermes.http | → GET /api/jobs
2026-05-05 01:34:36 | INFO     | hermes.http | ← GET /api/jobs 200 12.1ms
2026-05-05 01:34:40 | INFO     | hermes.http | → GET /api/jobs
2026-05-05 01:34:40 | INFO     | hermes.http | ← GET /api/jobs 200 16.2ms
2026-05-05 01:34:44 | INFO     | hermes.http | → GET /api/jobs
2026-05-05 01:34:44 | INFO     | hermes.http | ← GET /api/jobs 200 11.4ms
2026-05-05 01:34:48 | INFO     | hermes.http | → GET /api/jobs
2026-05-05 01:34:48 | INFO     | hermes.http | ← GET /api/jobs 200 13.0ms
2026-05-05 01:34:50 | INFO     | hermes.http | → GET /api/videos
2026-05-05 01:34:50 | INFO     | hermes.http | ← GET /api/videos 200 8.5ms
2026-05-05 01:34:50 | INFO     | hermes.http | → GET /api/assets/shots
2026-05-05 01:34:50 | INFO     | hermes.http | → GET /api/assets/timelines
2026-05-05 01:34:50 | INFO     | hermes.http | → GET /api/videos/5f150c66-1f65-45ca-a216-ce649ffa84bb/characters
2026-05-05 01:38:35 | INFO     | hermes | 日志文件：/Volumes/d/hermes/backend/storage/logs/hermes.log（级别 INFO）
2026-05-05 01:38:36 | INFO     | hermes.http | → GET /api/videos/5f150c66-1f65-45ca-a216-ce649ffa84bb/characters
2026-05-05 01:38:36 | INFO     | hermes.http | → GET /api/assets/timelines
2026-05-05 01:38:36 | INFO     | hermes.http | → GET /api/assets/shots
2026-05-05 01:38:36 | INFO     | hermes.http | → GET /api/videos
2026-05-05 01:38:36 | INFO     | hermes.http | → GET /api/videos
2026-05-05 01:38:36 | INFO     | hermes.http | → GET /api/videos
2026-05-05 01:38:36 | INFO     | hermes.http | ← GET /api/videos 200 9.3ms
2026-05-05 01:38:36 | INFO     | hermes.http | ← GET /api/videos 200 8.2ms
2026-05-05 01:38:36 | INFO     | hermes.http | ← GET /api/videos 200 11.3ms
2026-05-05 01:38:36 | INFO     | hermes.http | ← GET /api/videos/5f150c66-1f65-45ca-a216-ce649ffa84bb/characters 200 13.4ms
2026-05-05 01:38:36 | INFO     | hermes.http | ← GET /api/assets/timelines 200 15.2ms
2026-05-05 01:38:36 | INFO     | hermes.http | ← GET /api/assets/shots 200 16.4ms
2026-05-05 01:38:36 | INFO     | hermes.http | → GET /api/videos/5f150c66-1f65-45ca-a216-ce649ffa84bb
2026-05-05 01:38:36 | INFO     | hermes.http | → GET /api/videos/5f150c66-1f65-45ca-a216-ce649ffa84bb/timelines
2026-05-05 01:38:36 | INFO     | hermes.http | ← GET /api/videos/5f150c66-1f65-45ca-a216-ce649ffa84bb 200 12.4ms
2026-05-05 01:38:36 | INFO     | hermes.http | ← GET /api/videos/5f150c66-1f65-45ca-a216-ce649ffa84bb/timelines 200 21.9ms
2026-05-05 01:38:36 | INFO     | hermes.http | → GET /api/chat/19e2ffff-d04a-419f-8a07-969e2c0b85ec/messages
2026-05-05 01:38:36 | INFO     | hermes.http | → GET /api/timelines/19e2ffff-d04a-419f-8a07-969e2c0b85ec/manifest
2026-05-05 01:38:36 | INFO     | hermes.http | ← GET /api/chat/19e2ffff-d04a-419f-8a07-969e2c0b85ec/messages 200 60.3ms
2026-05-05 01:38:36 | INFO     | hermes.http | ← GET /api/timelines/19e2ffff-d04a-419f-8a07-969e2c0b85ec/manifest 200 62.5ms
2026-05-05 01:38:38 | INFO     | hermes | 日志文件：/Volumes/d/hermes/backend/storage/logs/hermes.log（级别 INFO）
2026-05-05 01:39:03 | INFO     | hermes | 日志文件：/Volumes/d/hermes/backend/storage/logs/hermes.log（级别 INFO）
2026-05-05 01:39:13 | INFO     | hermes | 日志文件：/Volumes/d/hermes/backend/storage/logs/hermes.log（级别 INFO）
2026-05-05 01:39:16 | INFO     | hermes | 日志文件：/Volumes/d/hermes/backend/storage/logs/hermes.log（级别 INFO）
2026-05-05 01:39:56 | INFO     | hermes.http | → GET /
2026-05-05 01:39:56 | INFO     | hermes.http | ← GET / 200 8.0ms
2026-05-05 01:39:56 | INFO     | hermes.http | → GET /assets/index-CNOj1PE_.js
2026-05-05 01:39:56 | INFO     | hermes.http | → GET /assets/index-MHfDS8mR.css
2026-05-05 01:39:56 | INFO     | hermes.http | ← GET /assets/index-CNOj1PE_.js 304 3.3ms
2026-05-05 01:39:56 | INFO     | hermes.http | ← GET /assets/index-MHfDS8mR.css 304 3.3ms
2026-05-05 01:39:56 | INFO     | hermes.http | → GET /api/videos
2026-05-05 01:39:56 | INFO     | hermes.http | → GET /favicon.ico
2026-05-05 01:39:56 | INFO     | hermes.http | ← GET /favicon.ico 200 14.2ms
2026-05-05 01:39:56 | INFO     | hermes.http | ← GET /api/videos 200 22.2ms
2026-05-05 01:39:56 | INFO     | hermes.http | → GET /api/videos/5f150c66-1f65-45ca-a216-ce649ffa84bb
2026-05-05 01:39:56 | INFO     | hermes.http | → GET /api/videos/5f150c66-1f65-45ca-a216-ce649ffa84bb/timelines
2026-05-05 01:39:56 | INFO     | hermes.http | ← GET /api/videos/5f150c66-1f65-45ca-a216-ce649ffa84bb 200 21.1ms
2026-05-05 01:39:56 | INFO     | hermes.http | ← GET /api/videos/5f150c66-1f65-45ca-a216-ce649ffa84bb/timelines 200 27.7ms
2026-05-05 01:39:56 | INFO     | hermes.http | → GET /api/chat/19e2ffff-d04a-419f-8a07-969e2c0b85ec/messages
2026-05-05 01:39:56 | INFO     | hermes.http | → GET /api/timelines/19e2ffff-d04a-419f-8a07-969e2c0b85ec/manifest
2026-05-05 01:39:56 | ERROR    | hermes.http | 请求异常 GET /api/timelines/19e2ffff-d04a-419f-8a07-969e2c0b85ec/manifest
Traceback (most recent call last):
  File "/Volumes/d/hermes/.venv/lib/python3.9/site-packages/sqlalchemy/engine/base.py", line 1967, in _exec_single_context
    self.dialect.do_execute(
  File "/Volumes/d/hermes/.venv/lib/python3.9/site-packages/sqlalchemy/engine/default.py", line 941, in do_execute
    cursor.execute(statement, parameters)
sqlite3.DatabaseError: file is not a database

The above exception was the direct cause of the following exception:

Traceback (most recent call last):
  File "/Volumes/d/hermes/backend/app/main.py", line 34, in http_access_log
    response = await call_next(request)
  File "/Volumes/d/hermes/.venv/lib/python3.9/site-packages/starlette/middleware/base.py", line 163, in call_next
    raise app_exc
  File "/Volumes/d/hermes/.venv/lib/python3.9/site-packages/starlette/middleware/base.py", line 149, in coro
    await self.app(scope, receive_or_disconnect, send_no_error)
  File "/Volumes/d/hermes/.venv/lib/python3.9/site-packages/starlette/middleware/exceptions.py", line 62, in __call__
    await wrap_app_handling_exceptions(self.app, conn)(scope, receive, send)
  File "/Volumes/d/hermes/.venv/lib/python3.9/site-packages/starlette/_exception_handler.py", line 53, in wrapped_app
    raise exc
  File "/Volumes/d/hermes/.venv/lib/python3.9/site-packages/starlette/_exception_handler.py", line 42, in wrapped_app
    await app(scope, receive, sender)
  File "/Volumes/d/hermes/.venv/lib/python3.9/site-packages/starlette/routing.py", line 715, in __call__
    await self.middleware_stack(scope, receive, send)
  File "/Volumes/d/hermes/.venv/lib/python3.9/site-packages/starlette/routing.py", line 735, in app
    await route.handle(scope, receive, send)
  File "/Volumes/d/hermes/.venv/lib/python3.9/site-packages/starlette/routing.py", line 288, in handle
    await self.app(scope, receive, send)
  File "/Volumes/d/hermes/.venv/lib/python3.9/site-packages/starlette/routing.py", line 76, in app
    await wrap_app_handling_exceptions(app, request)(scope, receive, send)
  File "/Volumes/d/hermes/.venv/lib/python3.9/site-packages/starlette/_exception_handler.py", line 53, in wrapped_app
    raise exc
  File "/Volumes/d/hermes/.venv/lib/python3.9/site-packages/starlette/_exception_handler.py", line 42, in wrapped_app
    await app(scope, receive, sender)
  File "/Volumes/d/hermes/.venv/lib/python3.9/site-packages/starlette/routing.py", line 73, in app
    response = await f(request)
  File "/Volumes/d/hermes/.venv/lib/python3.9/site-packages/fastapi/routing.py", line 301, in app
    raw_response = await run_endpoint_function(
  File "/Volumes/d/hermes/.venv/lib/python3.9/site-packages/fastapi/routing.py", line 214, in run_endpoint_function
    return await run_in_threadpool(dependant.call, **values)
  File "/Volumes/d/hermes/.venv/lib/python3.9/site-packages/starlette/concurrency.py", line 39, in run_in_threadpool
    return await anyio.to_thread.run_sync(func, *args)
  File "/Volumes/d/hermes/.venv/lib/python3.9/site-packages/anyio/to_thread.py", line 63, in run_sync
    return await get_async_backend().run_sync_in_worker_thread(
  File "/Volumes/d/hermes/.venv/lib/python3.9/site-packages/anyio/_backends/_asyncio.py", line 2502, in run_sync_in_worker_thread
    return await future
  File "/Volumes/d/hermes/.venv/lib/python3.9/site-packages/anyio/_backends/_asyncio.py", line 986, in run
    result = context.run(func, *args)
  File "/Volumes/d/hermes/backend/app/routes/timelines.py", line 59, in get_manifest
    tl = db.get(models.Timeline, timeline_id)
  File "/Volumes/d/hermes/.venv/lib/python3.9/site-packages/sqlalchemy/orm/session.py", line 3693, in get
    return self._get_impl(
  File "/Volumes/d/hermes/.venv/lib/python3.9/site-packages/sqlalchemy/orm/session.py", line 3873, in _get_impl
    return db_load_fn(
  File "/Volumes/d/hermes/.venv/lib/python3.9/site-packages/sqlalchemy/orm/loading.py", line 694, in load_on_pk_identity
    session.execute(
  File "/Volumes/d/hermes/.venv/lib/python3.9/site-packages/sqlalchemy/orm/session.py", line 2362, in execute
    return self._execute_internal(
  File "/Volumes/d/hermes/.venv/lib/python3.9/site-packages/sqlalchemy/orm/session.py", line 2247, in _execute_internal
    result: Result[Any] = compile_state_cls.orm_execute_statement(
  File "/Volumes/d/hermes/.venv/lib/python3.9/site-packages/sqlalchemy/orm/context.py", line 305, in orm_execute_statement
    result = conn.execute(
  File "/Volumes/d/hermes/.venv/lib/python3.9/site-packages/sqlalchemy/engine/base.py", line 1418, in execute
    return meth(
  File "/Volumes/d/hermes/.venv/lib/python3.9/site-packages/sqlalchemy/sql/elements.py", line 515, in _execute_on_connection
    return connection._execute_clauseelement(
  File "/Volumes/d/hermes/.venv/lib/python3.9/site-packages/sqlalchemy/engine/base.py", line 1640, in _execute_clauseelement
    ret = self._execute_context(
  File "/Volumes/d/hermes/.venv/lib/python3.9/site-packages/sqlalchemy/engine/base.py", line 1846, in _execute_context
    return self._exec_single_context(
  File "/Volumes/d/hermes/.venv/lib/python3.9/site-packages/sqlalchemy/engine/base.py", line 1986, in _exec_single_context
    self._handle_dbapi_exception(
  File "/Volumes/d/hermes/.venv/lib/python3.9/site-packages/sqlalchemy/engine/base.py", line 2355, in _handle_dbapi_exception
    raise sqlalchemy_exception.with_traceback(exc_info[2]) from e
  File "/Volumes/d/hermes/.venv/lib/python3.9/site-packages/sqlalchemy/engine/base.py", line 1967, in _exec_single_context
    self.dialect.do_execute(
  File "/Volumes/d/hermes/.venv/lib/python3.9/site-packages/sqlalchemy/engine/default.py", line 941, in do_execute
    cursor.execute(statement, parameters)
sqlalchemy.exc.DatabaseError: (sqlite3.DatabaseError) file is not a database
[SQL: SELECT timelines.id AS timelines_id, timelines.video_id AS timelines_video_id, timelines.parent_id AS timelines_parent_id, timelines.label AS timelines_label, timelines.status AS timelines_status, timelines.branch_reason AS timelines_branch_reason, timelines.created_by AS timelines_created_by, timelines.apply_time AS timelines_apply_time, timelines.created_at AS timelines_created_at 
FROM timelines 
WHERE timelines.id = ?]
[parameters: ('19e2ffff-d04a-419f-8a07-969e2c0b85ec',)]
(Background on this error at: https://sqlalche.me/e/20/4xp6)
2026-05-05 01:39:56 | INFO     | hermes.http | ← GET /api/chat/19e2ffff-d04a-419f-8a07-969e2c0b85ec/messages 200 40.8ms
2026-05-05 01:39:59 | INFO     | hermes.http | → GET /api/chat/2a905e0c-ad8a-4d1e-866d-2da4dd9c72f9/messages
2026-05-05 01:39:59 | INFO     | hermes.http | → GET /api/timelines/2a905e0c-ad8a-4d1e-866d-2da4dd9c72f9/manifest
2026-05-05 01:39:59 | INFO     | hermes.http | ← GET /api/chat/2a905e0c-ad8a-4d1e-866d-2da4dd9c72f9/messages 200 68.4ms
2026-05-05 01:39:59 | INFO     | hermes.http | ← GET /api/timelines/2a905e0c-ad8a-4d1e-866d-2da4dd9c72f9/manifest 200 68.1ms
2026-05-05 01:40:01 | INFO     | hermes.http | → GET /api/chat/19e2ffff-d04a-419f-8a07-969e2c0b85ec/messages
2026-05-05 01:40:01 | INFO     | hermes.http | → GET /api/timelines/19e2ffff-d04a-419f-8a07-969e2c0b85ec/manifest
2026-05-05 01:40:01 | INFO     | hermes.http | ← GET /api/chat/19e2ffff-d04a-419f-8a07-969e2c0b85ec/messages 200 14.7ms
2026-05-05 01:40:01 | INFO     | hermes.http | ← GET /api/timelines/19e2ffff-d04a-419f-8a07-969e2c0b85ec/manifest 200 13.4ms
2026-05-05 01:40:03 | INFO     | hermes.http | → GET /api/chat/2a905e0c-ad8a-4d1e-866d-2da4dd9c72f9/messages
2026-05-05 01:40:03 | INFO     | hermes.http | → GET /api/timelines/2a905e0c-ad8a-4d1e-866d-2da4dd9c72f9/manifest
2026-05-05 01:40:03 | INFO     | hermes.http | ← GET /api/chat/2a905e0c-ad8a-4d1e-866d-2da4dd9c72f9/messages 200 15.6ms
2026-05-05 01:40:03 | INFO     | hermes.http | ← GET /api/timelines/2a905e0c-ad8a-4d1e-866d-2da4dd9c72f9/manifest 200 17.2ms
2026-05-05 01:42:45 | INFO     | hermes.http | → GET /api/jobs
2026-05-05 01:42:45 | INFO     | hermes.http | ← GET /api/jobs 200 74.7ms
2026-05-05 01:42:46 | INFO     | hermes.http | → GET /api/videos
2026-05-05 01:42:46 | INFO     | hermes.http | ← GET /api/videos 200 4.9ms
2026-05-05 01:42:46 | INFO     | hermes.http | → GET /api/assets/shots
2026-05-05 01:42:46 | INFO     | hermes.http | → GET /api/assets/timelines
2026-05-05 01:42:46 | INFO     | hermes.http | → GET /api/videos/5f150c66-1f65-45ca-a216-ce649ffa84bb/characters
2026-05-05 01:42:46 | INFO     | hermes.http | ← GET /api/assets/timelines 200 22.7ms
2026-05-05 01:42:46 | INFO     | hermes.http | ← GET /api/videos/5f150c66-1f65-45ca-a216-ce649ffa84bb/characters 200 26.3ms
2026-05-05 01:42:46 | INFO     | hermes.http | ← GET /api/assets/shots 200 27.8ms
2026-05-05 01:42:49 | INFO     | hermes.http | → GET /api/assets/shots
2026-05-05 01:42:49 | INFO     | hermes.http | → GET /api/assets/timelines
2026-05-05 01:42:49 | INFO     | hermes.http | → GET /api/videos/5f150c66-1f65-45ca-a216-ce649ffa84bb/characters
2026-05-05 01:42:49 | INFO     | hermes.http | ← GET /api/videos/5f150c66-1f65-45ca-a216-ce649ffa84bb/characters 200 24.1ms
2026-05-05 01:42:49 | INFO     | hermes.http | ← GET /api/assets/shots 200 32.5ms
2026-05-05 01:42:49 | INFO     | hermes.http | ← GET /api/assets/timelines 200 32.7ms
2026-05-05 01:45:19 | INFO     | hermes.http | → GET /api/videos
2026-05-05 01:45:19 | INFO     | hermes.http | → GET /favicon.ico
2026-05-05 01:45:19 | INFO     | hermes.http | ← GET /favicon.ico 200 16.4ms
2026-05-05 01:45:19 | INFO     | hermes.http | ← GET /api/videos 200 31.4ms
2026-05-05 01:45:19 | INFO     | hermes.http | → GET /api/videos/5f150c66-1f65-45ca-a216-ce649ffa84bb
2026-05-05 01:45:19 | INFO     | hermes.http | → GET /api/videos/5f150c66-1f65-45ca-a216-ce649ffa84bb/timelines
2026-05-05 01:45:19 | INFO     | hermes.http | ← GET /api/videos/5f150c66-1f65-45ca-a216-ce649ffa84bb 200 55.7ms
2026-05-05 01:45:19 | INFO     | hermes.http | ← GET /api/videos/5f150c66-1f65-45ca-a216-ce649ffa84bb/timelines 200 63.4ms
2026-05-05 01:45:19 | INFO     | hermes.http | → GET /api/timelines/19e2ffff-d04a-419f-8a07-969e2c0b85ec/manifest
2026-05-05 01:45:19 | INFO     | hermes.http | → GET /api/chat/19e2ffff-d04a-419f-8a07-969e2c0b85ec/messages
2026-05-05 01:45:19 | INFO     | hermes.http | ← GET /api/chat/19e2ffff-d04a-419f-8a07-969e2c0b85ec/messages 200 15.8ms
2026-05-05 01:45:19 | INFO     | hermes.http | ← GET /api/timelines/19e2ffff-d04a-419f-8a07-969e2c0b85ec/manifest 200 17.7ms
2026-05-05 01:47:55 | INFO     | hermes | 日志文件：/Volumes/d/hermes/backend/storage/logs/hermes.log（级别 INFO）
2026-05-05 01:48:18 | INFO     | hermes | 日志文件：/Volumes/d/hermes/backend/storage/logs/hermes.log（级别 INFO）
2026-05-05 01:48:48 | INFO     | hermes | 日志文件：/Volumes/d/hermes/backend/storage/logs/hermes.log（级别 INFO）
2026-05-05 01:49:18 | INFO     | hermes | 日志文件：/Volumes/d/hermes/backend/storage/logs/hermes.log（级别 INFO）
2026-05-05 01:49:21 | INFO     | hermes | 日志文件：/Volumes/d/hermes/backend/storage/logs/hermes.log（级别 INFO）
2026-05-05 01:49:43 | INFO     | hermes | 日志文件：/Volumes/d/hermes/backend/storage/logs/hermes.log（级别 INFO）
2026-05-05 01:49:44 | INFO     | hermes | 日志文件：/Volumes/d/hermes/backend/storage/logs/hermes.log（级别 INFO）
2026-05-05 01:49:44 | INFO     | hermes | 日志文件：/Volumes/d/hermes/backend/storage/logs/hermes.log（级别 INFO）
2026-05-05 01:50:07 | INFO     | hermes | 日志文件：/Volumes/d/hermes/backend/storage/logs/hermes.log（级别 INFO）
2026-05-05 01:50:31 | INFO     | hermes | 日志文件：/Volumes/d/hermes/backend/storage/logs/hermes.log（级别 INFO）
2026-05-05 01:50:35 | INFO     | hermes | 日志文件：/Volumes/d/hermes/backend/storage/logs/hermes.log（级别 INFO）
2026-05-05 01:50:37 | INFO     | hermes | 日志文件：/Volumes/d/hermes/backend/storage/logs/hermes.log（级别 INFO）
2026-05-05 01:51:32 | INFO     | hermes | 日志文件：/Volumes/d/hermes/backend/storage/logs/hermes.log（级别 INFO）
2026-05-05 01:51:36 | INFO     | hermes | 日志文件：/Volumes/d/hermes/backend/storage/logs/hermes.log（级别 INFO）
2026-05-05 01:51:38 | INFO     | hermes | 日志文件：/Volumes/d/hermes/backend/storage/logs/hermes.log（级别 INFO）
2026-05-05 01:51:40 | INFO     | hermes | 日志文件：/Volumes/d/hermes/backend/storage/logs/hermes.log（级别 INFO）
2026-05-05 01:51:43 | INFO     | hermes | 日志文件：/Volumes/d/hermes/backend/storage/logs/hermes.log（级别 INFO）
2026-05-05 01:53:51 | INFO     | hermes | 日志文件：/Volumes/d/hermes/backend/storage/logs/hermes.log（级别 INFO）
2026-05-05 01:53:51 | INFO     | hermes | 日志文件：/Volumes/d/hermes/backend/storage/logs/hermes.log（级别 INFO）
2026-05-05 01:53:54 | INFO     | hermes | 日志文件：/Volumes/d/hermes/backend/storage/logs/hermes.log（级别 INFO）
2026-05-05 01:53:55 | INFO     | hermes | 日志文件：/Volumes/d/hermes/backend/storage/logs/hermes.log（级别 INFO）
2026-05-05 01:55:23 | INFO     | hermes | 日志文件：/Volumes/d/hermes/backend/storage/logs/hermes.log（级别 INFO）
2026-05-05 10:53:48 | INFO     | hermes.http | → GET /api/videos
2026-05-05 10:53:48 | INFO     | hermes.http | → GET /favicon.ico
2026-05-05 10:53:48 | INFO     | hermes.http | ← GET /favicon.ico 200 46.3ms
2026-05-05 10:53:48 | INFO     | hermes.http | ← GET /api/videos 200 53.4ms
2026-05-05 10:53:48 | INFO     | hermes.http | → GET /api/assets/shots
2026-05-05 10:53:48 | INFO     | hermes.http | → GET /api/assets/timelines
2026-05-05 10:53:48 | INFO     | hermes.http | → GET /api/videos/5f150c66-1f65-45ca-a216-ce649ffa84bb/characters
2026-05-05 10:53:48 | INFO     | hermes.http | ← GET /api/assets/shots 200 22.2ms
2026-05-05 10:53:48 | INFO     | hermes.http | ← GET /api/assets/timelines 200 27.0ms
2026-05-05 10:53:48 | INFO     | hermes.http | ← GET /api/videos/5f150c66-1f65-45ca-a216-ce649ffa84bb/characters 200 42.5ms
2026-05-05 10:55:59 | INFO     | hermes.http | → GET /api/configs/models
2026-05-05 10:55:59 | INFO     | hermes.http | ← GET /api/configs/models 200 31.7ms
2026-05-05 10:55:59 | INFO     | hermes.http | → GET /api/jobs
2026-05-05 10:55:59 | INFO     | hermes.http | ← GET /api/jobs 200 36.1ms
2026-05-05 10:56:03 | INFO     | hermes.http | → GET /api/jobs
2026-05-05 10:56:03 | INFO     | hermes.http | ← GET /api/jobs 200 14.1ms
2026-05-05 10:56:07 | INFO     | hermes.http | → GET /api/jobs
2026-05-05 10:56:07 | INFO     | hermes.http | ← GET /api/jobs 200 5.1ms
2026-05-05 10:56:11 | INFO     | hermes.http | → GET /api/jobs
2026-05-05 10:56:11 | INFO     | hermes.http | ← GET /api/jobs 200 9.6ms
2026-05-05 10:56:15 | INFO     | hermes.http | → GET /api/jobs
2026-05-05 10:56:15 | INFO     | hermes.http | ← GET /api/jobs 200 17.2ms
2026-05-05 10:56:19 | INFO     | hermes.http | → GET /api/jobs
2026-05-05 10:56:19 | INFO     | hermes.http | ← GET /api/jobs 200 9.6ms
2026-05-05 10:56:23 | INFO     | hermes.http | → GET /api/jobs
2026-05-05 10:56:23 | INFO     | hermes.http | ← GET /api/jobs 200 11.2ms
2026-05-05 10:56:27 | INFO     | hermes.http | → GET /api/jobs
2026-05-05 10:56:27 | INFO     | hermes.http | ← GET /api/jobs 200 6.0ms
2026-05-05 10:56:31 | INFO     | hermes.http | → GET /api/jobs
2026-05-05 10:56:31 | INFO     | hermes.http | ← GET /api/jobs 200 12.6ms
2026-05-05 10:56:35 | INFO     | hermes.http | → GET /api/jobs
2026-05-05 10:56:35 | INFO     | hermes.http | ← GET /api/jobs 200 12.4ms
2026-05-05 10:56:39 | INFO     | hermes.http | → GET /api/jobs
2026-05-05 10:56:39 | INFO     | hermes.http | ← GET /api/jobs 200 9.6ms
2026-05-05 10:56:43 | INFO     | hermes.http | → GET /api/jobs
2026-05-05 10:56:43 | INFO     | hermes.http | ← GET /api/jobs 200 10.2ms
2026-05-05 10:56:47 | INFO     | hermes.http | → GET /api/jobs
2026-05-05 10:56:47 | INFO     | hermes.http | ← GET /api/jobs 200 15.9ms
2026-05-05 10:56:51 | INFO     | hermes.http | → GET /api/jobs
2026-05-05 10:56:51 | INFO     | hermes.http | ← GET /api/jobs 200 11.0ms
2026-05-05 10:56:55 | INFO     | hermes.http | → GET /api/jobs
2026-05-05 10:56:55 | INFO     | hermes.http | ← GET /api/jobs 200 10.3ms
2026-05-05 10:56:59 | INFO     | hermes.http | → GET /api/jobs
2026-05-05 10:56:59 | INFO     | hermes.http | ← GET /api/jobs 200 25.2ms
2026-05-05 10:57:03 | INFO     | hermes.http | → GET /api/jobs
2026-05-05 10:57:03 | INFO     | hermes.http | ← GET /api/jobs 200 8.1ms
2026-05-05 10:57:04 | INFO     | hermes.http | → GET /api/configs/models
2026-05-05 10:57:04 | INFO     | hermes.http | ← GET /api/configs/models 200 4.6ms
2026-05-05 11:01:58 | INFO     | hermes | 日志文件：/Volumes/d/hermes/backend/storage/logs/hermes.log（级别 INFO）
2026-05-05 11:01:58 | INFO     | hermes | 日志文件：/Volumes/d/hermes/backend/storage/logs/hermes.log（级别 INFO）
2026-05-05 11:02:55 | INFO     | hermes | 日志文件：/Volumes/d/hermes/backend/storage/logs/hermes.log（级别 INFO）
2026-05-05 11:02:56 | INFO     | hermes | 日志文件：/Volumes/d/hermes/backend/storage/logs/hermes.log（级别 INFO）
2026-05-05 11:02:57 | INFO     | hermes | 日志文件：/Volumes/d/hermes/backend/storage/logs/hermes.log（级别 INFO）
2026-05-05 11:04:10 | INFO     | hermes | 日志文件：/Volumes/d/hermes/backend/storage/logs/hermes.log（级别 INFO）
2026-05-05 11:04:15 | INFO     | hermes | 日志文件：/Volumes/d/hermes/backend/storage/logs/hermes.log（级别 INFO）
2026-05-05 11:05:11 | INFO     | hermes | 日志文件：/Volumes/d/hermes/backend/storage/logs/hermes.log（级别 INFO）
2026-05-05 11:05:13 | INFO     | hermes | 日志文件：/Volumes/d/hermes/backend/storage/logs/hermes.log（级别 INFO）
2026-05-05 11:05:21 | INFO     | hermes | 日志文件：/Volumes/d/hermes/backend/storage/logs/hermes.log（级别 INFO）
2026-05-05 11:06:20 | INFO     | hermes | 日志文件：/Volumes/d/hermes/backend/storage/logs/hermes.log（级别 INFO）
2026-05-05 11:06:21 | INFO     | hermes | 日志文件：/Volumes/d/hermes/backend/storage/logs/hermes.log（级别 INFO）
2026-05-05 11:06:27 | INFO     | hermes | 日志文件：/Volumes/d/hermes/backend/storage/logs/hermes.log（级别 INFO）
2026-05-05 11:06:28 | INFO     | hermes | 日志文件：/Volumes/d/hermes/backend/storage/logs/hermes.log（级别 INFO）
2026-05-05 11:20:51 | INFO     | hermes.http | → GET /config
2026-05-05 11:20:51 | INFO     | hermes.http | ← GET /config 200 10.0ms
2026-05-05 11:20:51 | INFO     | hermes.http | → GET /assets/index-JHiHVVfW.js
2026-05-05 11:20:51 | INFO     | hermes.http | → GET /assets/index-Bb4nj_RA.css
2026-05-05 11:20:51 | INFO     | hermes.http | ← GET /assets/index-JHiHVVfW.js 200 13.0ms
2026-05-05 11:20:51 | INFO     | hermes.http | ← GET /assets/index-Bb4nj_RA.css 200 11.3ms
2026-05-05 11:20:51 | INFO     | hermes.http | → GET /api/configs/models
2026-05-05 11:20:51 | INFO     | hermes.http | ← GET /api/configs/models 200 22.3ms
2026-05-05 11:21:17 | INFO     | hermes.http | → GET /api/jobs
2026-05-05 11:21:17 | INFO     | hermes.http | ← GET /api/jobs 200 95.0ms
2026-05-05 11:21:21 | INFO     | hermes.http | → GET /api/jobs
2026-05-05 11:21:21 | INFO     | hermes.http | ← GET /api/jobs 200 4.7ms
2026-05-05 11:21:25 | INFO     | hermes.http | → GET /api/jobs
2026-05-05 11:21:25 | INFO     | hermes.http | ← GET /api/jobs 200 12.8ms
2026-05-05 11:21:29 | INFO     | hermes.http | → GET /api/jobs
2026-05-05 11:21:29 | INFO     | hermes.http | ← GET /api/jobs 200 11.6ms
2026-05-05 11:21:33 | INFO     | hermes.http | → GET /api/jobs
2026-05-05 11:21:33 | INFO     | hermes.http | ← GET /api/jobs 200 8.1ms
2026-05-05 11:21:37 | INFO     | hermes.http | → GET /api/jobs
2026-05-05 11:21:37 | INFO     | hermes.http | ← GET /api/jobs 200 15.2ms
2026-05-05 11:21:41 | INFO     | hermes.http | → GET /api/jobs
2026-05-05 11:21:41 | INFO     | hermes.http | ← GET /api/jobs 200 3.9ms
2026-05-05 11:21:45 | INFO     | hermes.http | → GET /api/jobs
2026-05-05 11:21:45 | INFO     | hermes.http | ← GET /api/jobs 200 5.6ms
2026-05-05 11:21:49 | INFO     | hermes.http | → GET /api/jobs
2026-05-05 11:21:49 | INFO     | hermes.http | ← GET /api/jobs 200 14.9ms
2026-05-05 11:21:53 | INFO     | hermes.http | → GET /api/jobs
2026-05-05 11:21:53 | INFO     | hermes.http | ← GET /api/jobs 200 7.7ms
2026-05-05 11:21:57 | INFO     | hermes.http | → GET /api/jobs
2026-05-05 11:21:57 | INFO     | hermes.http | ← GET /api/jobs 200 18.5ms
2026-05-05 11:22:01 | INFO     | hermes.http | → GET /api/jobs
2026-05-05 11:22:01 | INFO     | hermes.http | ← GET /api/jobs 200 12.7ms
2026-05-05 11:22:05 | INFO     | hermes.http | → GET /api/jobs
2026-05-05 11:22:05 | INFO     | hermes.http | ← GET /api/jobs 200 19.6ms
2026-05-05 11:22:09 | INFO     | hermes.http | → GET /api/jobs
2026-05-05 11:22:09 | INFO     | hermes.http | ← GET /api/jobs 200 7.4ms
2026-05-05 11:22:13 | INFO     | hermes.http | → GET /api/jobs
2026-05-05 11:22:13 | INFO     | hermes.http | ← GET /api/jobs 200 8.7ms
2026-05-05 11:22:21 | INFO     | hermes.http | → GET /api/videos
2026-05-05 11:22:21 | INFO     | hermes.http | ← GET /api/videos 200 14.2ms
2026-05-05 11:22:21 | INFO     | hermes.http | → GET /api/assets/shots
2026-05-05 11:22:21 | INFO     | hermes.http | → GET /api/assets/timelines
2026-05-05 11:22:21 | INFO     | hermes.http | → GET /api/videos/5f150c66-1f65-45ca-a216-ce649ffa84bb/characters
2026-05-05 11:22:21 | INFO     | hermes.http | ← GET /api/assets/shots 200 33.9ms
2026-05-05 11:22:21 | INFO     | hermes.http | ← GET /api/assets/timelines 200 35.9ms
2026-05-05 11:22:21 | INFO     | hermes.http | ← GET /api/videos/5f150c66-1f65-45ca-a216-ce649ffa84bb/characters 200 36.4ms
2026-05-05 11:24:10 | INFO     | hermes.http | → PATCH /api/videos/5f150c66-1f65-45ca-a216-ce649ffa84bb/characters/4e704262-510d-48f4-9f7d-2949144cabec
2026-05-05 11:24:10 | INFO     | hermes.http | ← PATCH /api/videos/5f150c66-1f65-45ca-a216-ce649ffa84bb/characters/4e704262-510d-48f4-9f7d-2949144cabec 200 32.8ms
2026-05-05 11:25:42 | INFO     | hermes.http | → POST /api/videos/5f150c66-1f65-45ca-a216-ce649ffa84bb/characters/1c178286-7ae6-42f7-962c-0bca2ee2b1e0/upload-sheet
2026-05-05 11:25:42 | INFO     | hermes.http | ← POST /api/videos/5f150c66-1f65-45ca-a216-ce649ffa84bb/characters/1c178286-7ae6-42f7-962c-0bca2ee2b1e0/upload-sheet 200 69.4ms
2026-05-05 11:25:43 | INFO     | hermes.http | → PATCH /api/videos/5f150c66-1f65-45ca-a216-ce649ffa84bb/characters/1c178286-7ae6-42f7-962c-0bca2ee2b1e0
2026-05-05 11:25:43 | INFO     | hermes.http | ← PATCH /api/videos/5f150c66-1f65-45ca-a216-ce649ffa84bb/characters/1c178286-7ae6-42f7-962c-0bca2ee2b1e0 200 3.1ms
2026-05-05 11:27:21 | INFO     | hermes.http | → GET /api/configs/models
2026-05-05 11:27:22 | INFO     | hermes.http | ← GET /api/configs/models 200 45.5ms
2026-05-05 11:39:26 | INFO     | hermes | 日志文件：/Volumes/d/hermes/backend/storage/logs/hermes.log（级别 INFO）
2026-05-05 11:39:26 | ERROR    | hermes | seed 失败，将以空数据启动
Traceback (most recent call last):
  File "/Volumes/d/hermes/.venv/lib/python3.9/site-packages/sqlalchemy/engine/base.py", line 1967, in _exec_single_context
    self.dialect.do_execute(
  File "/Volumes/d/hermes/.venv/lib/python3.9/site-packages/sqlalchemy/engine/default.py", line 941, in do_execute
    cursor.execute(statement, parameters)
sqlite3.OperationalError: no such column: model_configs.priority

The above exception was the direct cause of the following exception:

Traceback (most recent call last):
  File "/Volumes/d/hermes/backend/app/main.py", line 63, in create_app
    seed()
  File "/Volumes/d/hermes/backend/app/seed.py", line 131, in seed
    ensure_default_model_configs(db)
  File "/Volumes/d/hermes/backend/app/seed.py", line 135, in ensure_default_model_configs
    if db.query(models.ModelConfig).count() > 0:
  File "/Volumes/d/hermes/.venv/lib/python3.9/site-packages/sqlalchemy/orm/query.py", line 3113, in count
    self._legacy_from_self(col).enable_eagerloads(False).scalar()
  File "/Volumes/d/hermes/.venv/lib/python3.9/site-packages/sqlalchemy/orm/query.py", line 2805, in scalar
    ret = self.one()
  File "/Volumes/d/hermes/.venv/lib/python3.9/site-packages/sqlalchemy/orm/query.py", line 2778, in one
    return self._iter().one()  # type: ignore
  File "/Volumes/d/hermes/.venv/lib/python3.9/site-packages/sqlalchemy/orm/query.py", line 2827, in _iter
    result: Union[ScalarResult[_T], Result[_T]] = self.session.execute(
  File "/Volumes/d/hermes/.venv/lib/python3.9/site-packages/sqlalchemy/orm/session.py", line 2362, in execute
    return self._execute_internal(
  File "/Volumes/d/hermes/.venv/lib/python3.9/site-packages/sqlalchemy/orm/session.py", line 2247, in _execute_internal
    result: Result[Any] = compile_state_cls.orm_execute_statement(
  File "/Volumes/d/hermes/.venv/lib/python3.9/site-packages/sqlalchemy/orm/context.py", line 305, in orm_execute_statement
    result = conn.execute(
  File "/Volumes/d/hermes/.venv/lib/python3.9/site-packages/sqlalchemy/engine/base.py", line 1418, in execute
    return meth(
  File "/Volumes/d/hermes/.venv/lib/python3.9/site-packages/sqlalchemy/sql/elements.py", line 515, in _execute_on_connection
    return connection._execute_clauseelement(
  File "/Volumes/d/hermes/.venv/lib/python3.9/site-packages/sqlalchemy/engine/base.py", line 1640, in _execute_clauseelement
    ret = self._execute_context(
  File "/Volumes/d/hermes/.venv/lib/python3.9/site-packages/sqlalchemy/engine/base.py", line 1846, in _execute_context
    return self._exec_single_context(
  File "/Volumes/d/hermes/.venv/lib/python3.9/site-packages/sqlalchemy/engine/base.py", line 1986, in _exec_single_context
    self._handle_dbapi_exception(
  File "/Volumes/d/hermes/.venv/lib/python3.9/site-packages/sqlalchemy/engine/base.py", line 2355, in _handle_dbapi_exception
    raise sqlalchemy_exception.with_traceback(exc_info[2]) from e
  File "/Volumes/d/hermes/.venv/lib/python3.9/site-packages/sqlalchemy/engine/base.py", line 1967, in _exec_single_context
    self.dialect.do_execute(
  File "/Volumes/d/hermes/.venv/lib/python3.9/site-packages/sqlalchemy/engine/default.py", line 941, in do_execute
    cursor.execute(statement, parameters)
sqlalchemy.exc.OperationalError: (sqlite3.OperationalError) no such column: model_configs.priority
[SQL: SELECT count(*) AS count_1 
FROM (SELECT model_configs.id AS model_configs_id, model_configs.kind AS model_configs_kind, model_configs.profile AS model_configs_profile, model_configs.name AS model_configs_name, model_configs.provider AS model_configs_provider, model_configs.model AS model_configs_model, model_configs.base_url AS model_configs_base_url, model_configs.api_key_alias AS model_configs_api_key_alias, model_configs.params AS model_configs_params, model_configs.is_default AS model_configs_is_default, model_configs.enabled AS model_configs_enabled, model_configs.priority AS model_configs_priority, model_configs.created_at AS model_configs_created_at 
FROM model_configs) AS anon_1]
(Background on this error at: https://sqlalche.me/e/20/e3q8)
2026-05-05 11:39:26 | INFO     | hermes | 日志文件：/Volumes/d/hermes/backend/storage/logs/hermes.log（级别 INFO）
2026-05-05 11:39:26 | ERROR    | hermes | seed 失败，将以空数据启动
Traceback (most recent call last):
  File "/Volumes/d/hermes/.venv/lib/python3.9/site-packages/sqlalchemy/engine/base.py", line 1967, in _exec_single_context
    self.dialect.do_execute(
  File "/Volumes/d/hermes/.venv/lib/python3.9/site-packages/sqlalchemy/engine/default.py", line 941, in do_execute
    cursor.execute(statement, parameters)
sqlite3.OperationalError: no such column: model_configs.priority

The above exception was the direct cause of the following exception:

Traceback (most recent call last):
  File "/Volumes/d/hermes/backend/app/main.py", line 63, in create_app
    seed()
  File "/Volumes/d/hermes/backend/app/seed.py", line 131, in seed
    ensure_default_model_configs(db)
  File "/Volumes/d/hermes/backend/app/seed.py", line 135, in ensure_default_model_configs
    if db.query(models.ModelConfig).count() > 0:
  File "/Volumes/d/hermes/.venv/lib/python3.9/site-packages/sqlalchemy/orm/query.py", line 3113, in count
    self._legacy_from_self(col).enable_eagerloads(False).scalar()
  File "/Volumes/d/hermes/.venv/lib/python3.9/site-packages/sqlalchemy/orm/query.py", line 2805, in scalar
    ret = self.one()
  File "/Volumes/d/hermes/.venv/lib/python3.9/site-packages/sqlalchemy/orm/query.py", line 2778, in one
    return self._iter().one()  # type: ignore
  File "/Volumes/d/hermes/.venv/lib/python3.9/site-packages/sqlalchemy/orm/query.py", line 2827, in _iter
    result: Union[ScalarResult[_T], Result[_T]] = self.session.execute(
  File "/Volumes/d/hermes/.venv/lib/python3.9/site-packages/sqlalchemy/orm/session.py", line 2362, in execute
    return self._execute_internal(
  File "/Volumes/d/hermes/.venv/lib/python3.9/site-packages/sqlalchemy/orm/session.py", line 2247, in _execute_internal
    result: Result[Any] = compile_state_cls.orm_execute_statement(
  File "/Volumes/d/hermes/.venv/lib/python3.9/site-packages/sqlalchemy/orm/context.py", line 305, in orm_execute_statement
    result = conn.execute(
  File "/Volumes/d/hermes/.venv/lib/python3.9/site-packages/sqlalchemy/engine/base.py", line 1418, in execute
    return meth(
  File "/Volumes/d/hermes/.venv/lib/python3.9/site-packages/sqlalchemy/sql/elements.py", line 515, in _execute_on_connection
    return connection._execute_clauseelement(
  File "/Volumes/d/hermes/.venv/lib/python3.9/site-packages/sqlalchemy/engine/base.py", line 1640, in _execute_clauseelement
    ret = self._execute_context(
  File "/Volumes/d/hermes/.venv/lib/python3.9/site-packages/sqlalchemy/engine/base.py", line 1846, in _execute_context
    return self._exec_single_context(
  File "/Volumes/d/hermes/.venv/lib/python3.9/site-packages/sqlalchemy/engine/base.py", line 1986, in _exec_single_context
    self._handle_dbapi_exception(
  File "/Volumes/d/hermes/.venv/lib/python3.9/site-packages/sqlalchemy/engine/base.py", line 2355, in _handle_dbapi_exception
    raise sqlalchemy_exception.with_traceback(exc_info[2]) from e
  File "/Volumes/d/hermes/.venv/lib/python3.9/site-packages/sqlalchemy/engine/base.py", line 1967, in _exec_single_context
    self.dialect.do_execute(
  File "/Volumes/d/hermes/.venv/lib/python3.9/site-packages/sqlalchemy/engine/default.py", line 941, in do_execute
    cursor.execute(statement, parameters)
sqlalchemy.exc.OperationalError: (sqlite3.OperationalError) no such column: model_configs.priority
[SQL: SELECT count(*) AS count_1 
FROM (SELECT model_configs.id AS model_configs_id, model_configs.kind AS model_configs_kind, model_configs.profile AS model_configs_profile, model_configs.name AS model_configs_name, model_configs.provider AS model_configs_provider, model_configs.model AS model_configs_model, model_configs.base_url AS model_configs_base_url, model_configs.api_key_alias AS model_configs_api_key_alias, model_configs.params AS model_configs_params, model_configs.is_default AS model_configs_is_default, model_configs.enabled AS model_configs_enabled, model_configs.priority AS model_configs_priority, model_configs.created_at AS model_configs_created_at 
FROM model_configs) AS anon_1]
(Background on this error at: https://sqlalche.me/e/20/e3q8)
2026-05-05 11:39:27 | INFO     | hermes | 日志文件：/Volumes/d/hermes/backend/storage/logs/hermes.log（级别 INFO）
2026-05-05 11:39:28 | INFO     | hermes | 日志文件：/Volumes/d/hermes/backend/storage/logs/hermes.log（级别 INFO）
2026-05-05 11:39:29 | INFO     | hermes | 日志文件：/Volumes/d/hermes/backend/storage/logs/hermes.log（级别 INFO）
2026-05-05 11:39:30 | INFO     | hermes | 日志文件：/Volumes/d/hermes/backend/storage/logs/hermes.log（级别 INFO）
2026-05-05 11:39:36 | INFO     | hermes | 日志文件：/Volumes/d/hermes/backend/storage/logs/hermes.log（级别 INFO）
2026-05-05 11:39:37 | INFO     | hermes | 日志文件：/Volumes/d/hermes/backend/storage/logs/hermes.log（级别 INFO）
2026-05-05 11:39:38 | INFO     | hermes | 日志文件：/Volumes/d/hermes/backend/storage/logs/hermes.log（级别 INFO）
2026-05-05 11:39:39 | INFO     | hermes | 日志文件：/Volumes/d/hermes/backend/storage/logs/hermes.log（级别 INFO）
2026-05-05 11:39:42 | INFO     | hermes | 日志文件：/Volumes/d/hermes/backend/storage/logs/hermes.log（级别 INFO）
2026-05-05 11:39:52 | INFO     | hermes | 日志文件：/Volumes/d/hermes/backend/storage/logs/hermes.log（级别 INFO）
2026-05-05 11:39:52 | INFO     | hermes | 日志文件：/Volumes/d/hermes/backend/storage/logs/hermes.log（级别 INFO）
2026-05-05 11:51:59 | INFO     | hermes.http | → GET /config
2026-05-05 11:51:59 | INFO     | hermes.http | ← GET /config 200 10.9ms
2026-05-05 11:51:59 | INFO     | hermes.http | → GET /assets/index-Cbz5dPsh.js
2026-05-05 11:51:59 | INFO     | hermes.http | → GET /assets/index-EDk4ZSPO.css
2026-05-05 11:51:59 | INFO     | hermes.http | ← GET /assets/index-Cbz5dPsh.js 200 16.9ms
2026-05-05 11:51:59 | INFO     | hermes.http | ← GET /assets/index-EDk4ZSPO.css 200 4.6ms
2026-05-05 11:52:00 | INFO     | hermes.http | → GET /api/configs/models
2026-05-05 11:52:00 | INFO     | hermes.http | ← GET /api/configs/models 200 21.5ms
2026-05-05 11:52:08 | INFO     | hermes.http | → GET /api/jobs
2026-05-05 11:52:08 | INFO     | hermes.http | ← GET /api/jobs 200 158.4ms
2026-05-05 11:52:12 | INFO     | hermes.http | → GET /api/jobs
2026-05-05 11:52:12 | INFO     | hermes.http | ← GET /api/jobs 200 10.6ms
2026-05-05 11:52:16 | INFO     | hermes.http | → GET /api/jobs
2026-05-05 11:52:16 | INFO     | hermes.http | ← GET /api/jobs 200 14.5ms
2026-05-05 11:52:20 | INFO     | hermes.http | → GET /api/jobs
2026-05-05 11:52:20 | INFO     | hermes.http | ← GET /api/jobs 200 6.5ms
2026-05-05 11:52:22 | INFO     | hermes.http | → GET /api/videos
2026-05-05 11:52:22 | INFO     | hermes.http | ← GET /api/videos 200 5.1ms
2026-05-05 11:52:22 | INFO     | hermes.http | → GET /api/assets/shots
2026-05-05 11:52:22 | INFO     | hermes.http | → GET /api/assets/timelines
2026-05-05 11:52:22 | INFO     | hermes.http | → GET /api/videos/5f150c66-1f65-45ca-a216-ce649ffa84bb/characters
2026-05-05 11:52:22 | INFO     | hermes.http | ← GET /api/assets/shots 200 22.2ms
2026-05-05 11:52:22 | INFO     | hermes.http | ← GET /api/assets/timelines 200 23.9ms
2026-05-05 11:52:22 | INFO     | hermes.http | ← GET /api/videos/5f150c66-1f65-45ca-a216-ce649ffa84bb/characters 200 25.5ms
2026-05-05 11:52:27 | INFO     | hermes.http | → GET /api/timelines/2a905e0c-ad8a-4d1e-866d-2da4dd9c72f9/manifest
2026-05-05 11:52:27 | INFO     | hermes.http | ← GET /api/timelines/2a905e0c-ad8a-4d1e-866d-2da4dd9c72f9/manifest 200 13.9ms
2026-05-05 11:53:25 | INFO     | hermes.http | → GET /api/timelines/2a905e0c-ad8a-4d1e-866d-2da4dd9c72f9/manifest
2026-05-05 11:53:25 | INFO     | hermes.http | ← GET /api/timelines/2a905e0c-ad8a-4d1e-866d-2da4dd9c72f9/manifest 200 59.6ms
2026-05-05 11:53:58 | INFO     | hermes.http | → GET /api/jobs
2026-05-05 11:53:58 | INFO     | hermes.http | → GET /favicon.ico
2026-05-05 11:53:58 | INFO     | hermes.http | ← GET /favicon.ico 200 22.8ms
2026-05-05 11:53:58 | INFO     | hermes.http | ← GET /api/jobs 200 54.5ms
2026-05-05 11:53:59 | INFO     | hermes.http | → GET /api/configs/models
2026-05-05 11:53:59 | INFO     | hermes.http | ← GET /api/configs/models 200 5.1ms
2026-05-05 11:54:16 | INFO     | hermes.http | → GET /api/jobs
2026-05-05 11:54:16 | INFO     | hermes.http | → GET /favicon.ico
2026-05-05 11:54:16 | INFO     | hermes.http | ← GET /favicon.ico 200 2.3ms
2026-05-05 11:54:16 | INFO     | hermes.http | ← GET /api/jobs 200 15.3ms
2026-05-05 11:54:20 | INFO     | hermes.http | → GET /api/jobs
2026-05-05 11:54:20 | INFO     | hermes.http | ← GET /api/jobs 200 16.0ms
2026-05-05 11:54:24 | INFO     | hermes.http | → GET /api/jobs
2026-05-05 11:54:24 | INFO     | hermes.http | ← GET /api/jobs 200 13.7ms
2026-05-05 11:54:28 | INFO     | hermes.http | → GET /api/jobs
2026-05-05 11:54:28 | INFO     | hermes.http | ← GET /api/jobs 200 14.4ms
2026-05-05 11:54:32 | INFO     | hermes.http | → GET /api/jobs
2026-05-05 11:54:32 | INFO     | hermes.http | ← GET /api/jobs 200 8.9ms
2026-05-05 11:54:36 | INFO     | hermes.http | → GET /api/jobs
2026-05-05 11:54:36 | INFO     | hermes.http | ← GET /api/jobs 200 6.3ms
2026-05-05 11:54:40 | INFO     | hermes.http | → GET /api/jobs
2026-05-05 11:54:40 | INFO     | hermes.http | ← GET /api/jobs 200 13.0ms
2026-05-05 11:54:44 | INFO     | hermes.http | → GET /api/jobs
2026-05-05 11:54:44 | INFO     | hermes.http | ← GET /api/jobs 200 17.4ms
2026-05-05 11:54:48 | INFO     | hermes.http | → GET /api/jobs
2026-05-05 11:54:48 | INFO     | hermes.http | ← GET /api/jobs 200 8.8ms
2026-05-05 11:54:52 | INFO     | hermes.http | → GET /api/jobs
2026-05-05 11:54:52 | INFO     | hermes.http | ← GET /api/jobs 200 7.9ms
2026-05-05 11:54:56 | INFO     | hermes.http | → GET /api/jobs
2026-05-05 11:54:56 | INFO     | hermes.http | ← GET /api/jobs 200 12.8ms
2026-05-05 11:55:00 | INFO     | hermes.http | → GET /api/jobs
2026-05-05 11:55:00 | INFO     | hermes.http | ← GET /api/jobs 200 14.2ms
2026-05-05 11:55:04 | INFO     | hermes.http | → GET /api/jobs
2026-05-05 11:55:04 | INFO     | hermes.http | ← GET /api/jobs 200 13.3ms
2026-05-05 11:55:08 | INFO     | hermes.http | → GET /api/jobs
2026-05-05 11:55:08 | INFO     | hermes.http | ← GET /api/jobs 200 7.9ms
2026-05-05 11:55:12 | INFO     | hermes.http | → GET /api/jobs
2026-05-05 11:55:12 | INFO     | hermes.http | ← GET /api/jobs 200 12.2ms
2026-05-05 11:55:16 | INFO     | hermes.http | → GET /api/jobs
2026-05-05 11:55:16 | INFO     | hermes.http | ← GET /api/jobs 200 5.6ms
2026-05-05 11:55:20 | INFO     | hermes.http | → GET /api/jobs
2026-05-05 11:55:20 | INFO     | hermes.http | ← GET /api/jobs 200 3.6ms
2026-05-05 11:55:24 | INFO     | hermes.http | → GET /api/jobs
2026-05-05 11:55:24 | INFO     | hermes.http | ← GET /api/jobs 200 13.0ms
2026-05-05 11:55:28 | INFO     | hermes.http | → GET /api/jobs
2026-05-05 11:55:28 | INFO     | hermes.http | ← GET /api/jobs 200 11.8ms
2026-05-05 11:55:32 | INFO     | hermes.http | → GET /api/jobs
2026-05-05 11:55:32 | INFO     | hermes.http | ← GET /api/jobs 200 83.7ms
2026-05-05 11:55:36 | INFO     | hermes.http | → GET /api/jobs
2026-05-05 11:55:36 | INFO     | hermes.http | ← GET /api/jobs 200 23.1ms
2026-05-05 11:55:40 | INFO     | hermes.http | → GET /api/jobs
2026-05-05 11:55:40 | INFO     | hermes.http | ← GET /api/jobs 200 10.7ms
2026-05-05 11:55:44 | INFO     | hermes.http | → GET /api/jobs
2026-05-05 11:55:44 | INFO     | hermes.http | ← GET /api/jobs 200 11.5ms
2026-05-05 11:55:48 | INFO     | hermes.http | → GET /api/jobs
2026-05-05 11:55:48 | INFO     | hermes.http | ← GET /api/jobs 200 14.9ms
2026-05-05 11:55:52 | INFO     | hermes.http | → GET /api/jobs
2026-05-05 11:55:52 | INFO     | hermes.http | ← GET /api/jobs 200 7.7ms
2026-05-05 11:55:56 | INFO     | hermes.http | → GET /api/jobs
2026-05-05 11:55:56 | INFO     | hermes.http | ← GET /api/jobs 200 9.8ms
2026-05-05 11:56:00 | INFO     | hermes.http | → GET /api/jobs
2026-05-05 11:56:00 | INFO     | hermes.http | ← GET /api/jobs 200 10.8ms
2026-05-05 11:56:04 | INFO     | hermes.http | → GET /api/jobs
2026-05-05 11:56:04 | INFO     | hermes.http | ← GET /api/jobs 200 10.7ms
2026-05-05 11:56:08 | INFO     | hermes.http | → GET /api/jobs
2026-05-05 11:56:08 | INFO     | hermes.http | ← GET /api/jobs 200 6.5ms
2026-05-05 11:56:12 | INFO     | hermes.http | → GET /api/jobs
2026-05-05 11:56:12 | INFO     | hermes.http | ← GET /api/jobs 200 71.5ms
2026-05-05 11:56:16 | INFO     | hermes.http | → GET /api/jobs
2026-05-05 11:56:16 | INFO     | hermes.http | ← GET /api/jobs 200 14.9ms
2026-05-05 11:56:20 | INFO     | hermes.http | → GET /api/jobs
2026-05-05 11:56:20 | INFO     | hermes.http | ← GET /api/jobs 200 10.8ms
2026-05-05 11:56:24 | INFO     | hermes.http | → GET /api/jobs
2026-05-05 11:56:24 | INFO     | hermes.http | ← GET /api/jobs 200 9.5ms
2026-05-05 11:56:28 | INFO     | hermes.http | → GET /api/jobs
2026-05-05 11:56:28 | INFO     | hermes.http | ← GET /api/jobs 200 12.8ms
2026-05-05 11:56:32 | INFO     | hermes.http | → GET /api/jobs
2026-05-05 11:56:32 | INFO     | hermes.http | ← GET /api/jobs 200 14.9ms
2026-05-05 11:56:36 | INFO     | hermes.http | → GET /api/jobs
2026-05-05 11:56:36 | INFO     | hermes.http | ← GET /api/jobs 200 14.0ms
2026-05-05 11:56:40 | INFO     | hermes.http | → GET /api/jobs
2026-05-05 11:56:40 | INFO     | hermes.http | ← GET /api/jobs 200 11.4ms
2026-05-05 11:56:44 | INFO     | hermes.http | → GET /api/jobs
2026-05-05 11:56:44 | INFO     | hermes.http | ← GET /api/jobs 200 6.5ms
2026-05-05 11:56:48 | INFO     | hermes.http | → GET /api/jobs
2026-05-05 11:56:48 | INFO     | hermes.http | ← GET /api/jobs 200 18.9ms
2026-05-05 11:56:52 | INFO     | hermes.http | → GET /api/jobs
2026-05-05 11:56:52 | INFO     | hermes.http | ← GET /api/jobs 200 3.4ms
2026-05-05 11:56:56 | INFO     | hermes.http | → GET /api/jobs
2026-05-05 11:56:56 | INFO     | hermes.http | ← GET /api/jobs 200 7.1ms
2026-05-05 11:57:00 | INFO     | hermes.http | → GET /api/jobs
2026-05-05 11:57:00 | INFO     | hermes.http | ← GET /api/jobs 200 3.5ms
2026-05-05 11:57:04 | INFO     | hermes.http | → GET /api/jobs
2026-05-05 11:57:04 | INFO     | hermes.http | ← GET /api/jobs 200 13.2ms
2026-05-05 11:57:08 | INFO     | hermes.http | → GET /api/jobs
2026-05-05 11:57:08 | INFO     | hermes.http | ← GET /api/jobs 200 6.0ms
2026-05-05 11:57:12 | INFO     | hermes.http | → GET /api/jobs
2026-05-05 11:57:12 | INFO     | hermes.http | ← GET /api/jobs 200 6.9ms
2026-05-05 11:57:16 | INFO     | hermes.http | → GET /api/jobs
2026-05-05 11:57:16 | INFO     | hermes.http | ← GET /api/jobs 200 8.6ms
2026-05-05 11:57:20 | INFO     | hermes.http | → GET /api/jobs
2026-05-05 11:57:20 | INFO     | hermes.http | ← GET /api/jobs 200 11.3ms
2026-05-05 11:57:24 | INFO     | hermes.http | → GET /api/jobs
2026-05-05 11:57:24 | INFO     | hermes.http | ← GET /api/jobs 200 5.3ms
2026-05-05 11:57:28 | INFO     | hermes.http | → GET /api/jobs
2026-05-05 11:57:28 | INFO     | hermes.http | ← GET /api/jobs 200 3.6ms
2026-05-05 11:57:32 | INFO     | hermes.http | → GET /api/jobs
2026-05-05 11:57:32 | INFO     | hermes.http | ← GET /api/jobs 200 5.5ms
2026-05-05 11:57:36 | INFO     | hermes.http | → GET /api/jobs
2026-05-05 11:57:36 | INFO     | hermes.http | ← GET /api/jobs 200 7.0ms
2026-05-05 11:57:39 | INFO     | hermes | 日志文件：/Volumes/d/hermes/backend/storage/logs/hermes.log（级别 INFO）
2026-05-05 11:57:40 | INFO     | hermes.http | → GET /api/jobs
2026-05-05 11:57:40 | INFO     | hermes.http | ← GET /api/jobs 200 8.0ms
2026-05-05 11:57:44 | INFO     | hermes.http | → GET /api/jobs
2026-05-05 11:57:44 | INFO     | hermes.http | ← GET /api/jobs 200 11.9ms
2026-05-05 11:57:48 | INFO     | hermes.http | → GET /api/jobs
2026-05-05 11:57:48 | INFO     | hermes.http | ← GET /api/jobs 200 6.7ms
2026-05-05 11:57:51 | INFO     | hermes | 日志文件：/Volumes/d/hermes/backend/storage/logs/hermes.log（级别 INFO）
2026-05-05 11:57:52 | INFO     | hermes.http | → GET /api/jobs
2026-05-05 11:57:52 | INFO     | hermes.http | ← GET /api/jobs 200 9.6ms
2026-05-05 11:57:56 | INFO     | hermes.http | → GET /api/jobs
2026-05-05 11:57:56 | INFO     | hermes.http | ← GET /api/jobs 200 8.2ms
2026-05-05 11:58:00 | INFO     | hermes.http | → GET /api/jobs
2026-05-05 11:58:00 | INFO     | hermes.http | ← GET /api/jobs 200 3.5ms
2026-05-05 11:58:04 | INFO     | hermes.http | → GET /api/jobs
2026-05-05 11:58:04 | INFO     | hermes.http | ← GET /api/jobs 200 4.7ms
2026-05-05 11:58:08 | INFO     | hermes.http | → GET /api/jobs
2026-05-05 11:58:08 | INFO     | hermes.http | ← GET /api/jobs 200 3.8ms
2026-05-05 11:58:12 | INFO     | hermes.http | → GET /api/jobs
2026-05-05 11:58:12 | INFO     | hermes.http | ← GET /api/jobs 200 16.1ms
2026-05-05 11:58:16 | INFO     | hermes.http | → GET /api/jobs
2026-05-05 11:58:16 | INFO     | hermes.http | ← GET /api/jobs 200 4.0ms
2026-05-05 11:58:20 | INFO     | hermes.http | → GET /api/jobs
2026-05-05 11:58:20 | INFO     | hermes.http | ← GET /api/jobs 200 26.6ms
2026-05-05 11:58:24 | INFO     | hermes.http | → GET /api/jobs
2026-05-05 11:58:24 | INFO     | hermes.http | ← GET /api/jobs 200 12.3ms
2026-05-05 11:58:28 | INFO     | hermes.http | → GET /api/jobs
2026-05-05 11:58:28 | INFO     | hermes.http | ← GET /api/jobs 200 9.2ms
2026-05-05 11:58:32 | INFO     | hermes.http | → GET /api/jobs
2026-05-05 11:58:32 | INFO     | hermes.http | ← GET /api/jobs 200 4.1ms
2026-05-05 11:58:36 | INFO     | hermes.http | → GET /api/jobs
2026-05-05 11:58:36 | INFO     | hermes.http | ← GET /api/jobs 200 14.8ms
2026-05-05 11:58:40 | INFO     | hermes.http | → GET /api/jobs
2026-05-05 11:58:40 | INFO     | hermes.http | ← GET /api/jobs 200 5.8ms
2026-05-05 11:58:44 | INFO     | hermes.http | → GET /api/jobs
2026-05-05 11:58:44 | INFO     | hermes.http | ← GET /api/jobs 200 15.7ms
2026-05-05 11:58:48 | INFO     | hermes.http | → GET /api/jobs
2026-05-05 11:58:48 | INFO     | hermes.http | ← GET /api/jobs 200 28.0ms
2026-05-05 11:58:52 | INFO     | hermes.http | → GET /api/jobs
2026-05-05 11:58:52 | INFO     | hermes.http | ← GET /api/jobs 200 15.1ms
2026-05-05 11:58:56 | INFO     | hermes.http | → GET /api/jobs
2026-05-05 11:58:56 | INFO     | hermes.http | ← GET /api/jobs 200 15.3ms
2026-05-05 11:59:00 | INFO     | hermes.http | → GET /api/jobs
2026-05-05 11:59:00 | INFO     | hermes.http | ← GET /api/jobs 200 14.9ms
2026-05-05 11:59:04 | INFO     | hermes.http | → GET /api/jobs
2026-05-05 11:59:04 | INFO     | hermes.http | ← GET /api/jobs 200 17.5ms
2026-05-05 11:59:08 | INFO     | hermes.http | → GET /api/jobs
2026-05-05 11:59:08 | INFO     | hermes.http | ← GET /api/jobs 200 20.3ms
2026-05-05 11:59:12 | INFO     | hermes.http | → GET /api/jobs
2026-05-05 11:59:12 | INFO     | hermes.http | ← GET /api/jobs 200 17.9ms
2026-05-05 11:59:16 | INFO     | hermes.http | → GET /api/jobs
2026-05-05 11:59:16 | INFO     | hermes.http | ← GET /api/jobs 200 17.3ms
2026-05-05 11:59:20 | INFO     | hermes.http | → GET /api/jobs
2026-05-05 11:59:20 | INFO     | hermes.http | ← GET /api/jobs 200 4.8ms
2026-05-05 11:59:24 | INFO     | hermes.http | → GET /api/jobs
2026-05-05 11:59:24 | INFO     | hermes.http | ← GET /api/jobs 200 11.2ms
2026-05-05 11:59:28 | INFO     | hermes.http | → GET /api/jobs
2026-05-05 11:59:28 | INFO     | hermes.http | ← GET /api/jobs 200 14.4ms
2026-05-05 11:59:32 | INFO     | hermes.http | → GET /api/jobs
2026-05-05 11:59:32 | INFO     | hermes.http | ← GET /api/jobs 200 13.8ms
2026-05-05 11:59:36 | INFO     | hermes.http | → GET /api/jobs
2026-05-05 11:59:36 | INFO     | hermes.http | ← GET /api/jobs 200 12.4ms
2026-05-05 11:59:40 | INFO     | hermes.http | → GET /api/jobs
2026-05-05 11:59:40 | INFO     | hermes.http | ← GET /api/jobs 200 9.6ms
2026-05-05 11:59:44 | INFO     | hermes.http | → GET /api/jobs
2026-05-05 11:59:44 | INFO     | hermes.http | ← GET /api/jobs 200 7.7ms
2026-05-05 11:59:48 | INFO     | hermes.http | → GET /api/jobs
2026-05-05 11:59:48 | INFO     | hermes.http | ← GET /api/jobs 200 17.4ms
2026-05-05 11:59:52 | INFO     | hermes.http | → GET /api/jobs
2026-05-05 11:59:52 | INFO     | hermes.http | ← GET /api/jobs 200 12.9ms
2026-05-05 11:59:56 | INFO     | hermes.http | → GET /api/jobs
2026-05-05 11:59:56 | INFO     | hermes.http | ← GET /api/jobs 200 16.3ms
2026-05-05 12:00:00 | INFO     | hermes.http | → GET /api/jobs
2026-05-05 12:00:00 | INFO     | hermes.http | ← GET /api/jobs 200 8.9ms
2026-05-05 12:00:04 | INFO     | hermes.http | → GET /api/jobs
2026-05-05 12:00:04 | INFO     | hermes.http | ← GET /api/jobs 200 13.1ms
2026-05-05 12:00:08 | INFO     | hermes.http | → GET /api/jobs
2026-05-05 12:00:08 | INFO     | hermes.http | ← GET /api/jobs 200 14.2ms
2026-05-05 12:00:12 | INFO     | hermes.http | → GET /api/jobs
2026-05-05 12:00:12 | INFO     | hermes.http | ← GET /api/jobs 200 14.7ms
2026-05-05 12:00:16 | INFO     | hermes.http | → GET /api/jobs
2026-05-05 12:00:16 | INFO     | hermes.http | ← GET /api/jobs 200 14.6ms
2026-05-05 12:00:20 | INFO     | hermes.http | → GET /api/jobs
2026-05-05 12:00:20 | INFO     | hermes.http | ← GET /api/jobs 200 6.9ms
2026-05-05 12:00:24 | INFO     | hermes.http | → GET /api/jobs
2026-05-05 12:00:24 | INFO     | hermes.http | ← GET /api/jobs 200 9.2ms
2026-05-05 12:00:28 | INFO     | hermes.http | → GET /api/jobs
2026-05-05 12:00:28 | INFO     | hermes.http | ← GET /api/jobs 200 17.6ms
2026-05-05 12:00:32 | INFO     | hermes.http | → GET /api/jobs
2026-05-05 12:00:32 | INFO     | hermes.http | ← GET /api/jobs 200 14.2ms
2026-05-05 12:00:36 | INFO     | hermes.http | → GET /api/jobs
2026-05-05 12:00:36 | INFO     | hermes.http | ← GET /api/jobs 200 16.4ms
2026-05-05 12:00:40 | INFO     | hermes.http | → GET /api/jobs
2026-05-05 12:00:40 | INFO     | hermes.http | ← GET /api/jobs 200 3.8ms
2026-05-05 12:00:44 | INFO     | hermes.http | → GET /api/jobs
2026-05-05 12:00:44 | INFO     | hermes.http | ← GET /api/jobs 200 4.0ms
2026-05-05 12:00:48 | INFO     | hermes.http | → GET /api/jobs
2026-05-05 12:00:48 | INFO     | hermes.http | ← GET /api/jobs 200 3.8ms
2026-05-05 12:00:52 | INFO     | hermes.http | → GET /api/jobs
2026-05-05 12:00:52 | INFO     | hermes.http | ← GET /api/jobs 200 64.5ms
2026-05-05 12:00:56 | INFO     | hermes.http | → GET /api/jobs
2026-05-05 12:00:56 | INFO     | hermes.http | ← GET /api/jobs 200 23.7ms
2026-05-05 12:01:00 | INFO     | hermes.http | → GET /api/jobs
2026-05-05 12:01:00 | INFO     | hermes.http | ← GET /api/jobs 200 3.9ms
2026-05-05 12:01:04 | INFO     | hermes.http | → GET /api/jobs
2026-05-05 12:01:04 | INFO     | hermes.http | ← GET /api/jobs 200 6.5ms
2026-05-05 12:01:08 | INFO     | hermes.http | → GET /api/jobs
2026-05-05 12:01:08 | INFO     | hermes.http | ← GET /api/jobs 200 7.3ms
2026-05-05 12:01:12 | INFO     | hermes.http | → GET /api/jobs
2026-05-05 12:01:12 | INFO     | hermes.http | ← GET /api/jobs 200 15.0ms
2026-05-05 12:01:16 | INFO     | hermes.http | → GET /api/jobs
2026-05-05 12:01:16 | INFO     | hermes.http | ← GET /api/jobs 200 15.5ms
2026-05-05 12:01:20 | INFO     | hermes.http | → GET /api/jobs
2026-05-05 12:01:20 | INFO     | hermes.http | ← GET /api/jobs 200 11.6ms
2026-05-05 12:01:24 | INFO     | hermes.http | → GET /api/jobs
2026-05-05 12:01:24 | INFO     | hermes.http | ← GET /api/jobs 200 5.7ms
2026-05-05 12:01:28 | INFO     | hermes.http | → GET /api/jobs
2026-05-05 12:01:28 | INFO     | hermes.http | ← GET /api/jobs 200 16.3ms
2026-05-05 12:01:32 | INFO     | hermes.http | → GET /api/jobs
2026-05-05 12:01:32 | INFO     | hermes.http | ← GET /api/jobs 200 17.3ms
2026-05-05 12:01:36 | INFO     | hermes.http | → GET /api/jobs
2026-05-05 12:01:36 | INFO     | hermes.http | ← GET /api/jobs 200 15.0ms
2026-05-05 12:01:40 | INFO     | hermes.http | → GET /api/jobs
2026-05-05 12:01:40 | INFO     | hermes.http | ← GET /api/jobs 200 6.2ms
2026-05-05 12:01:44 | INFO     | hermes.http | → GET /api/jobs
2026-05-05 12:01:44 | INFO     | hermes.http | ← GET /api/jobs 200 16.6ms
2026-05-05 12:01:48 | INFO     | hermes.http | → GET /api/jobs
2026-05-05 12:01:48 | INFO     | hermes.http | ← GET /api/jobs 200 25.0ms
2026-05-05 12:01:52 | INFO     | hermes.http | → GET /api/jobs
2026-05-05 12:01:52 | INFO     | hermes.http | ← GET /api/jobs 200 15.6ms
2026-05-05 12:01:56 | INFO     | hermes.http | → GET /api/jobs
2026-05-05 12:01:56 | INFO     | hermes.http | ← GET /api/jobs 200 17.9ms
2026-05-05 12:02:00 | INFO     | hermes.http | → GET /api/jobs
2026-05-05 12:02:00 | INFO     | hermes.http | ← GET /api/jobs 200 5.4ms
2026-05-05 12:02:04 | INFO     | hermes.http | → GET /api/jobs
2026-05-05 12:02:04 | INFO     | hermes.http | ← GET /api/jobs 200 15.1ms
2026-05-05 12:02:08 | INFO     | hermes.http | → GET /api/jobs
2026-05-05 12:02:08 | INFO     | hermes.http | ← GET /api/jobs 200 14.7ms
2026-05-05 12:02:12 | INFO     | hermes.http | → GET /api/jobs
2026-05-05 12:02:12 | INFO     | hermes.http | ← GET /api/jobs 200 15.6ms
2026-05-05 12:02:16 | INFO     | hermes.http | → GET /api/jobs
2026-05-05 12:02:16 | INFO     | hermes.http | ← GET /api/jobs 200 3.9ms
2026-05-05 12:02:20 | INFO     | hermes.http | → GET /api/jobs
2026-05-05 12:02:20 | INFO     | hermes.http | ← GET /api/jobs 200 4.1ms
2026-05-05 12:02:24 | INFO     | hermes.http | → GET /api/jobs
2026-05-05 12:02:24 | INFO     | hermes.http | ← GET /api/jobs 200 9.9ms
2026-05-05 12:02:28 | INFO     | hermes.http | → GET /api/jobs
2026-05-05 12:02:28 | INFO     | hermes.http | ← GET /api/jobs 200 3.7ms
2026-05-05 12:02:32 | INFO     | hermes.http | → GET /api/jobs
2026-05-05 12:02:32 | INFO     | hermes.http | ← GET /api/jobs 200 3.9ms
2026-05-05 12:02:36 | INFO     | hermes.http | → GET /api/jobs
2026-05-05 12:02:36 | INFO     | hermes.http | ← GET /api/jobs 200 3.8ms
2026-05-05 12:02:40 | INFO     | hermes.http | → GET /api/jobs
2026-05-05 12:02:40 | INFO     | hermes.http | ← GET /api/jobs 200 8.9ms
2026-05-05 12:02:44 | INFO     | hermes.http | → GET /api/jobs
2026-05-05 12:02:44 | INFO     | hermes.http | ← GET /api/jobs 200 3.5ms
2026-05-05 12:03:15 | INFO     | hermes | 日志文件：/Volumes/d/hermes/backend/storage/logs/hermes.log（级别 INFO）
2026-05-05 12:03:15 | INFO     | hermes.http | → GET /api/jobs
2026-05-05 12:03:15 | INFO     | hermes.http | ← GET /api/jobs 200 8.3ms
2026-05-05 12:03:15 | INFO     | hermes.http | → GET /api/jobs
2026-05-05 12:03:15 | INFO     | hermes.http | ← GET /api/jobs 200 3.4ms
2026-05-05 12:03:15 | INFO     | hermes.http | → GET /api/jobs
2026-05-05 12:03:15 | INFO     | hermes.http | ← GET /api/jobs 200 3.3ms
2026-05-05 12:03:15 | INFO     | hermes.http | → GET /api/jobs
2026-05-05 12:03:15 | INFO     | hermes.http | ← GET /api/jobs 200 3.2ms
2026-05-05 12:03:15 | INFO     | hermes.http | → GET /api/jobs
2026-05-05 12:03:15 | INFO     | hermes.http | ← GET /api/jobs 200 3.3ms
2026-05-05 12:03:15 | INFO     | hermes.http | → GET /api/jobs
2026-05-05 12:03:15 | INFO     | hermes.http | ← GET /api/jobs 200 3.8ms
2026-05-05 12:03:15 | INFO     | hermes.http | → GET /api/jobs
2026-05-05 12:03:15 | INFO     | hermes.http | ← GET /api/jobs 200 3.3ms
2026-05-05 12:03:16 | INFO     | hermes.http | → GET /api/jobs
2026-05-05 12:03:16 | INFO     | hermes.http | ← GET /api/jobs 200 8.5ms
2026-05-05 12:03:20 | INFO     | hermes.http | → GET /api/jobs
2026-05-05 12:03:20 | INFO     | hermes.http | ← GET /api/jobs 200 7.5ms
2026-05-05 12:03:24 | INFO     | hermes.http | → GET /api/jobs
2026-05-05 12:03:24 | INFO     | hermes.http | ← GET /api/jobs 200 21.6ms
2026-05-05 12:03:28 | INFO     | hermes.http | → GET /api/jobs
2026-05-05 12:03:28 | INFO     | hermes.http | ← GET /api/jobs 200 13.2ms
2026-05-05 12:03:32 | INFO     | hermes.http | → GET /api/jobs
2026-05-05 12:03:32 | INFO     | hermes.http | ← GET /api/jobs 200 12.9ms
2026-05-05 12:03:36 | INFO     | hermes.http | → GET /api/jobs
2026-05-05 12:03:36 | INFO     | hermes.http | ← GET /api/jobs 200 13.7ms
2026-05-05 12:03:40 | INFO     | hermes.http | → GET /api/jobs
2026-05-05 12:03:40 | INFO     | hermes.http | ← GET /api/jobs 200 7.5ms
2026-05-05 12:03:44 | INFO     | hermes.http | → GET /api/jobs
2026-05-05 12:03:44 | INFO     | hermes.http | ← GET /api/jobs 200 12.7ms
2026-05-05 12:03:48 | INFO     | hermes.http | → GET /api/jobs
2026-05-05 12:03:48 | INFO     | hermes.http | ← GET /api/jobs 200 19.8ms
2026-05-05 12:03:52 | INFO     | hermes.http | → GET /api/jobs
2026-05-05 12:03:52 | INFO     | hermes.http | ← GET /api/jobs 200 16.5ms
2026-05-05 12:03:56 | INFO     | hermes.http | → GET /api/jobs
2026-05-05 12:03:56 | INFO     | hermes.http | ← GET /api/jobs 200 22.6ms
2026-05-05 12:04:00 | INFO     | hermes.http | → GET /api/jobs
2026-05-05 12:04:00 | INFO     | hermes.http | ← GET /api/jobs 200 5.3ms
2026-05-05 12:04:04 | INFO     | hermes.http | → GET /api/jobs
2026-05-05 12:04:04 | INFO     | hermes.http | ← GET /api/jobs 200 22.5ms
2026-05-05 12:04:08 | INFO     | hermes.http | → GET /api/jobs
2026-05-05 12:04:08 | INFO     | hermes.http | ← GET /api/jobs 200 16.0ms
2026-05-05 12:04:12 | INFO     | hermes.http | → GET /api/jobs
2026-05-05 12:04:12 | INFO     | hermes.http | ← GET /api/jobs 200 12.3ms
2026-05-05 12:04:16 | INFO     | hermes.http | → GET /api/jobs
2026-05-05 12:04:16 | INFO     | hermes.http | ← GET /api/jobs 200 8.5ms
2026-05-05 12:04:20 | INFO     | hermes.http | → GET /api/jobs
2026-05-05 12:04:20 | INFO     | hermes.http | ← GET /api/jobs 200 5.7ms
2026-05-05 12:04:24 | INFO     | hermes.http | → GET /api/jobs
2026-05-05 12:04:24 | INFO     | hermes.http | ← GET /api/jobs 200 16.1ms
2026-05-05 12:04:28 | INFO     | hermes | 日志文件：/Volumes/d/hermes/backend/storage/logs/hermes.log（级别 INFO）
2026-05-05 12:04:28 | INFO     | hermes.http | → GET /api/jobs
2026-05-05 12:04:28 | INFO     | hermes.http | ← GET /api/jobs 200 8.8ms
2026-05-05 12:04:32 | INFO     | hermes.http | → GET /api/jobs
2026-05-05 12:04:32 | INFO     | hermes.http | ← GET /api/jobs 200 5.5ms
2026-05-05 12:04:36 | INFO     | hermes.http | → GET /api/jobs
2026-05-05 12:04:36 | INFO     | hermes.http | ← GET /api/jobs 200 3.6ms
2026-05-05 12:04:40 | INFO     | hermes.http | → GET /api/jobs
2026-05-05 12:04:40 | INFO     | hermes.http | ← GET /api/jobs 200 4.9ms
2026-05-05 12:04:44 | INFO     | hermes.http | → GET /api/jobs
2026-05-05 12:04:44 | INFO     | hermes.http | ← GET /api/jobs 200 16.3ms
2026-05-05 12:04:48 | INFO     | hermes.http | → GET /api/jobs
2026-05-05 12:04:48 | INFO     | hermes.http | ← GET /api/jobs 200 8.5ms
2026-05-05 12:04:52 | INFO     | hermes.http | → GET /api/jobs
2026-05-05 12:04:52 | INFO     | hermes.http | ← GET /api/jobs 200 11.9ms
2026-05-05 12:04:56 | INFO     | hermes.http | → GET /api/jobs
2026-05-05 12:04:56 | INFO     | hermes.http | ← GET /api/jobs 200 16.7ms
2026-05-05 12:05:00 | INFO     | hermes.http | → GET /api/jobs
2026-05-05 12:05:00 | INFO     | hermes.http | ← GET /api/jobs 200 8.1ms
2026-05-05 12:05:04 | INFO     | hermes.http | → GET /api/jobs
2026-05-05 12:05:04 | INFO     | hermes.http | ← GET /api/jobs 200 11.0ms
2026-05-05 12:05:08 | INFO     | hermes.http | → GET /api/jobs
2026-05-05 12:05:08 | INFO     | hermes.http | ← GET /api/jobs 200 17.8ms
2026-05-05 12:05:12 | INFO     | hermes.http | → GET /api/jobs
2026-05-05 12:05:12 | INFO     | hermes.http | ← GET /api/jobs 200 12.8ms
2026-05-05 12:05:16 | INFO     | hermes.http | → GET /api/jobs
2026-05-05 12:05:16 | INFO     | hermes.http | ← GET /api/jobs 200 15.6ms
2026-05-05 12:05:20 | INFO     | hermes.http | → GET /api/jobs
2026-05-05 12:05:20 | INFO     | hermes.http | ← GET /api/jobs 200 12.1ms
2026-05-05 12:05:24 | INFO     | hermes.http | → GET /api/jobs
2026-05-05 12:05:24 | INFO     | hermes.http | ← GET /api/jobs 200 12.0ms
2026-05-05 12:05:28 | INFO     | hermes.http | → GET /api/jobs
2026-05-05 12:05:28 | INFO     | hermes.http | ← GET /api/jobs 200 16.3ms
2026-05-05 12:05:32 | INFO     | hermes.http | → GET /api/jobs
2026-05-05 12:05:32 | INFO     | hermes.http | ← GET /api/jobs 200 15.6ms
2026-05-05 12:05:36 | INFO     | hermes.http | → GET /api/jobs
2026-05-05 12:05:36 | INFO     | hermes.http | ← GET /api/jobs 200 8.6ms
2026-05-05 12:05:40 | INFO     | hermes.http | → GET /api/jobs
2026-05-05 12:05:40 | INFO     | hermes.http | ← GET /api/jobs 200 7.4ms
2026-05-05 12:05:44 | INFO     | hermes.http | → GET /api/jobs
2026-05-05 12:05:44 | INFO     | hermes.http | ← GET /api/jobs 200 13.9ms
2026-05-05 12:05:48 | INFO     | hermes.http | → GET /api/jobs
2026-05-05 12:05:48 | INFO     | hermes.http | ← GET /api/jobs 200 19.0ms
2026-05-05 12:05:52 | INFO     | hermes.http | → GET /api/jobs
2026-05-05 12:05:52 | INFO     | hermes.http | ← GET /api/jobs 200 19.3ms
2026-05-05 12:05:56 | INFO     | hermes.http | → GET /api/jobs
2026-05-05 12:05:56 | INFO     | hermes.http | ← GET /api/jobs 200 8.3ms
2026-05-05 12:06:00 | INFO     | hermes.http | → GET /api/jobs
2026-05-05 12:06:00 | INFO     | hermes.http | ← GET /api/jobs 200 7.0ms
2026-05-05 12:06:04 | INFO     | hermes.http | → GET /api/jobs
2026-05-05 12:06:04 | INFO     | hermes.http | ← GET /api/jobs 200 5.0ms
2026-05-05 12:06:08 | INFO     | hermes.http | → GET /api/jobs
2026-05-05 12:06:08 | INFO     | hermes.http | ← GET /api/jobs 200 13.5ms
2026-05-05 12:06:12 | INFO     | hermes.http | → GET /api/jobs
2026-05-05 12:06:12 | INFO     | hermes.http | ← GET /api/jobs 200 15.7ms
2026-05-05 12:06:16 | INFO     | hermes.http | → GET /api/jobs
2026-05-05 12:06:16 | INFO     | hermes.http | ← GET /api/jobs 200 7.3ms
2026-05-05 12:06:20 | INFO     | hermes.http | → GET /api/jobs
2026-05-05 12:06:20 | INFO     | hermes.http | ← GET /api/jobs 200 5.6ms
2026-05-05 12:06:24 | INFO     | hermes.http | → GET /api/jobs
2026-05-05 12:06:24 | INFO     | hermes.http | ← GET /api/jobs 200 13.2ms
2026-05-05 12:06:28 | INFO     | hermes.http | → GET /api/jobs
2026-05-05 12:06:28 | INFO     | hermes.http | ← GET /api/jobs 200 13.4ms
2026-05-05 12:06:32 | INFO     | hermes.http | → GET /api/jobs
2026-05-05 12:06:32 | INFO     | hermes.http | ← GET /api/jobs 200 17.4ms
2026-05-05 12:06:36 | INFO     | hermes.http | → GET /api/jobs
2026-05-05 12:06:36 | INFO     | hermes.http | ← GET /api/jobs 200 16.8ms
2026-05-05 12:06:40 | INFO     | hermes.http | → GET /api/jobs
2026-05-05 12:06:40 | INFO     | hermes.http | ← GET /api/jobs 200 5.6ms
2026-05-05 12:06:44 | INFO     | hermes.http | → GET /api/jobs
2026-05-05 12:06:44 | INFO     | hermes.http | ← GET /api/jobs 200 9.3ms
2026-05-05 12:06:48 | INFO     | hermes.http | → GET /api/jobs
2026-05-05 12:06:48 | INFO     | hermes.http | ← GET /api/jobs 200 22.8ms
2026-05-05 12:06:52 | INFO     | hermes.http | → GET /api/jobs
2026-05-05 12:06:52 | INFO     | hermes.http | ← GET /api/jobs 200 13.7ms
2026-05-05 12:06:56 | INFO     | hermes.http | → GET /api/jobs
2026-05-05 12:06:56 | INFO     | hermes.http | ← GET /api/jobs 200 16.6ms
2026-05-05 12:07:00 | INFO     | hermes.http | → GET /api/jobs
2026-05-05 12:07:00 | INFO     | hermes.http | ← GET /api/jobs 200 4.7ms
2026-05-05 12:07:04 | INFO     | hermes.http | → GET /api/jobs
2026-05-05 12:07:04 | INFO     | hermes.http | ← GET /api/jobs 200 14.2ms
2026-05-05 12:07:08 | INFO     | hermes.http | → GET /api/jobs
2026-05-05 12:07:08 | INFO     | hermes.http | ← GET /api/jobs 200 13.9ms
2026-05-05 12:07:12 | INFO     | hermes.http | → GET /api/jobs
2026-05-05 12:07:12 | INFO     | hermes.http | ← GET /api/jobs 200 12.4ms
2026-05-05 12:07:16 | INFO     | hermes.http | → GET /api/jobs
2026-05-05 12:07:16 | INFO     | hermes.http | ← GET /api/jobs 200 18.9ms
2026-05-05 12:07:20 | INFO     | hermes.http | → GET /api/jobs
2026-05-05 12:07:20 | INFO     | hermes.http | ← GET /api/jobs 200 5.3ms
2026-05-05 12:07:24 | INFO     | hermes.http | → GET /api/jobs
2026-05-05 12:07:24 | INFO     | hermes.http | ← GET /api/jobs 200 8.3ms
2026-05-05 12:07:28 | INFO     | hermes.http | → GET /api/jobs
2026-05-05 12:07:28 | INFO     | hermes.http | ← GET /api/jobs 200 61.8ms
2026-05-05 12:07:32 | INFO     | hermes.http | → GET /api/jobs
2026-05-05 12:07:32 | INFO     | hermes.http | ← GET /api/jobs 200 20.4ms
2026-05-05 12:07:36 | INFO     | hermes.http | → GET /api/jobs
2026-05-05 12:07:36 | INFO     | hermes.http | ← GET /api/jobs 200 13.9ms
2026-05-05 12:07:40 | INFO     | hermes.http | → GET /api/jobs
2026-05-05 12:07:40 | INFO     | hermes.http | ← GET /api/jobs 200 6.1ms
2026-05-05 12:07:44 | INFO     | hermes.http | → GET /api/jobs
2026-05-05 12:07:44 | INFO     | hermes.http | ← GET /api/jobs 200 19.3ms
2026-05-05 12:07:48 | INFO     | hermes.http | → GET /api/jobs
2026-05-05 12:07:48 | INFO     | hermes.http | ← GET /api/jobs 200 16.3ms
2026-05-05 12:07:52 | INFO     | hermes.http | → GET /api/jobs
2026-05-05 12:07:52 | INFO     | hermes.http | ← GET /api/jobs 200 14.9ms
2026-05-05 12:07:56 | INFO     | hermes.http | → GET /api/jobs
2026-05-05 12:07:56 | INFO     | hermes.http | ← GET /api/jobs 200 11.3ms
2026-05-05 12:08:00 | INFO     | hermes.http | → GET /api/jobs
2026-05-05 12:08:00 | INFO     | hermes.http | ← GET /api/jobs 200 5.2ms
2026-05-05 12:08:04 | INFO     | hermes.http | → GET /api/jobs
2026-05-05 12:08:04 | INFO     | hermes.http | ← GET /api/jobs 200 16.4ms
2026-05-05 12:08:08 | INFO     | hermes.http | → GET /api/jobs
2026-05-05 12:08:08 | INFO     | hermes.http | ← GET /api/jobs 200 16.0ms
2026-05-05 12:08:12 | INFO     | hermes.http | → GET /api/jobs
2026-05-05 12:08:12 | INFO     | hermes.http | ← GET /api/jobs 200 8.7ms
2026-05-05 12:08:16 | INFO     | hermes.http | → GET /api/jobs
2026-05-05 12:08:16 | INFO     | hermes.http | ← GET /api/jobs 200 14.9ms
2026-05-05 12:08:20 | INFO     | hermes.http | → GET /api/jobs
2026-05-05 12:08:20 | INFO     | hermes.http | ← GET /api/jobs 200 6.4ms
2026-05-05 12:08:24 | INFO     | hermes.http | → GET /api/jobs
2026-05-05 12:08:24 | INFO     | hermes.http | ← GET /api/jobs 200 18.6ms
2026-05-05 12:08:28 | INFO     | hermes.http | → GET /api/jobs
2026-05-05 12:08:28 | INFO     | hermes.http | ← GET /api/jobs 200 16.0ms
2026-05-05 12:08:32 | INFO     | hermes.http | → GET /api/jobs
2026-05-05 12:08:32 | INFO     | hermes.http | ← GET /api/jobs 200 6.9ms
2026-05-05 12:08:36 | INFO     | hermes.http | → GET /api/jobs
2026-05-05 12:08:36 | INFO     | hermes.http | ← GET /api/jobs 200 13.7ms
2026-05-05 12:08:40 | INFO     | hermes.http | → GET /api/jobs
2026-05-05 12:08:40 | INFO     | hermes.http | ← GET /api/jobs 200 6.0ms
2026-05-05 12:08:44 | INFO     | hermes.http | → GET /api/jobs
2026-05-05 12:08:44 | INFO     | hermes.http | ← GET /api/jobs 200 14.6ms
2026-05-05 12:08:48 | INFO     | hermes.http | → GET /api/jobs
2026-05-05 12:08:48 | INFO     | hermes.http | ← GET /api/jobs 200 8.9ms
2026-05-05 12:08:52 | INFO     | hermes.http | → GET /api/jobs
2026-05-05 12:08:52 | INFO     | hermes.http | ← GET /api/jobs 200 26.8ms
2026-05-05 12:08:56 | INFO     | hermes.http | → GET /api/jobs
2026-05-05 12:08:56 | INFO     | hermes.http | ← GET /api/jobs 200 18.5ms
2026-05-05 12:09:00 | INFO     | hermes.http | → GET /api/jobs
2026-05-05 12:09:00 | INFO     | hermes.http | ← GET /api/jobs 200 4.0ms
2026-05-05 12:09:04 | INFO     | hermes.http | → GET /api/jobs
2026-05-05 12:09:04 | INFO     | hermes.http | ← GET /api/jobs 200 10.2ms
2026-05-05 12:09:08 | INFO     | hermes.http | → GET /api/jobs
2026-05-05 12:09:08 | INFO     | hermes.http | ← GET /api/jobs 200 10.5ms
2026-05-05 12:09:12 | INFO     | hermes.http | → GET /api/jobs
2026-05-05 12:09:12 | INFO     | hermes.http | ← GET /api/jobs 200 15.7ms
2026-05-05 12:09:16 | INFO     | hermes.http | → GET /api/jobs
2026-05-05 12:09:16 | INFO     | hermes.http | ← GET /api/jobs 200 16.4ms
2026-05-05 12:09:20 | INFO     | hermes.http | → GET /api/jobs
2026-05-05 12:09:20 | INFO     | hermes.http | ← GET /api/jobs 200 4.4ms
2026-05-05 12:09:24 | INFO     | hermes.http | → GET /api/jobs
2026-05-05 12:09:24 | INFO     | hermes.http | ← GET /api/jobs 200 16.3ms
2026-05-05 12:09:28 | INFO     | hermes.http | → GET /api/jobs
2026-05-05 12:09:28 | INFO     | hermes.http | ← GET /api/jobs 200 15.5ms
2026-05-05 12:09:32 | INFO     | hermes.http | → GET /api/jobs
2026-05-05 12:09:32 | INFO     | hermes.http | ← GET /api/jobs 200 19.0ms
2026-05-05 12:09:36 | INFO     | hermes.http | → GET /api/jobs
2026-05-05 12:09:36 | INFO     | hermes.http | ← GET /api/jobs 200 6.8ms
2026-05-05 12:09:40 | INFO     | hermes.http | → GET /api/jobs
2026-05-05 12:09:40 | INFO     | hermes.http | ← GET /api/jobs 200 6.0ms
2026-05-05 12:09:44 | INFO     | hermes.http | → GET /api/jobs
2026-05-05 12:09:44 | INFO     | hermes.http | ← GET /api/jobs 200 14.3ms
2026-05-05 12:09:48 | INFO     | hermes.http | → GET /api/jobs
2026-05-05 12:09:48 | INFO     | hermes.http | ← GET /api/jobs 200 23.4ms
2026-05-05 12:09:52 | INFO     | hermes.http | → GET /api/jobs
2026-05-05 12:09:52 | INFO     | hermes.http | ← GET /api/jobs 200 23.0ms
2026-05-05 12:09:56 | INFO     | hermes.http | → GET /api/jobs
2026-05-05 12:09:56 | INFO     | hermes.http | ← GET /api/jobs 200 31.9ms
2026-05-05 12:10:00 | INFO     | hermes.http | → GET /api/jobs
2026-05-05 12:10:00 | INFO     | hermes.http | ← GET /api/jobs 200 3.7ms
2026-05-05 12:10:04 | INFO     | hermes.http | → GET /api/jobs
2026-05-05 12:10:04 | INFO     | hermes.http | ← GET /api/jobs 200 16.3ms
2026-05-05 12:10:08 | INFO     | hermes.http | → GET /api/jobs
2026-05-05 12:10:08 | INFO     | hermes.http | ← GET /api/jobs 200 13.7ms
2026-05-05 12:10:12 | INFO     | hermes.http | → GET /api/jobs
2026-05-05 12:10:12 | INFO     | hermes.http | ← GET /api/jobs 200 14.8ms
2026-05-05 12:10:16 | INFO     | hermes.http | → GET /api/jobs
2026-05-05 12:10:16 | INFO     | hermes.http | ← GET /api/jobs 200 15.0ms
2026-05-05 12:10:20 | INFO     | hermes.http | → GET /api/jobs
2026-05-05 12:10:20 | INFO     | hermes.http | ← GET /api/jobs 200 6.5ms
2026-05-05 12:10:24 | INFO     | hermes.http | → GET /api/jobs
2026-05-05 12:10:24 | INFO     | hermes.http | ← GET /api/jobs 200 5.1ms
2026-05-05 12:10:28 | INFO     | hermes.http | → GET /api/jobs
2026-05-05 12:10:28 | INFO     | hermes.http | ← GET /api/jobs 200 5.7ms
2026-05-05 12:10:32 | INFO     | hermes.http | → GET /api/jobs
2026-05-05 12:10:32 | INFO     | hermes.http | ← GET /api/jobs 200 17.3ms
2026-05-05 12:10:36 | INFO     | hermes.http | → GET /api/jobs
2026-05-05 12:10:36 | INFO     | hermes.http | ← GET /api/jobs 200 14.7ms
2026-05-05 12:10:40 | INFO     | hermes.http | → GET /api/jobs
2026-05-05 12:10:40 | INFO     | hermes.http | ← GET /api/jobs 200 5.8ms
2026-05-05 12:10:44 | INFO     | hermes.http | → GET /api/jobs
2026-05-05 12:10:44 | INFO     | hermes.http | ← GET /api/jobs 200 6.9ms
2026-05-05 12:10:48 | INFO     | hermes.http | → GET /api/jobs
2026-05-05 12:10:48 | INFO     | hermes.http | ← GET /api/jobs 200 17.2ms
2026-05-05 12:10:52 | INFO     | hermes.http | → GET /api/jobs
2026-05-05 12:10:52 | INFO     | hermes.http | ← GET /api/jobs 200 10.3ms
2026-05-05 12:10:56 | INFO     | hermes.http | → GET /api/jobs
2026-05-05 12:10:56 | INFO     | hermes.http | ← GET /api/jobs 200 23.2ms
2026-05-05 12:11:00 | INFO     | hermes.http | → GET /api/jobs
2026-05-05 12:11:00 | INFO     | hermes.http | ← GET /api/jobs 200 4.6ms
2026-05-05 12:11:04 | INFO     | hermes.http | → GET /api/jobs
2026-05-05 12:11:04 | INFO     | hermes.http | ← GET /api/jobs 200 21.0ms
2026-05-05 12:11:08 | INFO     | hermes.http | → GET /api/jobs
2026-05-05 12:11:08 | INFO     | hermes.http | ← GET /api/jobs 200 18.0ms
2026-05-05 12:11:12 | INFO     | hermes.http | → GET /api/jobs
2026-05-05 12:11:12 | INFO     | hermes.http | ← GET /api/jobs 200 13.8ms
2026-05-05 12:11:16 | INFO     | hermes.http | → GET /api/jobs
2026-05-05 12:11:16 | INFO     | hermes.http | ← GET /api/jobs 200 10.6ms
2026-05-05 12:11:20 | INFO     | hermes.http | → GET /api/jobs
2026-05-05 12:11:20 | INFO     | hermes.http | ← GET /api/jobs 200 4.6ms
2026-05-05 12:11:24 | INFO     | hermes.http | → GET /api/jobs
2026-05-05 12:11:24 | INFO     | hermes.http | ← GET /api/jobs 200 16.7ms
2026-05-05 12:11:28 | INFO     | hermes.http | → GET /api/jobs
2026-05-05 12:11:28 | INFO     | hermes.http | ← GET /api/jobs 200 14.5ms
2026-05-05 12:11:32 | INFO     | hermes.http | → GET /api/jobs
2026-05-05 12:11:32 | INFO     | hermes.http | ← GET /api/jobs 200 14.9ms
2026-05-05 12:11:36 | INFO     | hermes.http | → GET /api/jobs
2026-05-05 12:11:36 | INFO     | hermes.http | ← GET /api/jobs 200 29.5ms
2026-05-05 12:11:40 | INFO     | hermes.http | → GET /api/jobs
2026-05-05 12:11:40 | INFO     | hermes.http | ← GET /api/jobs 200 82.0ms
2026-05-05 12:11:44 | INFO     | hermes.http | → GET /api/jobs
2026-05-05 12:11:44 | INFO     | hermes.http | ← GET /api/jobs 200 27.2ms
2026-05-05 12:11:48 | INFO     | hermes.http | → GET /api/jobs
2026-05-05 12:11:48 | INFO     | hermes.http | ← GET /api/jobs 200 7.6ms
2026-05-05 12:11:52 | INFO     | hermes.http | → GET /api/jobs
2026-05-05 12:11:52 | INFO     | hermes.http | ← GET /api/jobs 200 8.8ms
2026-05-05 12:11:56 | INFO     | hermes.http | → GET /api/jobs
2026-05-05 12:11:56 | INFO     | hermes.http | ← GET /api/jobs 200 20.2ms
2026-05-05 12:12:00 | INFO     | hermes.http | → GET /api/jobs
2026-05-05 12:12:00 | INFO     | hermes.http | ← GET /api/jobs 200 12.7ms
2026-05-05 12:12:00 | INFO     | hermes.http | → GET /jobs
2026-05-05 12:12:00 | INFO     | hermes.http | ← GET /jobs 200 9.4ms
2026-05-05 12:12:00 | INFO     | hermes.http | → GET /assets/index-DFinpgk6.js
2026-05-05 12:12:00 | INFO     | hermes.http | → GET /assets/index-Cs8fJq4Q.css
2026-05-05 12:12:00 | INFO     | hermes.http | ← GET /assets/index-DFinpgk6.js 200 3.0ms
2026-05-05 12:12:00 | INFO     | hermes.http | ← GET /assets/index-Cs8fJq4Q.css 200 4.3ms
2026-05-05 12:12:01 | INFO     | hermes.http | → GET /api/jobs
2026-05-05 12:12:01 | INFO     | hermes.http | → GET /favicon.ico
2026-05-05 12:12:01 | INFO     | hermes.http | ← GET /favicon.ico 200 6.7ms
2026-05-05 12:12:01 | INFO     | hermes.http | ← GET /api/jobs 200 22.1ms
2026-05-05 12:12:02 | INFO     | hermes.http | → GET /api/configs/models
2026-05-05 12:12:02 | INFO     | hermes.http | → GET /favicon.ico
2026-05-05 12:12:02 | INFO     | hermes.http | ← GET /favicon.ico 200 8.9ms
2026-05-05 12:12:02 | INFO     | hermes.http | ← GET /api/configs/models 200 19.9ms
2026-05-05 12:12:08 | INFO     | hermes.http | → GET /api/jobs
2026-05-05 12:12:08 | INFO     | hermes.http | → GET /favicon.ico
2026-05-05 12:12:08 | INFO     | hermes.http | ← GET /favicon.ico 200 9.6ms
2026-05-05 12:12:08 | INFO     | hermes.http | ← GET /api/jobs 200 27.4ms
2026-05-05 12:12:08 | INFO     | hermes.http | → GET /favicon.ico
2026-05-05 12:12:08 | INFO     | hermes.http | ← GET /favicon.ico 200 2.6ms
2026-05-05 12:12:09 | INFO     | hermes.http | → GET /api/videos
2026-05-05 12:12:09 | INFO     | hermes.http | → GET /favicon.ico
2026-05-05 12:12:09 | INFO     | hermes.http | ← GET /favicon.ico 200 1.4ms
2026-05-05 12:12:09 | INFO     | hermes.http | ← GET /api/videos 200 23.0ms
2026-05-05 12:12:09 | INFO     | hermes.http | → GET /api/assets/shots
2026-05-05 12:12:09 | INFO     | hermes.http | → GET /api/assets/timelines
2026-05-05 12:12:09 | INFO     | hermes.http | → GET /api/videos/5f150c66-1f65-45ca-a216-ce649ffa84bb/characters
2026-05-05 12:12:09 | ERROR    | hermes.http | 请求异常 GET /api/assets/timelines
Traceback (most recent call last):
  File "/Volumes/d/hermes/.venv/lib/python3.9/site-packages/sqlalchemy/engine/base.py", line 1967, in _exec_single_context
    self.dialect.do_execute(
  File "/Volumes/d/hermes/.venv/lib/python3.9/site-packages/sqlalchemy/engine/default.py", line 941, in do_execute
    cursor.execute(statement, parameters)
sqlite3.DatabaseError: file is not a database

The above exception was the direct cause of the following exception:

Traceback (most recent call last):
  File "/Volumes/d/hermes/backend/app/main.py", line 34, in http_access_log
    response = await call_next(request)
  File "/Volumes/d/hermes/.venv/lib/python3.9/site-packages/starlette/middleware/base.py", line 163, in call_next
    raise app_exc
  File "/Volumes/d/hermes/.venv/lib/python3.9/site-packages/starlette/middleware/base.py", line 149, in coro
    await self.app(scope, receive_or_disconnect, send_no_error)
  File "/Volumes/d/hermes/.venv/lib/python3.9/site-packages/starlette/middleware/exceptions.py", line 62, in __call__
    await wrap_app_handling_exceptions(self.app, conn)(scope, receive, send)
  File "/Volumes/d/hermes/.venv/lib/python3.9/site-packages/starlette/_exception_handler.py", line 53, in wrapped_app
    raise exc
  File "/Volumes/d/hermes/.venv/lib/python3.9/site-packages/starlette/_exception_handler.py", line 42, in wrapped_app
    await app(scope, receive, sender)
  File "/Volumes/d/hermes/.venv/lib/python3.9/site-packages/starlette/routing.py", line 715, in __call__
    await self.middleware_stack(scope, receive, send)
  File "/Volumes/d/hermes/.venv/lib/python3.9/site-packages/starlette/routing.py", line 735, in app
    await route.handle(scope, receive, send)
  File "/Volumes/d/hermes/.venv/lib/python3.9/site-packages/starlette/routing.py", line 288, in handle
    await self.app(scope, receive, send)
  File "/Volumes/d/hermes/.venv/lib/python3.9/site-packages/starlette/routing.py", line 76, in app
    await wrap_app_handling_exceptions(app, request)(scope, receive, send)
  File "/Volumes/d/hermes/.venv/lib/python3.9/site-packages/starlette/_exception_handler.py", line 53, in wrapped_app
    raise exc
  File "/Volumes/d/hermes/.venv/lib/python3.9/site-packages/starlette/_exception_handler.py", line 42, in wrapped_app
    await app(scope, receive, sender)
  File "/Volumes/d/hermes/.venv/lib/python3.9/site-packages/starlette/routing.py", line 73, in app
    response = await f(request)
  File "/Volumes/d/hermes/.venv/lib/python3.9/site-packages/fastapi/routing.py", line 301, in app
    raw_response = await run_endpoint_function(
  File "/Volumes/d/hermes/.venv/lib/python3.9/site-packages/fastapi/routing.py", line 214, in run_endpoint_function
    return await run_in_threadpool(dependant.call, **values)
  File "/Volumes/d/hermes/.venv/lib/python3.9/site-packages/starlette/concurrency.py", line 39, in run_in_threadpool
    return await anyio.to_thread.run_sync(func, *args)
  File "/Volumes/d/hermes/.venv/lib/python3.9/site-packages/anyio/to_thread.py", line 63, in run_sync
    return await get_async_backend().run_sync_in_worker_thread(
  File "/Volumes/d/hermes/.venv/lib/python3.9/site-packages/anyio/_backends/_asyncio.py", line 2502, in run_sync_in_worker_thread
    return await future
  File "/Volumes/d/hermes/.venv/lib/python3.9/site-packages/anyio/_backends/_asyncio.py", line 986, in run
    result = context.run(func, *args)
  File "/Volumes/d/hermes/backend/app/routes/assets.py", line 74, in list_timelines
    return q.order_by(models.Timeline.created_at).all()
  File "/Volumes/d/hermes/.venv/lib/python3.9/site-packages/sqlalchemy/orm/query.py", line 2673, in all
    return self._iter().all()  # type: ignore
  File "/Volumes/d/hermes/.venv/lib/python3.9/site-packages/sqlalchemy/orm/query.py", line 2827, in _iter
    result: Union[ScalarResult[_T], Result[_T]] = self.session.execute(
  File "/Volumes/d/hermes/.venv/lib/python3.9/site-packages/sqlalchemy/orm/session.py", line 2362, in execute
    return self._execute_internal(
  File "/Volumes/d/hermes/.venv/lib/python3.9/site-packages/sqlalchemy/orm/session.py", line 2247, in _execute_internal
    result: Result[Any] = compile_state_cls.orm_execute_statement(
  File "/Volumes/d/hermes/.venv/lib/python3.9/site-packages/sqlalchemy/orm/context.py", line 305, in orm_execute_statement
    result = conn.execute(
  File "/Volumes/d/hermes/.venv/lib/python3.9/site-packages/sqlalchemy/engine/base.py", line 1418, in execute
    return meth(
  File "/Volumes/d/hermes/.venv/lib/python3.9/site-packages/sqlalchemy/sql/elements.py", line 515, in _execute_on_connection
    return connection._execute_clauseelement(
  File "/Volumes/d/hermes/.venv/lib/python3.9/site-packages/sqlalchemy/engine/base.py", line 1640, in _execute_clauseelement
    ret = self._execute_context(
  File "/Volumes/d/hermes/.venv/lib/python3.9/site-packages/sqlalchemy/engine/base.py", line 1846, in _execute_context
    return self._exec_single_context(
  File "/Volumes/d/hermes/.venv/lib/python3.9/site-packages/sqlalchemy/engine/base.py", line 1986, in _exec_single_context
    self._handle_dbapi_exception(
  File "/Volumes/d/hermes/.venv/lib/python3.9/site-packages/sqlalchemy/engine/base.py", line 2355, in _handle_dbapi_exception
    raise sqlalchemy_exception.with_traceback(exc_info[2]) from e
  File "/Volumes/d/hermes/.venv/lib/python3.9/site-packages/sqlalchemy/engine/base.py", line 1967, in _exec_single_context
    self.dialect.do_execute(
  File "/Volumes/d/hermes/.venv/lib/python3.9/site-packages/sqlalchemy/engine/default.py", line 941, in do_execute
    cursor.execute(statement, parameters)
sqlalchemy.exc.DatabaseError: (sqlite3.DatabaseError) file is not a database
[SQL: SELECT timelines.id AS timelines_id, timelines.video_id AS timelines_video_id, timelines.parent_id AS timelines_parent_id, timelines.label AS timelines_label, timelines.status AS timelines_status, timelines.branch_reason AS timelines_branch_reason, timelines.created_by AS timelines_created_by, timelines.apply_time AS timelines_apply_time, timelines.created_at AS timelines_created_at 
FROM timelines 
WHERE timelines.video_id = ? ORDER BY timelines.created_at]
[parameters: ('5f150c66-1f65-45ca-a216-ce649ffa84bb',)]
(Background on this error at: https://sqlalche.me/e/20/4xp6)
2026-05-05 12:12:09 | INFO     | hermes.http | ← GET /api/assets/shots 200 70.2ms
2026-05-05 12:12:09 | INFO     | hermes.http | ← GET /api/videos/5f150c66-1f65-45ca-a216-ce649ffa84bb/characters 200 66.9ms
2026-05-05 12:12:14 | INFO     | hermes.http | → GET /api/videos
2026-05-05 12:12:14 | INFO     | hermes.http | → GET /favicon.ico
2026-05-05 12:12:14 | INFO     | hermes.http | ← GET /favicon.ico 200 3.1ms
2026-05-05 12:12:14 | INFO     | hermes.http | ← GET /api/videos 200 6.2ms
2026-05-05 12:12:14 | INFO     | hermes.http | → GET /api/videos/5f150c66-1f65-45ca-a216-ce649ffa84bb
2026-05-05 12:12:14 | INFO     | hermes.http | → GET /api/videos/5f150c66-1f65-45ca-a216-ce649ffa84bb/timelines
2026-05-05 12:12:15 | INFO     | hermes.http | ← GET /api/videos/5f150c66-1f65-45ca-a216-ce649ffa84bb 200 21.9ms
2026-05-05 12:12:15 | INFO     | hermes.http | ← GET /api/videos/5f150c66-1f65-45ca-a216-ce649ffa84bb/timelines 200 29.9ms
2026-05-05 12:12:15 | INFO     | hermes.http | → GET /api/chat/19e2ffff-d04a-419f-8a07-969e2c0b85ec/messages
2026-05-05 12:12:15 | INFO     | hermes.http | → GET /api/timelines/19e2ffff-d04a-419f-8a07-969e2c0b85ec/manifest
2026-05-05 12:12:15 | INFO     | hermes.http | ← GET /api/chat/19e2ffff-d04a-419f-8a07-969e2c0b85ec/messages 200 12.3ms
2026-05-05 12:12:15 | INFO     | hermes.http | ← GET /api/timelines/19e2ffff-d04a-419f-8a07-969e2c0b85ec/manifest 200 13.6ms
2026-05-05 12:12:16 | INFO     | hermes.http | → GET /api/videos
2026-05-05 12:12:16 | INFO     | hermes.http | → GET /favicon.ico
2026-05-05 12:12:16 | INFO     | hermes.http | ← GET /favicon.ico 200 3.4ms
2026-05-05 12:12:16 | INFO     | hermes.http | ← GET /api/videos 200 7.4ms
2026-05-05 12:12:16 | INFO     | hermes.http | → GET /api/assets/timelines
2026-05-05 12:12:16 | INFO     | hermes.http | → GET /api/assets/shots
2026-05-05 12:12:16 | INFO     | hermes.http | → GET /api/videos/5f150c66-1f65-45ca-a216-ce649ffa84bb/characters
2026-05-05 12:12:16 | INFO     | hermes.http | ← GET /api/assets/shots 200 17.4ms
2026-05-05 12:12:16 | INFO     | hermes.http | ← GET /api/assets/timelines 200 20.4ms
2026-05-05 12:12:16 | INFO     | hermes.http | ← GET /api/videos/5f150c66-1f65-45ca-a216-ce649ffa84bb/characters 200 19.2ms
2026-05-05 12:12:20 | INFO     | hermes.http | → GET /api/timelines/2a905e0c-ad8a-4d1e-866d-2da4dd9c72f9/manifest
2026-05-05 12:12:20 | INFO     | hermes.http | ← GET /api/timelines/2a905e0c-ad8a-4d1e-866d-2da4dd9c72f9/manifest 200 19.3ms
2026-05-05 12:14:17 | INFO     | hermes | 日志文件：/Volumes/d/hermes/backend/storage/logs/hermes.log（级别 INFO）
2026-05-05 12:14:21 | INFO     | hermes | 日志文件：/Volumes/d/hermes/backend/storage/logs/hermes.log（级别 INFO）
2026-05-05 12:14:26 | INFO     | hermes | 日志文件：/Volumes/d/hermes/backend/storage/logs/hermes.log（级别 INFO）
2026-05-05 12:15:35 | INFO     | hermes | 日志文件：/Volumes/d/hermes/backend/storage/logs/hermes.log（级别 INFO）
2026-05-05 12:15:40 | INFO     | hermes | 日志文件：/Volumes/d/hermes/backend/storage/logs/hermes.log（级别 INFO）
2026-05-05 12:16:51 | INFO     | hermes | 日志文件：/Volumes/d/hermes/backend/storage/logs/hermes.log（级别 INFO）
2026-05-05 12:16:58 | INFO     | hermes | 日志文件：/Volumes/d/hermes/backend/storage/logs/hermes.log（级别 INFO）
2026-05-05 12:17:55 | INFO     | hermes | 日志文件：/Volumes/d/hermes/backend/storage/logs/hermes.log（级别 INFO）
2026-05-05 12:51:12 | INFO     | hermes.http | → GET /library
2026-05-05 12:51:12 | INFO     | hermes.http | ← GET /library 200 7.2ms
2026-05-05 12:51:12 | INFO     | hermes.http | → GET /assets/index-DFinpgk6.js
2026-05-05 12:51:12 | INFO     | hermes.http | → GET /assets/index-Cs8fJq4Q.css
2026-05-05 12:51:12 | INFO     | hermes.http | ← GET /assets/index-DFinpgk6.js 200 3.4ms
2026-05-05 12:51:12 | INFO     | hermes.http | ← GET /assets/index-Cs8fJq4Q.css 200 3.6ms
2026-05-05 12:51:12 | INFO     | hermes.http | → GET /api/videos
2026-05-05 12:51:12 | INFO     | hermes.http | → GET /favicon.ico
2026-05-05 12:51:12 | INFO     | hermes.http | ← GET /favicon.ico 200 30.8ms
2026-05-05 12:51:12 | INFO     | hermes.http | ← GET /api/videos 200 43.8ms
2026-05-05 12:51:12 | INFO     | hermes.http | → GET /api/assets/shots
2026-05-05 12:51:12 | INFO     | hermes.http | → GET /api/assets/timelines
2026-05-05 12:51:12 | INFO     | hermes.http | → GET /api/videos/5f150c66-1f65-45ca-a216-ce649ffa84bb/characters
2026-05-05 12:51:12 | INFO     | hermes.http | ← GET /api/assets/shots 200 134.6ms
2026-05-05 12:51:12 | INFO     | hermes.http | ← GET /api/assets/timelines 200 138.8ms
2026-05-05 12:51:12 | INFO     | hermes.http | ← GET /api/videos/5f150c66-1f65-45ca-a216-ce649ffa84bb/characters 200 139.7ms
2026-05-05 12:51:45 | INFO     | hermes.http | → GET /api/timelines/2a905e0c-ad8a-4d1e-866d-2da4dd9c72f9/manifest
2026-05-05 12:51:45 | INFO     | hermes.http | ← GET /api/timelines/2a905e0c-ad8a-4d1e-866d-2da4dd9c72f9/manifest 200 22.5ms
2026-05-05 12:51:50 | INFO     | hermes.http | → DELETE /api/timelines/2a905e0c-ad8a-4d1e-866d-2da4dd9c72f9/segments/1eae436f-273e-49c5-81a7-0d2b81e4e752
2026-05-05 12:51:50 | INFO     | hermes.http | ← DELETE /api/timelines/2a905e0c-ad8a-4d1e-866d-2da4dd9c72f9/segments/1eae436f-273e-49c5-81a7-0d2b81e4e752 200 34.0ms
2026-05-05 12:51:50 | INFO     | hermes.http | → GET /api/timelines/2a905e0c-ad8a-4d1e-866d-2da4dd9c72f9/manifest
2026-05-05 12:51:50 | INFO     | hermes.http | ← GET /api/timelines/2a905e0c-ad8a-4d1e-866d-2da4dd9c72f9/manifest 200 3.5ms
2026-05-05 12:51:50 | INFO     | hermes.http | → GET /api/assets/timelines
2026-05-05 12:51:50 | INFO     | hermes.http | ← GET /api/assets/timelines 200 4.1ms
2026-05-05 12:51:52 | INFO     | hermes.http | → DELETE /api/timelines/2a905e0c-ad8a-4d1e-866d-2da4dd9c72f9/segments/436d5ca5-56d7-4c52-a128-794c63ff0a0b
2026-05-05 12:51:52 | INFO     | hermes.http | ← DELETE /api/timelines/2a905e0c-ad8a-4d1e-866d-2da4dd9c72f9/segments/436d5ca5-56d7-4c52-a128-794c63ff0a0b 200 25.8ms
2026-05-05 12:51:52 | INFO     | hermes.http | → GET /api/timelines/2a905e0c-ad8a-4d1e-866d-2da4dd9c72f9/manifest
2026-05-05 12:51:52 | INFO     | hermes.http | ← GET /api/timelines/2a905e0c-ad8a-4d1e-866d-2da4dd9c72f9/manifest 200 4.2ms
2026-05-05 12:51:52 | INFO     | hermes.http | → GET /api/assets/timelines
2026-05-05 12:51:52 | INFO     | hermes.http | ← GET /api/assets/timelines 200 5.2ms
2026-05-05 12:52:01 | INFO     | hermes.http | → GET /api/videos
2026-05-05 12:52:01 | INFO     | hermes.http | → GET /favicon.ico
2026-05-05 12:52:01 | INFO     | hermes.http | ← GET /favicon.ico 200 10.0ms
2026-05-05 12:52:01 | INFO     | hermes.http | ← GET /api/videos 200 19.6ms
2026-05-05 12:52:01 | INFO     | hermes.http | → GET /api/videos/5f150c66-1f65-45ca-a216-ce649ffa84bb/timelines
2026-05-05 12:52:01 | INFO     | hermes.http | → GET /api/videos/5f150c66-1f65-45ca-a216-ce649ffa84bb
2026-05-05 12:52:01 | INFO     | hermes.http | ← GET /api/videos/5f150c66-1f65-45ca-a216-ce649ffa84bb 200 4.1ms
2026-05-05 12:52:01 | INFO     | hermes.http | ← GET /api/videos/5f150c66-1f65-45ca-a216-ce649ffa84bb/timelines 200 11.1ms
2026-05-05 12:52:01 | INFO     | hermes.http | → GET /api/chat/19e2ffff-d04a-419f-8a07-969e2c0b85ec/messages
2026-05-05 12:52:01 | INFO     | hermes.http | → GET /api/timelines/19e2ffff-d04a-419f-8a07-969e2c0b85ec/manifest
2026-05-05 12:52:01 | INFO     | hermes.http | ← GET /api/timelines/19e2ffff-d04a-419f-8a07-969e2c0b85ec/manifest 200 6.4ms
2026-05-05 12:52:01 | INFO     | hermes.http | ← GET /api/chat/19e2ffff-d04a-419f-8a07-969e2c0b85ec/messages 200 8.0ms
2026-05-05 12:52:09 | INFO     | hermes.http | → GET /api/chat/2a905e0c-ad8a-4d1e-866d-2da4dd9c72f9/messages
2026-05-05 12:52:09 | INFO     | hermes.http | → GET /api/timelines/2a905e0c-ad8a-4d1e-866d-2da4dd9c72f9/manifest
2026-05-05 12:52:09 | INFO     | hermes.http | ← GET /api/chat/2a905e0c-ad8a-4d1e-866d-2da4dd9c72f9/messages 200 10.8ms
2026-05-05 12:52:09 | INFO     | hermes.http | ← GET /api/timelines/2a905e0c-ad8a-4d1e-866d-2da4dd9c72f9/manifest 200 10.3ms
2026-05-05 12:52:46 | INFO     | hermes.http | → POST /api/chat
2026-05-05 12:53:05 | INFO     | app.routes.chat | 对话请求 intent=qa timeline=2a905e0c-ad8 play=32.62s profile=fast chars=8
2026-05-05 12:53:19 | INFO     | hermes.http | ← POST /api/chat 200 32662.8ms
2026-05-05 12:53:34 | INFO     | hermes.http | → GET /api/chat/19e2ffff-d04a-419f-8a07-969e2c0b85ec/messages
2026-05-05 12:53:34 | INFO     | hermes.http | → GET /api/timelines/19e2ffff-d04a-419f-8a07-969e2c0b85ec/manifest
2026-05-05 12:53:34 | INFO     | hermes.http | ← GET /api/chat/19e2ffff-d04a-419f-8a07-969e2c0b85ec/messages 200 25.7ms
2026-05-05 12:53:34 | INFO     | hermes.http | ← GET /api/timelines/19e2ffff-d04a-419f-8a07-969e2c0b85ec/manifest 200 28.8ms
2026-05-05 12:53:45 | INFO     | hermes.http | → POST /api/chat
2026-05-05 12:53:53 | INFO     | app.routes.chat | 对话请求 intent=qa timeline=19e2ffff-d04 play=0.00s profile=fast chars=8
2026-05-05 12:54:01 | INFO     | hermes.http | ← POST /api/chat 200 15970.4ms
2026-05-05 12:54:15 | INFO     | hermes.http | → GET /api/videos
2026-05-05 12:54:15 | INFO     | hermes.http | → GET /favicon.ico
2026-05-05 12:54:16 | INFO     | hermes.http | ← GET /favicon.ico 200 23.2ms
2026-05-05 12:54:16 | INFO     | hermes.http | ← GET /api/videos 200 39.1ms
2026-05-05 12:54:16 | INFO     | hermes.http | → GET /api/assets/shots
2026-05-05 12:54:16 | INFO     | hermes.http | → GET /api/assets/timelines
2026-05-05 12:54:16 | INFO     | hermes.http | → GET /api/videos/5f150c66-1f65-45ca-a216-ce649ffa84bb/characters
2026-05-05 12:54:16 | INFO     | hermes.http | ← GET /api/assets/timelines 200 40.5ms
2026-05-05 12:54:16 | INFO     | hermes.http | ← GET /api/assets/shots 200 43.7ms
2026-05-05 12:54:16 | INFO     | hermes.http | ← GET /api/videos/5f150c66-1f65-45ca-a216-ce649ffa84bb/characters 200 40.9ms
2026-05-05 12:54:37 | INFO     | hermes.http | → PATCH /api/videos/5f150c66-1f65-45ca-a216-ce649ffa84bb/characters/8e03d666-de78-4751-89d4-8308dffb90ea
2026-05-05 12:54:37 | INFO     | hermes.http | ← PATCH /api/videos/5f150c66-1f65-45ca-a216-ce649ffa84bb/characters/8e03d666-de78-4751-89d4-8308dffb90ea 200 35.9ms
2026-05-05 12:54:51 | INFO     | hermes.http | → GET /api/videos
2026-05-05 12:54:51 | INFO     | hermes.http | → GET /favicon.ico
2026-05-05 12:54:52 | INFO     | hermes.http | ← GET /favicon.ico 200 10.5ms
2026-05-05 12:54:52 | INFO     | hermes.http | ← GET /api/videos 200 17.5ms
2026-05-05 12:54:52 | INFO     | hermes.http | → GET /api/videos/5f150c66-1f65-45ca-a216-ce649ffa84bb
2026-05-05 12:54:52 | INFO     | hermes.http | → GET /api/videos/5f150c66-1f65-45ca-a216-ce649ffa84bb/timelines
2026-05-05 12:54:52 | INFO     | hermes.http | ← GET /api/videos/5f150c66-1f65-45ca-a216-ce649ffa84bb 200 18.8ms
2026-05-05 12:54:52 | INFO     | hermes.http | ← GET /api/videos/5f150c66-1f65-45ca-a216-ce649ffa84bb/timelines 200 23.0ms
2026-05-05 12:54:52 | INFO     | hermes.http | → GET /api/chat/19e2ffff-d04a-419f-8a07-969e2c0b85ec/messages
2026-05-05 12:54:52 | INFO     | hermes.http | → GET /api/timelines/19e2ffff-d04a-419f-8a07-969e2c0b85ec/manifest
2026-05-05 12:54:52 | INFO     | hermes.http | ← GET /api/timelines/19e2ffff-d04a-419f-8a07-969e2c0b85ec/manifest 200 12.3ms
2026-05-05 12:54:52 | INFO     | hermes.http | ← GET /api/chat/19e2ffff-d04a-419f-8a07-969e2c0b85ec/messages 200 20.5ms
2026-05-05 12:55:38 | INFO     | hermes.http | → GET /api/videos
2026-05-05 12:55:38 | INFO     | hermes.http | → GET /favicon.ico
2026-05-05 12:55:38 | INFO     | hermes.http | ← GET /favicon.ico 200 36.0ms
2026-05-05 12:55:38 | INFO     | hermes.http | ← GET /api/videos 200 42.5ms
2026-05-05 12:55:38 | INFO     | hermes.http | → GET /api/assets/shots
2026-05-05 12:55:38 | INFO     | hermes.http | → GET /api/assets/timelines
2026-05-05 12:55:38 | INFO     | hermes.http | → GET /api/videos/5f150c66-1f65-45ca-a216-ce649ffa84bb/characters
2026-05-05 12:55:38 | INFO     | hermes.http | ← GET /api/assets/timelines 200 58.0ms
2026-05-05 12:55:38 | INFO     | hermes.http | ← GET /api/assets/shots 200 64.0ms
2026-05-05 12:55:38 | INFO     | hermes.http | ← GET /api/videos/5f150c66-1f65-45ca-a216-ce649ffa84bb/characters 200 65.4ms
2026-05-05 12:55:44 | INFO     | hermes.http | → GET /api/videos
2026-05-05 12:55:44 | INFO     | hermes.http | ← GET /api/videos 200 21.8ms
2026-05-05 12:55:44 | INFO     | hermes.http | → GET /api/videos/5f150c66-1f65-45ca-a216-ce649ffa84bb/timelines
2026-05-05 12:55:44 | INFO     | hermes.http | → GET /api/videos/5f150c66-1f65-45ca-a216-ce649ffa84bb
2026-05-05 12:55:44 | INFO     | hermes.http | ← GET /api/videos/5f150c66-1f65-45ca-a216-ce649ffa84bb 200 3.7ms
2026-05-05 12:55:44 | INFO     | hermes.http | ← GET /api/videos/5f150c66-1f65-45ca-a216-ce649ffa84bb/timelines 200 8.3ms
2026-05-05 12:55:44 | INFO     | hermes.http | → GET /api/chat/19e2ffff-d04a-419f-8a07-969e2c0b85ec/messages
2026-05-05 12:55:44 | INFO     | hermes.http | → GET /api/timelines/19e2ffff-d04a-419f-8a07-969e2c0b85ec/manifest
2026-05-05 12:55:44 | INFO     | hermes.http | ← GET /api/chat/19e2ffff-d04a-419f-8a07-969e2c0b85ec/messages 200 12.1ms
2026-05-05 12:55:44 | INFO     | hermes.http | ← GET /api/timelines/19e2ffff-d04a-419f-8a07-969e2c0b85ec/manifest 200 13.1ms
2026-05-05 12:55:49 | INFO     | hermes.http | → GET /api/chat/2a905e0c-ad8a-4d1e-866d-2da4dd9c72f9/messages
2026-05-05 12:55:49 | INFO     | hermes.http | → GET /api/timelines/2a905e0c-ad8a-4d1e-866d-2da4dd9c72f9/manifest
2026-05-05 12:55:49 | INFO     | hermes.http | ← GET /api/chat/2a905e0c-ad8a-4d1e-866d-2da4dd9c72f9/messages 200 23.5ms
2026-05-05 12:55:49 | INFO     | hermes.http | ← GET /api/timelines/2a905e0c-ad8a-4d1e-866d-2da4dd9c72f9/manifest 200 24.4ms
2026-05-05 12:58:20 | INFO     | hermes | 日志文件：/Volumes/d/hermes/backend/storage/logs/hermes.log（级别 INFO）
2026-05-05 12:58:21 | INFO     | hermes | 日志文件：/Volumes/d/hermes/backend/storage/logs/hermes.log（级别 INFO）
2026-05-05 12:58:22 | INFO     | hermes | 日志文件：/Volumes/d/hermes/backend/storage/logs/hermes.log（级别 INFO）
2026-05-05 12:58:24 | INFO     | hermes | 日志文件：/Volumes/d/hermes/backend/storage/logs/hermes.log（级别 INFO）
2026-05-05 12:58:44 | INFO     | hermes | 日志文件：/Volumes/d/hermes/backend/storage/logs/hermes.log（级别 INFO）
2026-05-05 12:58:47 | INFO     | hermes | 日志文件：/Volumes/d/hermes/backend/storage/logs/hermes.log（级别 INFO）
2026-05-05 12:59:33 | INFO     | hermes.http | → GET /api/chat/19e2ffff-d04a-419f-8a07-969e2c0b85ec/messages
2026-05-05 12:59:33 | INFO     | hermes.http | → GET /api/timelines/19e2ffff-d04a-419f-8a07-969e2c0b85ec/manifest
2026-05-05 12:59:33 | INFO     | hermes.http | ← GET /api/chat/19e2ffff-d04a-419f-8a07-969e2c0b85ec/messages 200 10.3ms
2026-05-05 12:59:33 | INFO     | hermes.http | ← GET /api/timelines/19e2ffff-d04a-419f-8a07-969e2c0b85ec/manifest 200 10.2ms
2026-05-05 12:59:37 | INFO     | hermes.http | → POST /api/chat
2026-05-05 12:59:44 | INFO     | app.routes.chat | 对话请求 intent=qa timeline=19e2ffff-d04 play=0.00s profile=fast chars=8
2026-05-05 12:59:56 | INFO     | hermes.http | ← POST /api/chat 200 18636.0ms
2026-05-05 13:00:47 | INFO     | hermes.http | → GET /api/configs/models
2026-05-05 13:00:47 | INFO     | hermes.http | → GET /favicon.ico
2026-05-05 13:00:47 | INFO     | hermes.http | ← GET /api/configs/models 200 63.4ms
2026-05-05 13:00:47 | INFO     | hermes.http | ← GET /favicon.ico 200 41.4ms
2026-05-05 13:01:12 | INFO     | hermes | 日志文件：/Volumes/d/hermes/backend/storage/logs/hermes.log（级别 INFO）
2026-05-05 13:02:13 | INFO     | hermes.http | → GET /api/videos
2026-05-05 13:02:13 | INFO     | hermes.http | → GET /favicon.ico
2026-05-05 13:02:13 | INFO     | hermes.http | ← GET /api/videos 200 15.3ms
2026-05-05 13:02:13 | INFO     | hermes.http | ← GET /favicon.ico 200 15.4ms
2026-05-05 13:02:13 | INFO     | hermes.http | → GET /api/videos/5f150c66-1f65-45ca-a216-ce649ffa84bb
2026-05-05 13:02:13 | INFO     | hermes.http | → GET /api/videos/5f150c66-1f65-45ca-a216-ce649ffa84bb/timelines
2026-05-05 13:02:13 | INFO     | hermes.http | ← GET /api/videos/5f150c66-1f65-45ca-a216-ce649ffa84bb 200 22.4ms
2026-05-05 13:02:13 | INFO     | hermes.http | ← GET /api/videos/5f150c66-1f65-45ca-a216-ce649ffa84bb/timelines 200 63.9ms
2026-05-05 13:02:13 | INFO     | hermes.http | → GET /api/timelines/19e2ffff-d04a-419f-8a07-969e2c0b85ec/manifest
2026-05-05 13:02:13 | INFO     | hermes.http | → GET /api/chat/19e2ffff-d04a-419f-8a07-969e2c0b85ec/messages
2026-05-05 13:02:13 | INFO     | hermes.http | ← GET /api/chat/19e2ffff-d04a-419f-8a07-969e2c0b85ec/messages 200 10.0ms
2026-05-05 13:02:13 | INFO     | hermes.http | ← GET /api/timelines/19e2ffff-d04a-419f-8a07-969e2c0b85ec/manifest 200 11.8ms
2026-05-05 13:02:14 | INFO     | hermes.http | → GET /api/videos
2026-05-05 13:02:14 | INFO     | hermes.http | ← GET /api/videos 200 3.4ms
2026-05-05 13:02:15 | INFO     | hermes.http | → GET /api/assets/shots
2026-05-05 13:02:15 | INFO     | hermes.http | → GET /api/assets/timelines
2026-05-05 13:02:15 | INFO     | hermes.http | → GET /api/videos/5f150c66-1f65-45ca-a216-ce649ffa84bb/characters
2026-05-05 13:02:15 | INFO     | hermes.http | ← GET /api/assets/timelines 200 21.1ms
2026-05-05 13:02:15 | INFO     | hermes.http | ← GET /api/assets/shots 200 28.4ms
2026-05-05 13:02:15 | INFO     | hermes.http | ← GET /api/videos/5f150c66-1f65-45ca-a216-ce649ffa84bb/characters 200 28.0ms
2026-05-05 13:02:20 | INFO     | hermes.http | → GET /api/timelines/2a905e0c-ad8a-4d1e-866d-2da4dd9c72f9/manifest
2026-05-05 13:02:20 | INFO     | hermes.http | ← GET /api/timelines/2a905e0c-ad8a-4d1e-866d-2da4dd9c72f9/manifest 200 2.1ms
2026-05-05 13:02:36 | INFO     | hermes | 日志文件：/Volumes/d/hermes/backend/storage/logs/hermes.log（级别 INFO）
2026-05-05 13:02:37 | INFO     | hermes | 日志文件：/Volumes/d/hermes/backend/storage/logs/hermes.log（级别 INFO）
2026-05-05 13:02:42 | INFO     | hermes | 日志文件：/Volumes/d/hermes/backend/storage/logs/hermes.log（级别 INFO）
2026-05-05 13:02:44 | INFO     | hermes | 日志文件：/Volumes/d/hermes/backend/storage/logs/hermes.log（级别 INFO）
2026-05-05 13:02:45 | INFO     | hermes | 日志文件：/Volumes/d/hermes/backend/storage/logs/hermes.log（级别 INFO）
2026-05-05 13:02:47 | INFO     | hermes | 日志文件：/Volumes/d/hermes/backend/storage/logs/hermes.log（级别 INFO）
2026-05-05 13:02:54 | INFO     | hermes.http | → GET /api/jobs
2026-05-05 13:02:54 | INFO     | hermes.http | ← GET /api/jobs 200 16.8ms
2026-05-05 13:02:54 | INFO     | hermes.http | → GET /api/configs/models
2026-05-05 13:02:54 | INFO     | hermes.http | ← GET /api/configs/models 200 2.4ms
2026-05-05 13:02:54 | INFO     | hermes.http | → GET /api/jobs
2026-05-05 13:02:54 | INFO     | hermes.http | ← GET /api/jobs 200 9.7ms
2026-05-05 13:02:58 | INFO     | hermes.http | → GET /api/jobs
2026-05-05 13:02:58 | INFO     | hermes.http | ← GET /api/jobs 200 4.4ms
2026-05-05 13:03:02 | INFO     | hermes.http | → GET /api/jobs
2026-05-05 13:03:02 | INFO     | hermes.http | ← GET /api/jobs 200 10.7ms
2026-05-05 13:03:06 | INFO     | hermes.http | → GET /api/jobs
2026-05-05 13:03:06 | INFO     | hermes.http | ← GET /api/jobs 200 4.5ms
2026-05-05 13:03:08 | INFO     | hermes.http | → GET /api/videos
2026-05-05 13:03:08 | INFO     | hermes.http | ← GET /api/videos 200 3.7ms
2026-05-05 13:03:08 | INFO     | hermes.http | → GET /api/videos/5f150c66-1f65-45ca-a216-ce649ffa84bb
2026-05-05 13:03:08 | INFO     | hermes.http | → GET /api/videos/5f150c66-1f65-45ca-a216-ce649ffa84bb/timelines
2026-05-05 13:03:08 | INFO     | hermes.http | ← GET /api/videos/5f150c66-1f65-45ca-a216-ce649ffa84bb 200 13.6ms
2026-05-05 13:03:08 | INFO     | hermes.http | ← GET /api/videos/5f150c66-1f65-45ca-a216-ce649ffa84bb/timelines 200 17.5ms
2026-05-05 13:03:08 | INFO     | hermes.http | → GET /api/chat/19e2ffff-d04a-419f-8a07-969e2c0b85ec/messages
2026-05-05 13:03:08 | INFO     | hermes.http | → GET /api/timelines/19e2ffff-d04a-419f-8a07-969e2c0b85ec/manifest
2026-05-05 13:03:08 | INFO     | hermes.http | ← GET /api/chat/19e2ffff-d04a-419f-8a07-969e2c0b85ec/messages 200 9.6ms
2026-05-05 13:03:08 | INFO     | hermes.http | ← GET /api/timelines/19e2ffff-d04a-419f-8a07-969e2c0b85ec/manifest 200 11.6ms
2026-05-05 13:03:27 | INFO     | hermes.http | → GET /api/configs/models
2026-05-05 13:03:27 | INFO     | hermes.http | → GET /favicon.ico
2026-05-05 13:03:27 | INFO     | hermes.http | ← GET /favicon.ico 200 24.2ms
2026-05-05 13:03:27 | INFO     | hermes.http | ← GET /api/configs/models 200 28.2ms
2026-05-05 13:05:02 | INFO     | hermes.http | → GET /api/videos
2026-05-05 13:05:02 | INFO     | hermes.http | → GET /favicon.ico
2026-05-05 13:05:02 | INFO     | hermes.http | ← GET /favicon.ico 200 31.1ms
2026-05-05 13:05:02 | INFO     | hermes.http | ← GET /api/videos 200 44.4ms
2026-05-05 13:05:02 | INFO     | hermes.http | → GET /api/assets/shots
2026-05-05 13:05:02 | INFO     | hermes.http | → GET /api/assets/timelines
2026-05-05 13:05:02 | INFO     | hermes.http | → GET /api/videos/5f150c66-1f65-45ca-a216-ce649ffa84bb/characters
2026-05-05 13:05:02 | INFO     | hermes.http | ← GET /api/assets/shots 200 95.0ms
2026-05-05 13:05:02 | INFO     | hermes.http | ← GET /api/assets/timelines 200 98.5ms
2026-05-05 13:05:02 | INFO     | hermes.http | ← GET /api/videos/5f150c66-1f65-45ca-a216-ce649ffa84bb/characters 200 104.1ms
2026-05-05 13:05:24 | INFO     | hermes | 日志文件：/Volumes/d/hermes/backend/storage/logs/hermes.log（级别 INFO）
2026-05-05 13:05:25 | INFO     | hermes | 日志文件：/Volumes/d/hermes/backend/storage/logs/hermes.log（级别 INFO）
2026-05-05 13:05:26 | INFO     | hermes | 日志文件：/Volumes/d/hermes/backend/storage/logs/hermes.log（级别 INFO）
2026-05-05 13:05:27 | INFO     | hermes | 日志文件：/Volumes/d/hermes/backend/storage/logs/hermes.log（级别 INFO）
2026-05-05 13:05:28 | INFO     | hermes | 日志文件：/Volumes/d/hermes/backend/storage/logs/hermes.log（级别 INFO）
2026-05-05 13:05:29 | INFO     | hermes | 日志文件：/Volumes/d/hermes/backend/storage/logs/hermes.log（级别 INFO）
2026-05-05 13:05:30 | INFO     | hermes | 日志文件：/Volumes/d/hermes/backend/storage/logs/hermes.log（级别 INFO）
2026-05-05 13:05:31 | INFO     | hermes | 日志文件：/Volumes/d/hermes/backend/storage/logs/hermes.log（级别 INFO）
2026-05-05 13:05:49 | INFO     | hermes | 日志文件：/Volumes/d/hermes/backend/storage/logs/hermes.log（级别 INFO）
2026-05-05 13:06:23 | INFO     | hermes.http | → GET /api/configs/models
2026-05-05 13:06:23 | INFO     | hermes.http | → GET /favicon.ico
2026-05-05 13:06:23 | INFO     | hermes.http | ← GET /favicon.ico 200 13.2ms
2026-05-05 13:06:23 | INFO     | hermes.http | ← GET /api/configs/models 200 15.6ms
2026-05-05 13:06:46 | INFO     | hermes.http | → GET /api/videos
2026-05-05 13:06:46 | INFO     | hermes.http | → GET /favicon.ico
2026-05-05 13:06:46 | INFO     | hermes.http | ← GET /favicon.ico 200 25.9ms
2026-05-05 13:06:46 | INFO     | hermes.http | ← GET /api/videos 200 29.2ms
2026-05-05 13:06:47 | INFO     | hermes.http | → GET /api/videos/5f150c66-1f65-45ca-a216-ce649ffa84bb
2026-05-05 13:06:47 | INFO     | hermes.http | → GET /api/videos/5f150c66-1f65-45ca-a216-ce649ffa84bb/timelines
2026-05-05 13:06:47 | INFO     | hermes.http | ← GET /api/videos/5f150c66-1f65-45ca-a216-ce649ffa84bb 200 48.5ms
2026-05-05 13:06:47 | INFO     | hermes.http | ← GET /api/videos/5f150c66-1f65-45ca-a216-ce649ffa84bb/timelines 200 54.6ms
2026-05-05 13:06:47 | INFO     | hermes.http | → GET /api/chat/19e2ffff-d04a-419f-8a07-969e2c0b85ec/messages
2026-05-05 13:06:47 | INFO     | hermes.http | → GET /api/timelines/19e2ffff-d04a-419f-8a07-969e2c0b85ec/manifest
2026-05-05 13:06:47 | INFO     | hermes.http | ← GET /api/chat/19e2ffff-d04a-419f-8a07-969e2c0b85ec/messages 200 31.1ms
2026-05-05 13:06:47 | INFO     | hermes.http | ← GET /api/timelines/19e2ffff-d04a-419f-8a07-969e2c0b85ec/manifest 200 32.6ms
2026-05-05 13:06:53 | INFO     | hermes.http | → POST /api/chat
2026-05-05 13:07:02 | INFO     | app.routes.chat | 对话请求 intent=qa timeline=19e2ffff-d04 play=0.00s profile=fast chars=8
2026-05-05 13:07:17 | INFO     | hermes.http | ← POST /api/chat 200 23969.2ms
2026-05-05 13:07:31 | INFO     | hermes | 日志文件：/Volumes/d/hermes/backend/storage/logs/hermes.log（级别 INFO）
2026-05-05 13:07:36 | INFO     | hermes | 日志文件：/Volumes/d/hermes/backend/storage/logs/hermes.log（级别 INFO）
2026-05-05 13:07:50 | INFO     | hermes | 日志文件：/Volumes/d/hermes/backend/storage/logs/hermes.log（级别 INFO）
2026-05-05 13:07:52 | INFO     | hermes | 日志文件：/Volumes/d/hermes/backend/storage/logs/hermes.log（级别 INFO）
2026-05-05 13:09:00 | INFO     | hermes | 日志文件：/Volumes/d/hermes/backend/storage/logs/hermes.log（级别 INFO）
2026-05-05 13:09:00 | INFO     | hermes | 日志文件：/Volumes/d/hermes/backend/storage/logs/hermes.log（级别 INFO）
2026-05-05 13:09:01 | INFO     | hermes | 日志文件：/Volumes/d/hermes/backend/storage/logs/hermes.log（级别 INFO）
2026-05-05 13:09:02 | INFO     | hermes | 日志文件：/Volumes/d/hermes/backend/storage/logs/hermes.log（级别 INFO）
2026-05-05 13:09:26 | INFO     | hermes.http | → GET /api/chat/2a905e0c-ad8a-4d1e-866d-2da4dd9c72f9/messages
2026-05-05 13:09:26 | INFO     | hermes.http | → GET /api/timelines/2a905e0c-ad8a-4d1e-866d-2da4dd9c72f9/manifest
2026-05-05 13:09:26 | ERROR    | hermes.http | 请求异常 GET /api/timelines/2a905e0c-ad8a-4d1e-866d-2da4dd9c72f9/manifest
Traceback (most recent call last):
  File "/Volumes/d/hermes/.venv/lib/python3.9/site-packages/sqlalchemy/engine/base.py", line 1967, in _exec_single_context
    self.dialect.do_execute(
  File "/Volumes/d/hermes/.venv/lib/python3.9/site-packages/sqlalchemy/engine/default.py", line 941, in do_execute
    cursor.execute(statement, parameters)
sqlite3.DatabaseError: file is not a database

The above exception was the direct cause of the following exception:

Traceback (most recent call last):
  File "/Volumes/d/hermes/backend/app/main.py", line 34, in http_access_log
    response = await call_next(request)
  File "/Volumes/d/hermes/.venv/lib/python3.9/site-packages/starlette/middleware/base.py", line 163, in call_next
    raise app_exc
  File "/Volumes/d/hermes/.venv/lib/python3.9/site-packages/starlette/middleware/base.py", line 149, in coro
    await self.app(scope, receive_or_disconnect, send_no_error)
  File "/Volumes/d/hermes/.venv/lib/python3.9/site-packages/starlette/middleware/exceptions.py", line 62, in __call__
    await wrap_app_handling_exceptions(self.app, conn)(scope, receive, send)
  File "/Volumes/d/hermes/.venv/lib/python3.9/site-packages/starlette/_exception_handler.py", line 53, in wrapped_app
    raise exc
  File "/Volumes/d/hermes/.venv/lib/python3.9/site-packages/starlette/_exception_handler.py", line 42, in wrapped_app
    await app(scope, receive, sender)
  File "/Volumes/d/hermes/.venv/lib/python3.9/site-packages/starlette/routing.py", line 715, in __call__
    await self.middleware_stack(scope, receive, send)
  File "/Volumes/d/hermes/.venv/lib/python3.9/site-packages/starlette/routing.py", line 735, in app
    await route.handle(scope, receive, send)
  File "/Volumes/d/hermes/.venv/lib/python3.9/site-packages/starlette/routing.py", line 288, in handle
    await self.app(scope, receive, send)
  File "/Volumes/d/hermes/.venv/lib/python3.9/site-packages/starlette/routing.py", line 76, in app
    await wrap_app_handling_exceptions(app, request)(scope, receive, send)
  File "/Volumes/d/hermes/.venv/lib/python3.9/site-packages/starlette/_exception_handler.py", line 53, in wrapped_app
    raise exc
  File "/Volumes/d/hermes/.venv/lib/python3.9/site-packages/starlette/_exception_handler.py", line 42, in wrapped_app
    await app(scope, receive, sender)
  File "/Volumes/d/hermes/.venv/lib/python3.9/site-packages/starlette/routing.py", line 73, in app
    response = await f(request)
  File "/Volumes/d/hermes/.venv/lib/python3.9/site-packages/fastapi/routing.py", line 301, in app
    raw_response = await run_endpoint_function(
  File "/Volumes/d/hermes/.venv/lib/python3.9/site-packages/fastapi/routing.py", line 214, in run_endpoint_function
    return await run_in_threadpool(dependant.call, **values)
  File "/Volumes/d/hermes/.venv/lib/python3.9/site-packages/starlette/concurrency.py", line 39, in run_in_threadpool
    return await anyio.to_thread.run_sync(func, *args)
  File "/Volumes/d/hermes/.venv/lib/python3.9/site-packages/anyio/to_thread.py", line 63, in run_sync
    return await get_async_backend().run_sync_in_worker_thread(
  File "/Volumes/d/hermes/.venv/lib/python3.9/site-packages/anyio/_backends/_asyncio.py", line 2502, in run_sync_in_worker_thread
    return await future
  File "/Volumes/d/hermes/.venv/lib/python3.9/site-packages/anyio/_backends/_asyncio.py", line 986, in run
    result = context.run(func, *args)
  File "/Volumes/d/hermes/backend/app/routes/timelines.py", line 131, in get_manifest
    tl = db.get(models.Timeline, timeline_id)
  File "/Volumes/d/hermes/.venv/lib/python3.9/site-packages/sqlalchemy/orm/session.py", line 3693, in get
    return self._get_impl(
  File "/Volumes/d/hermes/.venv/lib/python3.9/site-packages/sqlalchemy/orm/session.py", line 3873, in _get_impl
    return db_load_fn(
  File "/Volumes/d/hermes/.venv/lib/python3.9/site-packages/sqlalchemy/orm/loading.py", line 694, in load_on_pk_identity
    session.execute(
  File "/Volumes/d/hermes/.venv/lib/python3.9/site-packages/sqlalchemy/orm/session.py", line 2362, in execute
    return self._execute_internal(
  File "/Volumes/d/hermes/.venv/lib/python3.9/site-packages/sqlalchemy/orm/session.py", line 2247, in _execute_internal
    result: Result[Any] = compile_state_cls.orm_execute_statement(
  File "/Volumes/d/hermes/.venv/lib/python3.9/site-packages/sqlalchemy/orm/context.py", line 305, in orm_execute_statement
    result = conn.execute(
  File "/Volumes/d/hermes/.venv/lib/python3.9/site-packages/sqlalchemy/engine/base.py", line 1418, in execute
    return meth(
  File "/Volumes/d/hermes/.venv/lib/python3.9/site-packages/sqlalchemy/sql/elements.py", line 515, in _execute_on_connection
    return connection._execute_clauseelement(
  File "/Volumes/d/hermes/.venv/lib/python3.9/site-packages/sqlalchemy/engine/base.py", line 1640, in _execute_clauseelement
    ret = self._execute_context(
  File "/Volumes/d/hermes/.venv/lib/python3.9/site-packages/sqlalchemy/engine/base.py", line 1846, in _execute_context
    return self._exec_single_context(
  File "/Volumes/d/hermes/.venv/lib/python3.9/site-packages/sqlalchemy/engine/base.py", line 1986, in _exec_single_context
    self._handle_dbapi_exception(
  File "/Volumes/d/hermes/.venv/lib/python3.9/site-packages/sqlalchemy/engine/base.py", line 2355, in _handle_dbapi_exception
    raise sqlalchemy_exception.with_traceback(exc_info[2]) from e
  File "/Volumes/d/hermes/.venv/lib/python3.9/site-packages/sqlalchemy/engine/base.py", line 1967, in _exec_single_context
    self.dialect.do_execute(
  File "/Volumes/d/hermes/.venv/lib/python3.9/site-packages/sqlalchemy/engine/default.py", line 941, in do_execute
    cursor.execute(statement, parameters)
sqlalchemy.exc.DatabaseError: (sqlite3.DatabaseError) file is not a database
[SQL: SELECT timelines.id AS timelines_id, timelines.video_id AS timelines_video_id, timelines.parent_id AS timelines_parent_id, timelines.label AS timelines_label, timelines.status AS timelines_status, timelines.branch_reason AS timelines_branch_reason, timelines.created_by AS timelines_created_by, timelines.apply_time AS timelines_apply_time, timelines.created_at AS timelines_created_at 
FROM timelines 
WHERE timelines.id = ?]
[parameters: ('2a905e0c-ad8a-4d1e-866d-2da4dd9c72f9',)]
(Background on this error at: https://sqlalche.me/e/20/4xp6)
2026-05-05 13:09:26 | INFO     | hermes.http | ← GET /api/chat/2a905e0c-ad8a-4d1e-866d-2da4dd9c72f9/messages 200 124.3ms
2026-05-05 13:09:28 | INFO     | hermes | 日志文件：/Volumes/d/hermes/backend/storage/logs/hermes.log（级别 INFO）
2026-05-05 13:09:53 | INFO     | hermes.http | → GET /api/chat/19e2ffff-d04a-419f-8a07-969e2c0b85ec/messages
2026-05-05 13:09:53 | INFO     | hermes.http | → GET /api/timelines/19e2ffff-d04a-419f-8a07-969e2c0b85ec/manifest
2026-05-05 13:09:53 | INFO     | hermes.http | ← GET /api/chat/19e2ffff-d04a-419f-8a07-969e2c0b85ec/messages 200 27.7ms
2026-05-05 13:09:53 | INFO     | hermes.http | ← GET /api/timelines/19e2ffff-d04a-419f-8a07-969e2c0b85ec/manifest 200 28.4ms
2026-05-05 13:09:56 | INFO     | hermes.http | → DELETE /api/chat/19e2ffff-d04a-419f-8a07-969e2c0b85ec/messages
2026-05-05 13:09:56 | INFO     | app.routes.chat | 已清除对话 timeline=19e2ffff-d04 deleted=8
2026-05-05 13:09:56 | INFO     | hermes.http | ← DELETE /api/chat/19e2ffff-d04a-419f-8a07-969e2c0b85ec/messages 200 4.8ms
2026-05-05 13:09:59 | INFO     | hermes.http | → POST /api/chat
2026-05-05 13:10:12 | INFO     | app.routes.chat | 对话请求 intent=qa timeline=19e2ffff-d04 play=0.00s profile=fast chars=8
2026-05-05 13:10:25 | INFO     | hermes.http | ← POST /api/chat 200 25686.3ms
2026-05-05 13:15:32 | INFO     | hermes.http | → GET /api/videos
2026-05-05 13:15:32 | INFO     | hermes.http | → GET /favicon.ico
2026-05-05 13:15:32 | INFO     | hermes.http | ← GET /api/videos 200 37.9ms
2026-05-05 13:15:32 | INFO     | hermes.http | ← GET /favicon.ico 200 35.4ms
2026-05-05 13:15:32 | INFO     | hermes.http | → GET /api/assets/shots
2026-05-05 13:15:32 | INFO     | hermes.http | → GET /api/videos/5f150c66-1f65-45ca-a216-ce649ffa84bb/characters
2026-05-05 13:15:32 | INFO     | hermes.http | → GET /api/assets/timelines
2026-05-05 13:15:32 | INFO     | hermes.http | ← GET /api/assets/shots 200 56.6ms
2026-05-05 13:15:32 | INFO     | hermes.http | ← GET /api/videos/5f150c66-1f65-45ca-a216-ce649ffa84bb/characters 200 84.6ms
2026-05-05 13:15:32 | INFO     | hermes.http | ← GET /api/assets/timelines 200 85.3ms
2026-05-05 13:15:44 | INFO     | hermes.http | → POST /api/videos/5f150c66-1f65-45ca-a216-ce649ffa84bb/shots/39fece12-d6b7-4dc7-afb4-3676ee8ce420/transcribe-asr
2026-05-05 13:15:44 | INFO     | app.services.asr | ASR：当前 ASR 基址为 api.minimaxi.com，该平台无 OpenAI 兼容的 /v1/audio/transcriptions，已跳过（避免每镜 404）。需要转写请单独配置 OpenAI 兼容 ASR 的 HERMES_ASR_BASE_URL，或设 HERMES_ASR_PROVIDER=mock。
2026-05-05 13:15:44 | INFO     | hermes.http | ← POST /api/videos/5f150c66-1f65-45ca-a216-ce649ffa84bb/shots/39fece12-d6b7-4dc7-afb4-3676ee8ce420/transcribe-asr 200 3.0ms
2026-05-05 13:15:44 | INFO     | hermes.http | → GET /api/assets/shots
2026-05-05 13:15:44 | INFO     | hermes.http | → GET /api/assets/timelines
2026-05-05 13:15:44 | INFO     | hermes.http | → GET /api/videos/5f150c66-1f65-45ca-a216-ce649ffa84bb/characters
2026-05-05 13:15:44 | INFO     | hermes.http | ← GET /api/assets/shots 200 7.4ms
2026-05-05 13:15:44 | INFO     | hermes.http | ← GET /api/videos/5f150c66-1f65-45ca-a216-ce649ffa84bb/characters 200 7.6ms
2026-05-05 13:15:44 | INFO     | hermes.http | ← GET /api/assets/timelines 200 7.9ms
2026-05-05 13:16:03 | INFO     | hermes.http | → GET /api/assets/shots
2026-05-05 13:16:03 | INFO     | hermes.http | → GET /api/assets/timelines
2026-05-05 13:16:03 | INFO     | hermes.http | → GET /api/videos/5f150c66-1f65-45ca-a216-ce649ffa84bb/characters
2026-05-05 13:16:03 | ERROR    | hermes.http | 请求异常 GET /api/assets/timelines
Traceback (most recent call last):
  File "/Volumes/d/hermes/.venv/lib/python3.9/site-packages/sqlalchemy/engine/base.py", line 1967, in _exec_single_context
    self.dialect.do_execute(
  File "/Volumes/d/hermes/.venv/lib/python3.9/site-packages/sqlalchemy/engine/default.py", line 941, in do_execute
    cursor.execute(statement, parameters)
sqlite3.DatabaseError: file is not a database

The above exception was the direct cause of the following exception:

Traceback (most recent call last):
  File "/Volumes/d/hermes/backend/app/main.py", line 34, in http_access_log
    response = await call_next(request)
  File "/Volumes/d/hermes/.venv/lib/python3.9/site-packages/starlette/middleware/base.py", line 163, in call_next
    raise app_exc
  File "/Volumes/d/hermes/.venv/lib/python3.9/site-packages/starlette/middleware/base.py", line 149, in coro
    await self.app(scope, receive_or_disconnect, send_no_error)
  File "/Volumes/d/hermes/.venv/lib/python3.9/site-packages/starlette/middleware/exceptions.py", line 62, in __call__
    await wrap_app_handling_exceptions(self.app, conn)(scope, receive, send)
  File "/Volumes/d/hermes/.venv/lib/python3.9/site-packages/starlette/_exception_handler.py", line 53, in wrapped_app
    raise exc
  File "/Volumes/d/hermes/.venv/lib/python3.9/site-packages/starlette/_exception_handler.py", line 42, in wrapped_app
    await app(scope, receive, sender)
  File "/Volumes/d/hermes/.venv/lib/python3.9/site-packages/starlette/routing.py", line 715, in __call__
    await self.middleware_stack(scope, receive, send)
  File "/Volumes/d/hermes/.venv/lib/python3.9/site-packages/starlette/routing.py", line 735, in app
    await route.handle(scope, receive, send)
  File "/Volumes/d/hermes/.venv/lib/python3.9/site-packages/starlette/routing.py", line 288, in handle
    await self.app(scope, receive, send)
  File "/Volumes/d/hermes/.venv/lib/python3.9/site-packages/starlette/routing.py", line 76, in app
    await wrap_app_handling_exceptions(app, request)(scope, receive, send)
  File "/Volumes/d/hermes/.venv/lib/python3.9/site-packages/starlette/_exception_handler.py", line 53, in wrapped_app
    raise exc
  File "/Volumes/d/hermes/.venv/lib/python3.9/site-packages/starlette/_exception_handler.py", line 42, in wrapped_app
    await app(scope, receive, sender)
  File "/Volumes/d/hermes/.venv/lib/python3.9/site-packages/starlette/routing.py", line 73, in app
    response = await f(request)
  File "/Volumes/d/hermes/.venv/lib/python3.9/site-packages/fastapi/routing.py", line 301, in app
    raw_response = await run_endpoint_function(
  File "/Volumes/d/hermes/.venv/lib/python3.9/site-packages/fastapi/routing.py", line 214, in run_endpoint_function
    return await run_in_threadpool(dependant.call, **values)
  File "/Volumes/d/hermes/.venv/lib/python3.9/site-packages/starlette/concurrency.py", line 39, in run_in_threadpool
    return await anyio.to_thread.run_sync(func, *args)
  File "/Volumes/d/hermes/.venv/lib/python3.9/site-packages/anyio/to_thread.py", line 63, in run_sync
    return await get_async_backend().run_sync_in_worker_thread(
  File "/Volumes/d/hermes/.venv/lib/python3.9/site-packages/anyio/_backends/_asyncio.py", line 2502, in run_sync_in_worker_thread
    return await future
  File "/Volumes/d/hermes/.venv/lib/python3.9/site-packages/anyio/_backends/_asyncio.py", line 986, in run
    result = context.run(func, *args)
  File "/Volumes/d/hermes/backend/app/routes/assets.py", line 74, in list_timelines
    return q.order_by(models.Timeline.created_at).all()
  File "/Volumes/d/hermes/.venv/lib/python3.9/site-packages/sqlalchemy/orm/query.py", line 2673, in all
    return self._iter().all()  # type: ignore
  File "/Volumes/d/hermes/.venv/lib/python3.9/site-packages/sqlalchemy/orm/query.py", line 2827, in _iter
    result: Union[ScalarResult[_T], Result[_T]] = self.session.execute(
  File "/Volumes/d/hermes/.venv/lib/python3.9/site-packages/sqlalchemy/orm/session.py", line 2362, in execute
    return self._execute_internal(
  File "/Volumes/d/hermes/.venv/lib/python3.9/site-packages/sqlalchemy/orm/session.py", line 2247, in _execute_internal
    result: Result[Any] = compile_state_cls.orm_execute_statement(
  File "/Volumes/d/hermes/.venv/lib/python3.9/site-packages/sqlalchemy/orm/context.py", line 305, in orm_execute_statement
    result = conn.execute(
  File "/Volumes/d/hermes/.venv/lib/python3.9/site-packages/sqlalchemy/engine/base.py", line 1418, in execute
    return meth(
  File "/Volumes/d/hermes/.venv/lib/python3.9/site-packages/sqlalchemy/sql/elements.py", line 515, in _execute_on_connection
    return connection._execute_clauseelement(
  File "/Volumes/d/hermes/.venv/lib/python3.9/site-packages/sqlalchemy/engine/base.py", line 1640, in _execute_clauseelement
    ret = self._execute_context(
  File "/Volumes/d/hermes/.venv/lib/python3.9/site-packages/sqlalchemy/engine/base.py", line 1846, in _execute_context
    return self._exec_single_context(
  File "/Volumes/d/hermes/.venv/lib/python3.9/site-packages/sqlalchemy/engine/base.py", line 1986, in _exec_single_context
    self._handle_dbapi_exception(
  File "/Volumes/d/hermes/.venv/lib/python3.9/site-packages/sqlalchemy/engine/base.py", line 2355, in _handle_dbapi_exception
    raise sqlalchemy_exception.with_traceback(exc_info[2]) from e
  File "/Volumes/d/hermes/.venv/lib/python3.9/site-packages/sqlalchemy/engine/base.py", line 1967, in _exec_single_context
    self.dialect.do_execute(
  File "/Volumes/d/hermes/.venv/lib/python3.9/site-packages/sqlalchemy/engine/default.py", line 941, in do_execute
    cursor.execute(statement, parameters)
sqlalchemy.exc.DatabaseError: (sqlite3.DatabaseError) file is not a database
[SQL: SELECT timelines.id AS timelines_id, timelines.video_id AS timelines_video_id, timelines.parent_id AS timelines_parent_id, timelines.label AS timelines_label, timelines.status AS timelines_status, timelines.branch_reason AS timelines_branch_reason, timelines.created_by AS timelines_created_by, timelines.apply_time AS timelines_apply_time, timelines.created_at AS timelines_created_at 
FROM timelines 
WHERE timelines.video_id = ? ORDER BY timelines.created_at]
[parameters: ('5f150c66-1f65-45ca-a216-ce649ffa84bb',)]
(Background on this error at: https://sqlalche.me/e/20/4xp6)
2026-05-05 13:16:03 | INFO     | hermes.http | ← GET /api/assets/shots 200 82.9ms
2026-05-05 13:16:03 | INFO     | hermes.http | ← GET /api/videos/5f150c66-1f65-45ca-a216-ce649ffa84bb/characters 200 82.2ms
2026-05-05 13:16:06 | INFO     | hermes.http | → GET /api/assets/shots
2026-05-05 13:16:06 | INFO     | hermes.http | → GET /api/assets/timelines
2026-05-05 13:16:06 | INFO     | hermes.http | → GET /api/videos/5f150c66-1f65-45ca-a216-ce649ffa84bb/characters
2026-05-05 13:16:07 | INFO     | hermes.http | ← GET /api/assets/shots 200 10.5ms
2026-05-05 13:16:07 | INFO     | hermes.http | ← GET /api/videos/5f150c66-1f65-45ca-a216-ce649ffa84bb/characters 200 14.9ms
2026-05-05 13:16:07 | INFO     | hermes.http | ← GET /api/assets/timelines 200 20.1ms
2026-05-05 13:16:10 | INFO     | hermes.http | → GET /api/assets/shots
2026-05-05 13:16:10 | INFO     | hermes.http | → GET /api/videos/5f150c66-1f65-45ca-a216-ce649ffa84bb/characters
2026-05-05 13:16:10 | INFO     | hermes.http | → GET /api/assets/timelines
2026-05-05 13:16:10 | INFO     | hermes.http | ← GET /api/assets/shots 200 9.3ms
2026-05-05 13:16:10 | INFO     | hermes.http | ← GET /api/videos/5f150c66-1f65-45ca-a216-ce649ffa84bb/characters 200 16.2ms
2026-05-05 13:16:10 | INFO     | hermes.http | ← GET /api/assets/timelines 200 16.7ms
2026-05-05 13:16:12 | INFO     | hermes.http | → GET /api/assets/shots
2026-05-05 13:16:12 | INFO     | hermes.http | → GET /api/assets/timelines
2026-05-05 13:16:12 | INFO     | hermes.http | → GET /api/videos/5f150c66-1f65-45ca-a216-ce649ffa84bb/characters
2026-05-05 13:16:12 | INFO     | hermes.http | ← GET /api/assets/shots 200 20.4ms
2026-05-05 13:16:12 | INFO     | hermes.http | ← GET /api/videos/5f150c66-1f65-45ca-a216-ce649ffa84bb/characters 200 22.9ms
2026-05-05 13:16:12 | INFO     | hermes.http | ← GET /api/assets/timelines 200 24.2ms
2026-05-05 13:16:14 | INFO     | hermes.http | → GET /api/assets/shots
2026-05-05 13:16:14 | INFO     | hermes.http | → GET /api/assets/timelines
2026-05-05 13:16:14 | INFO     | hermes.http | → GET /api/videos/5f150c66-1f65-45ca-a216-ce649ffa84bb/characters
2026-05-05 13:16:14 | INFO     | hermes.http | ← GET /api/assets/shots 200 20.2ms
2026-05-05 13:16:14 | INFO     | hermes.http | ← GET /api/assets/timelines 200 20.7ms
2026-05-05 13:16:14 | INFO     | hermes.http | ← GET /api/videos/5f150c66-1f65-45ca-a216-ce649ffa84bb/characters 200 21.5ms
2026-05-05 13:16:38 | INFO     | hermes.http | → GET /favicon.ico
2026-05-05 13:16:38 | INFO     | hermes.http | ← GET /favicon.ico 200 8.4ms
2026-05-05 13:16:42 | INFO     | hermes.http | → GET /api/jobs
2026-05-05 13:16:42 | INFO     | hermes.http | ← GET /api/jobs 200 16.6ms
2026-05-05 13:16:46 | INFO     | hermes.http | → GET /api/configs/models
2026-05-05 13:16:46 | INFO     | hermes.http | ← GET /api/configs/models 200 13.8ms
2026-05-05 13:16:50 | INFO     | hermes.http | → GET /api/videos
2026-05-05 13:16:50 | INFO     | hermes.http | ← GET /api/videos 200 24.4ms
2026-05-05 13:16:50 | INFO     | hermes.http | → GET /api/videos/5f150c66-1f65-45ca-a216-ce649ffa84bb
2026-05-05 13:16:50 | INFO     | hermes.http | → GET /api/videos/5f150c66-1f65-45ca-a216-ce649ffa84bb/timelines
2026-05-05 13:16:50 | INFO     | hermes.http | ← GET /api/videos/5f150c66-1f65-45ca-a216-ce649ffa84bb 200 25.5ms
2026-05-05 13:16:50 | INFO     | hermes.http | ← GET /api/videos/5f150c66-1f65-45ca-a216-ce649ffa84bb/timelines 200 34.4ms
2026-05-05 13:16:50 | INFO     | hermes.http | → GET /api/timelines/19e2ffff-d04a-419f-8a07-969e2c0b85ec/manifest
2026-05-05 13:16:50 | INFO     | hermes.http | → GET /api/chat/19e2ffff-d04a-419f-8a07-969e2c0b85ec/messages
2026-05-05 13:16:50 | INFO     | hermes.http | ← GET /api/timelines/19e2ffff-d04a-419f-8a07-969e2c0b85ec/manifest 200 14.0ms
2026-05-05 13:16:50 | INFO     | hermes.http | ← GET /api/chat/19e2ffff-d04a-419f-8a07-969e2c0b85ec/messages 200 14.1ms
2026-05-05 13:34:56 | INFO     | hermes.http | → GET /api/configs/models
2026-05-05 13:34:56 | INFO     | hermes.http | → GET /favicon.ico
2026-05-05 13:34:56 | INFO     | hermes.http | ← GET /favicon.ico 200 15.2ms
2026-05-05 13:34:56 | INFO     | hermes.http | ← GET /api/configs/models 200 35.9ms
2026-05-05 13:38:06 | INFO     | hermes.http | → POST /api/configs/models
2026-05-05 13:38:06 | INFO     | app.routes.configs | 模型配置已创建 id=6fa10238-e73 kind=video profile=fast name=deepseekv4 enabled=True
2026-05-05 13:38:06 | INFO     | hermes.http | ← POST /api/configs/models 200 57.3ms
2026-05-05 13:38:06 | INFO     | hermes.http | → GET /api/configs/models
2026-05-05 13:38:06 | INFO     | hermes.http | ← GET /api/configs/models 200 4.4ms
2026-05-05 13:39:26 | INFO     | hermes.http | → GET /api/videos
2026-05-05 13:39:26 | INFO     | hermes.http | → GET /favicon.ico
2026-05-05 13:39:26 | INFO     | hermes.http | ← GET /favicon.ico 200 12.4ms
2026-05-05 13:39:26 | INFO     | hermes.http | ← GET /api/videos 200 19.9ms
2026-05-05 13:39:26 | INFO     | hermes.http | → GET /api/videos/5f150c66-1f65-45ca-a216-ce649ffa84bb
2026-05-05 13:39:26 | INFO     | hermes.http | → GET /api/videos/5f150c66-1f65-45ca-a216-ce649ffa84bb/timelines
2026-05-05 13:39:26 | INFO     | hermes.http | ← GET /api/videos/5f150c66-1f65-45ca-a216-ce649ffa84bb 200 6.9ms
2026-05-05 13:39:26 | INFO     | hermes.http | ← GET /api/videos/5f150c66-1f65-45ca-a216-ce649ffa84bb/timelines 200 11.6ms
2026-05-05 13:39:26 | INFO     | hermes.http | → GET /api/chat/19e2ffff-d04a-419f-8a07-969e2c0b85ec/messages
2026-05-05 13:39:26 | INFO     | hermes.http | → GET /api/timelines/19e2ffff-d04a-419f-8a07-969e2c0b85ec/manifest
2026-05-05 13:39:26 | INFO     | hermes.http | ← GET /api/chat/19e2ffff-d04a-419f-8a07-969e2c0b85ec/messages 200 5.4ms
2026-05-05 13:39:26 | INFO     | hermes.http | ← GET /api/timelines/19e2ffff-d04a-419f-8a07-969e2c0b85ec/manifest 200 6.1ms
2026-05-05 13:39:51 | INFO     | hermes.http | → POST /api/chat
2026-05-05 13:39:59 | INFO     | app.routes.chat | 对话请求 intent=qa timeline=19e2ffff-d04 play=0.00s profile=fast chars=12
2026-05-05 13:40:09 | INFO     | hermes.http | ← POST /api/chat 200 17827.5ms
2026-05-05 13:42:13 | INFO     | hermes.http | → POST /api/chat
2026-05-05 13:42:13 | INFO     | app.routes.chat | 对话请求 intent=intervention timeline=19e2ffff-d04 play=0.00s profile=fast chars=12
2026-05-05 13:44:01 | WARNING  | app.services.agents.generator | 未解析到带参照图的角色（请确认对白/主体与角色库展示名一致，且已上传参照图或三视图），将不调用 MiniMax 文生
2026-05-05 13:44:01 | WARNING  | app.services.video_gen | 已启用「须角色库参照图」：未提供有效参考图，跳过 MiniMax 调用，使用本地占位视频（避免与角色外观不一致）。
2026-05-05 13:44:15 | WARNING  | app.services.agents.generator | 未解析到带参照图的角色（请确认对白/主体与角色库展示名一致，且已上传参照图或三视图），将不调用 MiniMax 文生
2026-05-05 13:44:15 | WARNING  | app.services.video_gen | 已启用「须角色库参照图」：未提供有效参考图，跳过 MiniMax 调用，使用本地占位视频（避免与角色外观不一致）。
2026-05-05 13:44:25 | WARNING  | app.services.agents.generator | 未解析到带参照图的角色（请确认对白/主体与角色库展示名一致，且已上传参照图或三视图），将不调用 MiniMax 文生
2026-05-05 13:44:25 | WARNING  | app.services.video_gen | 已启用「须角色库参照图」：未提供有效参考图，跳过 MiniMax 调用，使用本地占位视频（避免与角色外观不一致）。
2026-05-05 13:44:44 | INFO     | hermes.http | ← POST /api/chat 200 150998.9ms
2026-05-05 13:44:44 | INFO     | hermes.http | → GET /api/videos/5f150c66-1f65-45ca-a216-ce649ffa84bb/timelines
2026-05-05 13:44:44 | INFO     | hermes.http | ← GET /api/videos/5f150c66-1f65-45ca-a216-ce649ffa84bb/timelines 200 17.7ms
2026-05-05 13:44:44 | INFO     | hermes.http | → GET /api/timelines/19e2ffff-d04a-419f-8a07-969e2c0b85ec/manifest
2026-05-05 13:44:44 | INFO     | hermes.http | ← GET /api/timelines/19e2ffff-d04a-419f-8a07-969e2c0b85ec/manifest 200 9.4ms
2026-05-05 13:48:26 | INFO     | hermes.http | → GET /api/jobs
2026-05-05 13:48:26 | INFO     | hermes.http | → GET /favicon.ico
2026-05-05 13:48:26 | INFO     | hermes.http | ← GET /favicon.ico 200 15.8ms
2026-05-05 13:48:26 | INFO     | hermes.http | ← GET /api/jobs 200 111.4ms
2026-05-05 13:48:30 | INFO     | hermes.http | → GET /api/jobs
2026-05-05 13:48:30 | INFO     | hermes.http | ← GET /api/jobs 200 12.2ms
2026-05-05 13:48:34 | INFO     | hermes.http | → GET /api/jobs
2026-05-05 13:48:34 | INFO     | hermes.http | ← GET /api/jobs 200 6.7ms
2026-05-05 13:48:38 | INFO     | hermes.http | → GET /api/jobs
2026-05-05 13:48:38 | INFO     | hermes.http | ← GET /api/jobs 200 5.6ms
2026-05-05 13:48:42 | INFO     | hermes.http | → GET /api/jobs
2026-05-05 13:48:42 | INFO     | hermes.http | ← GET /api/jobs 200 18.8ms
2026-05-05 13:48:46 | INFO     | hermes.http | → GET /api/jobs
2026-05-05 13:48:46 | INFO     | hermes.http | ← GET /api/jobs 200 16.3ms
2026-05-05 13:48:50 | INFO     | hermes.http | → GET /api/jobs
2026-05-05 13:48:50 | INFO     | hermes.http | ← GET /api/jobs 200 24.0ms
2026-05-05 13:48:54 | INFO     | hermes.http | → GET /api/jobs
2026-05-05 13:48:54 | INFO     | hermes.http | ← GET /api/jobs 200 19.1ms
2026-05-05 13:48:58 | INFO     | hermes.http | → GET /api/jobs
2026-05-05 13:48:58 | INFO     | hermes.http | ← GET /api/jobs 200 13.8ms
2026-05-05 13:49:01 | INFO     | hermes.http | → GET /api/videos
2026-05-05 13:49:01 | INFO     | hermes.http | ← GET /api/videos 200 8.9ms
2026-05-05 13:49:01 | INFO     | hermes.http | → GET /api/videos/5f150c66-1f65-45ca-a216-ce649ffa84bb
2026-05-05 13:49:01 | INFO     | hermes.http | → GET /api/videos/5f150c66-1f65-45ca-a216-ce649ffa84bb/timelines
2026-05-05 13:49:01 | INFO     | hermes.http | ← GET /api/videos/5f150c66-1f65-45ca-a216-ce649ffa84bb 200 17.0ms
2026-05-05 13:49:01 | INFO     | hermes.http | ← GET /api/videos/5f150c66-1f65-45ca-a216-ce649ffa84bb/timelines 200 26.6ms
2026-05-05 13:49:01 | INFO     | hermes.http | → GET /api/chat/19e2ffff-d04a-419f-8a07-969e2c0b85ec/messages
2026-05-05 13:49:01 | INFO     | hermes.http | → GET /api/timelines/19e2ffff-d04a-419f-8a07-969e2c0b85ec/manifest
2026-05-05 13:49:01 | INFO     | hermes.http | ← GET /api/chat/19e2ffff-d04a-419f-8a07-969e2c0b85ec/messages 200 10.3ms
2026-05-05 13:49:01 | INFO     | hermes.http | ← GET /api/timelines/19e2ffff-d04a-419f-8a07-969e2c0b85ec/manifest 200 10.0ms
2026-05-05 13:49:20 | INFO     | hermes.http | → POST /api/chat
2026-05-05 13:49:32 | INFO     | app.routes.chat | 对话请求 intent=qa timeline=19e2ffff-d04 play=0.00s profile=fast chars=14
2026-05-05 13:49:41 | INFO     | hermes.http | ← POST /api/chat 200 21484.7ms
2026-05-05 13:50:57 | INFO     | hermes.http | → DELETE /api/chat/19e2ffff-d04a-419f-8a07-969e2c0b85ec/messages
2026-05-05 13:50:57 | INFO     | app.routes.chat | 已清除对话 timeline=19e2ffff-d04 deleted=8
2026-05-05 13:50:57 | INFO     | hermes.http | ← DELETE /api/chat/19e2ffff-d04a-419f-8a07-969e2c0b85ec/messages 200 35.9ms
2026-05-05 13:51:01 | INFO     | hermes.http | → POST /api/chat
2026-05-05 13:51:01 | INFO     | app.routes.chat | 对话请求 intent=intervention timeline=19e2ffff-d04 play=0.00s profile=fast chars=14
2026-05-05 13:53:03 | WARNING  | app.services.agents.generator | 未解析到带参照图的角色（请确认对白/主体与角色库展示名一致，且已上传参照图或三视图），将不调用 MiniMax 文生
2026-05-05 13:53:03 | WARNING  | app.services.video_gen | 已启用「须角色库参照图」：未提供有效参考图，跳过 MiniMax 调用，使用本地占位视频（避免与角色外观不一致）。
2026-05-05 13:53:30 | WARNING  | app.services.agents.generator | 未解析到带参照图的角色（请确认对白/主体与角色库展示名一致，且已上传参照图或三视图），将不调用 MiniMax 文生
2026-05-05 13:53:30 | WARNING  | app.services.video_gen | 已启用「须角色库参照图」：未提供有效参考图，跳过 MiniMax 调用，使用本地占位视频（避免与角色外观不一致）。
2026-05-05 13:53:51 | WARNING  | app.services.agents.generator | 未解析到带参照图的角色（请确认对白/主体与角色库展示名一致，且已上传参照图或三视图），将不调用 MiniMax 文生
2026-05-05 13:53:51 | WARNING  | app.services.video_gen | 已启用「须角色库参照图」：未提供有效参考图，跳过 MiniMax 调用，使用本地占位视频（避免与角色外观不一致）。
2026-05-05 13:54:05 | WARNING  | app.services.agents.generator | 未解析到带参照图的角色（请确认对白/主体与角色库展示名一致，且已上传参照图或三视图），将不调用 MiniMax 文生
2026-05-05 13:54:05 | WARNING  | app.services.video_gen | 已启用「须角色库参照图」：未提供有效参考图，跳过 MiniMax 调用，使用本地占位视频（避免与角色外观不一致）。
2026-05-05 13:54:22 | WARNING  | app.services.agents.generator | 未解析到带参照图的角色（请确认对白/主体与角色库展示名一致，且已上传参照图或三视图），将不调用 MiniMax 文生
2026-05-05 13:54:22 | WARNING  | app.services.video_gen | 已启用「须角色库参照图」：未提供有效参考图，跳过 MiniMax 调用，使用本地占位视频（避免与角色外观不一致）。
2026-05-05 13:54:37 | INFO     | hermes.http | ← POST /api/chat 200 216227.7ms
2026-05-05 13:54:37 | INFO     | hermes.http | → GET /api/videos/5f150c66-1f65-45ca-a216-ce649ffa84bb/timelines
2026-05-05 13:54:37 | INFO     | hermes.http | → GET /api/timelines/19e2ffff-d04a-419f-8a07-969e2c0b85ec/manifest
2026-05-05 13:54:37 | INFO     | hermes.http | ← GET /api/videos/5f150c66-1f65-45ca-a216-ce649ffa84bb/timelines 200 12.8ms
2026-05-05 13:54:37 | INFO     | hermes.http | ← GET /api/timelines/19e2ffff-d04a-419f-8a07-969e2c0b85ec/manifest 200 7.1ms
2026-05-05 14:02:35 | INFO     | hermes.http | → GET /api/chat/123c6a34-40cf-43a0-9147-d832f244c40f/messages
2026-05-05 14:02:35 | INFO     | hermes.http | → GET /api/timelines/123c6a34-40cf-43a0-9147-d832f244c40f/manifest
2026-05-05 14:02:35 | INFO     | hermes.http | ← GET /api/chat/123c6a34-40cf-43a0-9147-d832f244c40f/messages 200 91.4ms
2026-05-05 14:02:35 | INFO     | hermes.http | ← GET /api/timelines/123c6a34-40cf-43a0-9147-d832f244c40f/manifest 200 80.6ms
2026-05-05 14:02:36 | INFO     | hermes.http | → GET /api/jobs
2026-05-05 14:02:36 | INFO     | hermes.http | → GET /favicon.ico
2026-05-05 14:02:36 | INFO     | hermes.http | ← GET /favicon.ico 200 18.7ms
2026-05-05 14:02:36 | INFO     | hermes.http | ← GET /api/jobs 200 49.0ms
2026-05-05 14:02:40 | INFO     | hermes.http | → GET /api/jobs
2026-05-05 14:02:40 | INFO     | hermes.http | ← GET /api/jobs 200 8.9ms
2026-05-05 14:02:44 | INFO     | hermes.http | → GET /api/jobs
2026-05-05 14:02:44 | INFO     | hermes.http | ← GET /api/jobs 200 6.6ms
2026-05-05 14:02:48 | INFO     | hermes.http | → GET /api/jobs
2026-05-05 14:02:48 | INFO     | hermes.http | ← GET /api/jobs 200 16.4ms
2026-05-05 14:02:52 | INFO     | hermes.http | → GET /api/jobs
2026-05-05 14:02:52 | INFO     | hermes.http | ← GET /api/jobs 200 14.0ms
2026-05-05 14:02:56 | INFO     | hermes.http | → GET /api/jobs
2026-05-05 14:02:56 | INFO     | hermes.http | ← GET /api/jobs 200 10.6ms
2026-05-05 14:03:00 | INFO     | hermes.http | → GET /api/jobs
2026-05-05 14:03:00 | INFO     | hermes.http | ← GET /api/jobs 200 10.9ms
2026-05-05 14:03:04 | INFO     | hermes.http | → GET /api/jobs
2026-05-05 14:03:04 | INFO     | hermes.http | ← GET /api/jobs 200 6.8ms
2026-05-05 14:03:07 | INFO     | hermes.http | → GET /api/videos
2026-05-05 14:03:07 | INFO     | hermes.http | ← GET /api/videos 200 26.0ms
2026-05-05 14:03:07 | INFO     | hermes.http | → GET /api/assets/shots
2026-05-05 14:03:07 | INFO     | hermes.http | → GET /api/assets/timelines
2026-05-05 14:03:07 | INFO     | hermes.http | → GET /api/videos/5f150c66-1f65-45ca-a216-ce649ffa84bb/characters
2026-05-05 14:03:07 | INFO     | hermes.http | ← GET /api/assets/shots 200 35.9ms
2026-05-05 14:03:07 | INFO     | hermes.http | ← GET /api/videos/5f150c66-1f65-45ca-a216-ce649ffa84bb/characters 200 34.8ms
2026-05-05 14:03:07 | INFO     | hermes.http | ← GET /api/assets/timelines 200 98.7ms
2026-05-05 14:03:24 | INFO     | hermes.http | → GET /api/videos
2026-05-05 14:03:24 | INFO     | hermes.http | ← GET /api/videos 200 6.6ms
2026-05-05 14:03:24 | INFO     | hermes.http | → GET /api/videos/5f150c66-1f65-45ca-a216-ce649ffa84bb
2026-05-05 14:03:24 | INFO     | hermes.http | → GET /api/videos/5f150c66-1f65-45ca-a216-ce649ffa84bb/timelines
2026-05-05 14:03:24 | INFO     | hermes.http | ← GET /api/videos/5f150c66-1f65-45ca-a216-ce649ffa84bb 200 6.8ms
2026-05-05 14:03:24 | INFO     | hermes.http | ← GET /api/videos/5f150c66-1f65-45ca-a216-ce649ffa84bb/timelines 200 14.4ms
2026-05-05 14:03:24 | INFO     | hermes.http | → GET /api/chat/19e2ffff-d04a-419f-8a07-969e2c0b85ec/messages
2026-05-05 14:03:24 | INFO     | hermes.http | → GET /api/timelines/19e2ffff-d04a-419f-8a07-969e2c0b85ec/manifest
2026-05-05 14:03:24 | INFO     | hermes.http | ← GET /api/chat/19e2ffff-d04a-419f-8a07-969e2c0b85ec/messages 200 6.1ms
2026-05-05 14:03:24 | INFO     | hermes.http | ← GET /api/timelines/19e2ffff-d04a-419f-8a07-969e2c0b85ec/manifest 200 5.9ms
2026-05-05 14:03:37 | INFO     | hermes.http | → POST /api/chat
2026-05-05 14:03:45 | INFO     | hermes.http | ← POST /api/chat 200 7893.6ms
2026-05-05 14:03:46 | INFO     | hermes.http | → POST /api/chat
2026-05-05 14:03:46 | INFO     | app.routes.chat | 对话请求 intent=intervention timeline=19e2ffff-d04 play=0.00s profile=fast chars=9
2026-05-05 14:10:22 | INFO     | hermes.http | → GET /api/configs/models
2026-05-05 14:10:22 | INFO     | hermes.http | → GET /favicon.ico
2026-05-05 14:10:22 | INFO     | hermes.http | ← GET /favicon.ico 200 10.0ms
2026-05-05 14:10:24 | INFO     | hermes.http | → GET /api/jobs
2026-05-05 14:12:09 | INFO     | hermes | 日志文件：/Volumes/d/hermes/backend/storage/logs/hermes.log（级别 INFO）
2026-05-05 14:12:11 | INFO     | hermes.http | → GET /library
2026-05-05 14:12:11 | INFO     | hermes.http | ← GET /library 200 3.5ms
2026-05-05 14:12:12 | INFO     | hermes.http | → GET /assets/index-DbBk7UTL.js
2026-05-05 14:12:12 | INFO     | hermes.http | → GET /assets/index-wuEGQXXT.css
2026-05-05 14:12:12 | INFO     | hermes.http | ← GET /assets/index-DbBk7UTL.js 200 1.3ms
2026-05-05 14:12:12 | INFO     | hermes.http | ← GET /assets/index-wuEGQXXT.css 200 12.1ms
2026-05-05 14:12:12 | INFO     | hermes.http | → GET /api/videos
2026-05-05 14:12:12 | INFO     | hermes.http | ← GET /api/videos 200 6.8ms
2026-05-05 14:12:12 | INFO     | hermes.http | → GET /api/assets/shots
2026-05-05 14:12:12 | INFO     | hermes.http | → GET /api/assets/timelines
2026-05-05 14:12:12 | INFO     | hermes.http | → GET /api/videos/5f150c66-1f65-45ca-a216-ce649ffa84bb/characters
2026-05-05 14:12:12 | INFO     | hermes.http | ← GET /api/videos/5f150c66-1f65-45ca-a216-ce649ffa84bb/characters 200 41.2ms
2026-05-05 14:12:12 | INFO     | hermes.http | ← GET /api/assets/shots 200 50.1ms
2026-05-05 14:12:12 | INFO     | hermes.http | ← GET /api/assets/timelines 200 50.7ms
2026-05-05 14:12:50 | INFO     | hermes.http | → DELETE /api/timelines/123c6a34-40cf-43a0-9147-d832f244c40f
2026-05-05 14:12:50 | INFO     | hermes.http | ← DELETE /api/timelines/123c6a34-40cf-43a0-9147-d832f244c40f 200 64.2ms
2026-05-05 14:12:50 | INFO     | hermes.http | → GET /api/assets/timelines
2026-05-05 14:12:50 | INFO     | hermes.http | ← GET /api/assets/timelines 200 7.3ms
2026-05-05 14:12:52 | INFO     | hermes.http | → DELETE /api/timelines/b2cab95d-1ef1-459e-a5e4-782c58ff2e80
2026-05-05 14:12:52 | INFO     | hermes.http | ← DELETE /api/timelines/b2cab95d-1ef1-459e-a5e4-782c58ff2e80 200 9.7ms
2026-05-05 14:12:52 | INFO     | hermes.http | → GET /api/assets/timelines
2026-05-05 14:12:52 | INFO     | hermes.http | ← GET /api/assets/timelines 200 4.1ms
2026-05-05 14:12:55 | INFO     | hermes.http | → GET /api/assets/shots
2026-05-05 14:12:55 | INFO     | hermes.http | → GET /api/assets/timelines
2026-05-05 14:12:55 | INFO     | hermes.http | → GET /api/videos/5f150c66-1f65-45ca-a216-ce649ffa84bb/characters
2026-05-05 14:12:55 | ERROR    | hermes.http | 请求异常 GET /api/assets/shots
Traceback (most recent call last):
  File "/Volumes/d/hermes/.venv/lib/python3.9/site-packages/sqlalchemy/engine/base.py", line 1967, in _exec_single_context
    self.dialect.do_execute(
  File "/Volumes/d/hermes/.venv/lib/python3.9/site-packages/sqlalchemy/engine/default.py", line 941, in do_execute
    cursor.execute(statement, parameters)
sqlite3.DatabaseError: file is not a database

The above exception was the direct cause of the following exception:

Traceback (most recent call last):
  File "/Volumes/d/hermes/backend/app/main.py", line 34, in http_access_log
    response = await call_next(request)
  File "/Volumes/d/hermes/.venv/lib/python3.9/site-packages/starlette/middleware/base.py", line 163, in call_next
    raise app_exc
  File "/Volumes/d/hermes/.venv/lib/python3.9/site-packages/starlette/middleware/base.py", line 149, in coro
    await self.app(scope, receive_or_disconnect, send_no_error)
  File "/Volumes/d/hermes/.venv/lib/python3.9/site-packages/starlette/middleware/exceptions.py", line 62, in __call__
    await wrap_app_handling_exceptions(self.app, conn)(scope, receive, send)
  File "/Volumes/d/hermes/.venv/lib/python3.9/site-packages/starlette/_exception_handler.py", line 53, in wrapped_app
    raise exc
  File "/Volumes/d/hermes/.venv/lib/python3.9/site-packages/starlette/_exception_handler.py", line 42, in wrapped_app
    await app(scope, receive, sender)
  File "/Volumes/d/hermes/.venv/lib/python3.9/site-packages/starlette/routing.py", line 715, in __call__
    await self.middleware_stack(scope, receive, send)
  File "/Volumes/d/hermes/.venv/lib/python3.9/site-packages/starlette/routing.py", line 735, in app
    await route.handle(scope, receive, send)
  File "/Volumes/d/hermes/.venv/lib/python3.9/site-packages/starlette/routing.py", line 288, in handle
    await self.app(scope, receive, send)
  File "/Volumes/d/hermes/.venv/lib/python3.9/site-packages/starlette/routing.py", line 76, in app
    await wrap_app_handling_exceptions(app, request)(scope, receive, send)
  File "/Volumes/d/hermes/.venv/lib/python3.9/site-packages/starlette/_exception_handler.py", line 53, in wrapped_app
    raise exc
  File "/Volumes/d/hermes/.venv/lib/python3.9/site-packages/starlette/_exception_handler.py", line 42, in wrapped_app
    await app(scope, receive, sender)
  File "/Volumes/d/hermes/.venv/lib/python3.9/site-packages/starlette/routing.py", line 73, in app
    response = await f(request)
  File "/Volumes/d/hermes/.venv/lib/python3.9/site-packages/fastapi/routing.py", line 301, in app
    raw_response = await run_endpoint_function(
  File "/Volumes/d/hermes/.venv/lib/python3.9/site-packages/fastapi/routing.py", line 214, in run_endpoint_function
    return await run_in_threadpool(dependant.call, **values)
  File "/Volumes/d/hermes/.venv/lib/python3.9/site-packages/starlette/concurrency.py", line 39, in run_in_threadpool
    return await anyio.to_thread.run_sync(func, *args)
  File "/Volumes/d/hermes/.venv/lib/python3.9/site-packages/anyio/to_thread.py", line 63, in run_sync
    return await get_async_backend().run_sync_in_worker_thread(
  File "/Volumes/d/hermes/.venv/lib/python3.9/site-packages/anyio/_backends/_asyncio.py", line 2502, in run_sync_in_worker_thread
    return await future
  File "/Volumes/d/hermes/.venv/lib/python3.9/site-packages/anyio/_backends/_asyncio.py", line 986, in run
    result = context.run(func, *args)
  File "/Volumes/d/hermes/backend/app/routes/assets.py", line 53, in list_shots
    rows = q.order_by(models.ShotSegment.created_at.desc()).limit(500).all()
  File "/Volumes/d/hermes/.venv/lib/python3.9/site-packages/sqlalchemy/orm/query.py", line 2673, in all
    return self._iter().all()  # type: ignore
  File "/Volumes/d/hermes/.venv/lib/python3.9/site-packages/sqlalchemy/orm/query.py", line 2827, in _iter
    result: Union[ScalarResult[_T], Result[_T]] = self.session.execute(
  File "/Volumes/d/hermes/.venv/lib/python3.9/site-packages/sqlalchemy/orm/session.py", line 2362, in execute
    return self._execute_internal(
  File "/Volumes/d/hermes/.venv/lib/python3.9/site-packages/sqlalchemy/orm/session.py", line 2247, in _execute_internal
    result: Result[Any] = compile_state_cls.orm_execute_statement(
  File "/Volumes/d/hermes/.venv/lib/python3.9/site-packages/sqlalchemy/orm/context.py", line 305, in orm_execute_statement
    result = conn.execute(
  File "/Volumes/d/hermes/.venv/lib/python3.9/site-packages/sqlalchemy/engine/base.py", line 1418, in execute
    return meth(
  File "/Volumes/d/hermes/.venv/lib/python3.9/site-packages/sqlalchemy/sql/elements.py", line 515, in _execute_on_connection
    return connection._execute_clauseelement(
  File "/Volumes/d/hermes/.venv/lib/python3.9/site-packages/sqlalchemy/engine/base.py", line 1640, in _execute_clauseelement
    ret = self._execute_context(
  File "/Volumes/d/hermes/.venv/lib/python3.9/site-packages/sqlalchemy/engine/base.py", line 1846, in _execute_context
    return self._exec_single_context(
  File "/Volumes/d/hermes/.venv/lib/python3.9/site-packages/sqlalchemy/engine/base.py", line 1986, in _exec_single_context
    self._handle_dbapi_exception(
  File "/Volumes/d/hermes/.venv/lib/python3.9/site-packages/sqlalchemy/engine/base.py", line 2355, in _handle_dbapi_exception
    raise sqlalchemy_exception.with_traceback(exc_info[2]) from e
  File "/Volumes/d/hermes/.venv/lib/python3.9/site-packages/sqlalchemy/engine/base.py", line 1967, in _exec_single_context
    self.dialect.do_execute(
  File "/Volumes/d/hermes/.venv/lib/python3.9/site-packages/sqlalchemy/engine/default.py", line 941, in do_execute
    cursor.execute(statement, parameters)
sqlalchemy.exc.DatabaseError: (sqlite3.DatabaseError) file is not a database
[SQL: SELECT shot_segments.id AS shot_segments_id, shot_segments.video_id AS shot_segments_video_id, shot_segments.granularity AS shot_segments_granularity, shot_segments."index" AS shot_segments_index, shot_segments.start_time AS shot_segments_start_time, shot_segments.end_time AS shot_segments_end_time, shot_segments.duration AS shot_segments_duration, shot_segments.file_path AS shot_segments_file_path, shot_segments.thumbnail_path AS shot_segments_thumbnail_path, shot_segments.audio_path AS shot_segments_audio_path, shot_segments.summary AS shot_segments_summary, shot_segments.characters AS shot_segments_characters, shot_segments.location AS shot_segments_location, shot_segments.actions AS shot_segments_actions, shot_segments.dialogue AS shot_segments_dialogue, shot_segments.emotion AS shot_segments_emotion, shot_segments.objects AS shot_segments_objects, shot_segments.visual_style AS shot_segments_visual_style, shot_segments.continuity_anchors AS shot_segments_continuity_anchors, shot_segments.safety_labels AS shot_segments_safety_labels, shot_segments.tags AS shot_segments_tags, shot_segments.embedding AS shot_segments_embedding, shot_segments.source AS shot_segments_source, shot_segments.quality_score AS shot_segments_quality_score, shot_segments.created_at AS shot_segments_created_at 
FROM shot_segments 
WHERE shot_segments.video_id = ? AND shot_segments.source = ? ORDER BY shot_segments.created_at DESC
 LIMIT ? OFFSET ?]
[parameters: ('5f150c66-1f65-45ca-a216-ce649ffa84bb', 'generated', 500, 0)]
(Background on this error at: https://sqlalche.me/e/20/4xp6)
2026-05-05 14:12:55 | INFO     | hermes.http | ← GET /api/assets/timelines 200 48.9ms
2026-05-05 14:12:55 | INFO     | hermes.http | ← GET /api/videos/5f150c66-1f65-45ca-a216-ce649ffa84bb/characters 200 49.5ms
2026-05-05 14:13:07 | INFO     | hermes.http | → GET /api/assets/timelines
2026-05-05 14:13:07 | INFO     | hermes.http | → GET /api/videos/5f150c66-1f65-45ca-a216-ce649ffa84bb/characters
2026-05-05 14:13:07 | INFO     | hermes.http | → GET /api/assets/shots
2026-05-05 14:13:07 | INFO     | hermes.http | ← GET /api/assets/timelines 200 12.4ms
2026-05-05 14:13:07 | INFO     | hermes.http | ← GET /api/assets/shots 200 17.3ms
2026-05-05 14:13:07 | INFO     | hermes.http | ← GET /api/videos/5f150c66-1f65-45ca-a216-ce649ffa84bb/characters 200 18.7ms
2026-05-05 14:13:09 | INFO     | hermes.http | → GET /api/assets/shots
2026-05-05 14:13:09 | INFO     | hermes.http | → GET /api/assets/timelines
2026-05-05 14:13:09 | INFO     | hermes.http | → GET /api/videos/5f150c66-1f65-45ca-a216-ce649ffa84bb/characters
2026-05-05 14:13:09 | INFO     | hermes.http | ← GET /api/assets/shots 200 11.3ms
2026-05-05 14:13:09 | INFO     | hermes.http | ← GET /api/assets/timelines 200 12.2ms
2026-05-05 14:13:09 | INFO     | hermes.http | ← GET /api/videos/5f150c66-1f65-45ca-a216-ce649ffa84bb/characters 200 14.9ms
2026-05-05 14:13:13 | INFO     | hermes.http | → GET /api/videos
2026-05-05 14:13:13 | INFO     | hermes.http | ← GET /api/videos 200 9.4ms
2026-05-05 14:13:13 | INFO     | hermes.http | → GET /api/videos/5f150c66-1f65-45ca-a216-ce649ffa84bb
2026-05-05 14:13:13 | INFO     | hermes.http | → GET /api/videos/5f150c66-1f65-45ca-a216-ce649ffa84bb/timelines
2026-05-05 14:13:13 | INFO     | hermes.http | ← GET /api/videos/5f150c66-1f65-45ca-a216-ce649ffa84bb 200 13.1ms
2026-05-05 14:13:13 | INFO     | hermes.http | ← GET /api/videos/5f150c66-1f65-45ca-a216-ce649ffa84bb/timelines 200 17.4ms
2026-05-05 14:13:13 | INFO     | hermes.http | → GET /api/chat/19e2ffff-d04a-419f-8a07-969e2c0b85ec/messages
2026-05-05 14:13:13 | INFO     | hermes.http | → GET /api/timelines/19e2ffff-d04a-419f-8a07-969e2c0b85ec/manifest
2026-05-05 14:13:46 | INFO     | hermes | 日志文件：/Volumes/d/hermes/backend/storage/logs/hermes.log（级别 INFO）
2026-05-05 14:15:58 | INFO     | hermes.http | → GET /
2026-05-05 14:15:58 | INFO     | hermes.http | ← GET / 200 12.2ms
2026-05-05 14:15:59 | INFO     | hermes.http | → GET /api/videos
2026-05-05 14:15:59 | INFO     | hermes.http | ← GET /api/videos 200 43.3ms
2026-05-05 14:15:59 | INFO     | hermes.http | → GET /api/videos/5f150c66-1f65-45ca-a216-ce649ffa84bb
2026-05-05 14:15:59 | INFO     | hermes.http | → GET /api/videos/5f150c66-1f65-45ca-a216-ce649ffa84bb/timelines
2026-05-05 14:15:59 | INFO     | hermes.http | ← GET /api/videos/5f150c66-1f65-45ca-a216-ce649ffa84bb 200 13.3ms
2026-05-05 14:15:59 | INFO     | hermes.http | ← GET /api/videos/5f150c66-1f65-45ca-a216-ce649ffa84bb/timelines 200 24.5ms
2026-05-05 14:15:59 | INFO     | hermes.http | → GET /api/chat/19e2ffff-d04a-419f-8a07-969e2c0b85ec/messages
2026-05-05 14:15:59 | INFO     | hermes.http | → GET /api/timelines/19e2ffff-d04a-419f-8a07-969e2c0b85ec/manifest
2026-05-05 14:15:59 | INFO     | hermes.http | ← GET /api/chat/19e2ffff-d04a-419f-8a07-969e2c0b85ec/messages 200 20.7ms
2026-05-05 14:15:59 | INFO     | hermes.http | ← GET /api/timelines/19e2ffff-d04a-419f-8a07-969e2c0b85ec/manifest 200 24.8ms
2026-05-05 14:16:00 | INFO     | hermes.http | → GET /api/videos
2026-05-05 14:16:00 | INFO     | hermes.http | ← GET /api/videos 200 2.7ms
2026-05-05 14:16:00 | INFO     | hermes.http | → GET /api/assets/shots
2026-05-05 14:16:00 | INFO     | hermes.http | → GET /api/assets/timelines
2026-05-05 14:16:00 | INFO     | hermes.http | → GET /api/videos/5f150c66-1f65-45ca-a216-ce649ffa84bb/characters
2026-05-05 14:16:00 | INFO     | hermes.http | ← GET /api/assets/timelines 200 17.4ms
2026-05-05 14:16:01 | INFO     | hermes.http | ← GET /api/videos/5f150c66-1f65-45ca-a216-ce649ffa84bb/characters 200 19.2ms
2026-05-05 14:16:01 | INFO     | hermes.http | ← GET /api/assets/shots 200 26.6ms
2026-05-05 14:16:39 | INFO     | hermes.http | → GET /api/videos
2026-05-05 14:16:39 | INFO     | hermes.http | ← GET /api/videos 200 17.5ms
2026-05-05 14:16:39 | INFO     | hermes.http | → GET /api/videos/5f150c66-1f65-45ca-a216-ce649ffa84bb
2026-05-05 14:16:39 | INFO     | hermes.http | → GET /api/videos/5f150c66-1f65-45ca-a216-ce649ffa84bb/timelines
2026-05-05 14:16:39 | INFO     | hermes.http | ← GET /api/videos/5f150c66-1f65-45ca-a216-ce649ffa84bb 200 7.3ms
2026-05-05 14:16:39 | INFO     | hermes.http | ← GET /api/videos/5f150c66-1f65-45ca-a216-ce649ffa84bb/timelines 200 22.5ms
2026-05-05 14:16:39 | INFO     | hermes.http | → GET /api/chat/19e2ffff-d04a-419f-8a07-969e2c0b85ec/messages
2026-05-05 14:16:39 | INFO     | hermes.http | → GET /api/timelines/19e2ffff-d04a-419f-8a07-969e2c0b85ec/manifest
2026-05-05 14:16:39 | INFO     | hermes.http | ← GET /api/chat/19e2ffff-d04a-419f-8a07-969e2c0b85ec/messages 200 46.9ms
2026-05-05 14:16:39 | INFO     | hermes.http | ← GET /api/timelines/19e2ffff-d04a-419f-8a07-969e2c0b85ec/manifest 200 50.0ms
2026-05-05 14:16:42 | INFO     | hermes.http | → GET /api/videos
2026-05-05 14:16:42 | INFO     | hermes.http | ← GET /api/videos 200 5.8ms
2026-05-05 14:16:42 | INFO     | hermes.http | → GET /api/assets/shots
2026-05-05 14:16:42 | INFO     | hermes.http | → GET /api/assets/timelines
2026-05-05 14:16:42 | INFO     | hermes.http | → GET /api/videos/5f150c66-1f65-45ca-a216-ce649ffa84bb/characters
2026-05-05 14:16:42 | INFO     | hermes.http | ← GET /api/assets/shots 200 26.1ms
2026-05-05 14:16:42 | INFO     | hermes.http | ← GET /api/assets/timelines 200 29.1ms
2026-05-05 14:16:42 | INFO     | hermes.http | ← GET /api/videos/5f150c66-1f65-45ca-a216-ce649ffa84bb/characters 200 29.8ms
2026-05-05 14:16:43 | INFO     | hermes.http | → GET /api/jobs
2026-05-05 14:16:43 | INFO     | hermes.http | ← GET /api/jobs 200 17.6ms
2026-05-05 14:16:44 | INFO     | hermes.http | → GET /api/configs/models
2026-05-05 14:16:44 | INFO     | hermes.http | ← GET /api/configs/models 200 14.1ms
2026-05-05 14:16:44 | INFO     | hermes.http | → GET /api/jobs
2026-05-05 14:16:44 | INFO     | hermes.http | ← GET /api/jobs 200 6.8ms
2026-05-05 14:16:46 | INFO     | hermes.http | → GET /api/videos
2026-05-05 14:16:46 | INFO     | hermes.http | → GET /favicon.ico
2026-05-05 14:16:46 | INFO     | hermes.http | ← GET /favicon.ico 200 17.5ms
2026-05-05 14:16:46 | INFO     | hermes.http | ← GET /api/videos 200 26.3ms
2026-05-05 14:16:46 | INFO     | hermes.http | → GET /api/assets/shots
2026-05-05 14:16:46 | INFO     | hermes.http | → GET /api/assets/timelines
2026-05-05 14:16:46 | INFO     | hermes.http | → GET /api/videos/5f150c66-1f65-45ca-a216-ce649ffa84bb/characters
2026-05-05 14:16:46 | ERROR    | hermes.http | 请求异常 GET /api/assets/shots
Traceback (most recent call last):
  File "/Volumes/d/hermes/.venv/lib/python3.9/site-packages/sqlalchemy/engine/cursor.py", line 1136, in fetchall
    rows = dbapi_cursor.fetchall()
sqlite3.OperationalError: Could not decode to UTF-8 column 'shot_segments_summary' with text '����������������������������������������������������������������������������������������������������������������������������������

The above exception was the direct cause of the following exception:

Traceback (most recent call last):
  File "/Volumes/d/hermes/backend/app/main.py", line 34, in http_access_log
    response = await call_next(request)
  File "/Volumes/d/hermes/.venv/lib/python3.9/site-packages/starlette/middleware/base.py", line 163, in call_next
    raise app_exc
  File "/Volumes/d/hermes/.venv/lib/python3.9/site-packages/starlette/middleware/base.py", line 149, in coro
    await self.app(scope, receive_or_disconnect, send_no_error)
  File "/Volumes/d/hermes/.venv/lib/python3.9/site-packages/starlette/middleware/exceptions.py", line 62, in __call__
    await wrap_app_handling_exceptions(self.app, conn)(scope, receive, send)
  File "/Volumes/d/hermes/.venv/lib/python3.9/site-packages/starlette/_exception_handler.py", line 53, in wrapped_app
    raise exc
  File "/Volumes/d/hermes/.venv/lib/python3.9/site-packages/starlette/_exception_handler.py", line 42, in wrapped_app
    await app(scope, receive, sender)
  File "/Volumes/d/hermes/.venv/lib/python3.9/site-packages/starlette/routing.py", line 715, in __call__
    await self.middleware_stack(scope, receive, send)
  File "/Volumes/d/hermes/.venv/lib/python3.9/site-packages/starlette/routing.py", line 735, in app
    await route.handle(scope, receive, send)
  File "/Volumes/d/hermes/.venv/lib/python3.9/site-packages/starlette/routing.py", line 288, in handle
    await self.app(scope, receive, send)
  File "/Volumes/d/hermes/.venv/lib/python3.9/site-packages/starlette/routing.py", line 76, in app
    await wrap_app_handling_exceptions(app, request)(scope, receive, send)
  File "/Volumes/d/hermes/.venv/lib/python3.9/site-packages/starlette/_exception_handler.py", line 53, in wrapped_app
    raise exc
  File "/Volumes/d/hermes/.venv/lib/python3.9/site-packages/starlette/_exception_handler.py", line 42, in wrapped_app
    await app(scope, receive, sender)
  File "/Volumes/d/hermes/.venv/lib/python3.9/site-packages/starlette/routing.py", line 73, in app
    response = await f(request)
  File "/Volumes/d/hermes/.venv/lib/python3.9/site-packages/fastapi/routing.py", line 301, in app
    raw_response = await run_endpoint_function(
  File "/Volumes/d/hermes/.venv/lib/python3.9/site-packages/fastapi/routing.py", line 214, in run_endpoint_function
    return await run_in_threadpool(dependant.call, **values)
  File "/Volumes/d/hermes/.venv/lib/python3.9/site-packages/starlette/concurrency.py", line 39, in run_in_threadpool
    return await anyio.to_thread.run_sync(func, *args)
  File "/Volumes/d/hermes/.venv/lib/python3.9/site-packages/anyio/to_thread.py", line 63, in run_sync
    return await get_async_backend().run_sync_in_worker_thread(
  File "/Volumes/d/hermes/.venv/lib/python3.9/site-packages/anyio/_backends/_asyncio.py", line 2502, in run_sync_in_worker_thread
    return await future
  File "/Volumes/d/hermes/.venv/lib/python3.9/site-packages/anyio/_backends/_asyncio.py", line 986, in run
    result = context.run(func, *args)
  File "/Volumes/d/hermes/backend/app/routes/assets.py", line 53, in list_shots
    rows = q.order_by(models.ShotSegment.created_at.desc()).limit(500).all()
  File "/Volumes/d/hermes/.venv/lib/python3.9/site-packages/sqlalchemy/orm/query.py", line 2673, in all
    return self._iter().all()  # type: ignore
  File "/Volumes/d/hermes/.venv/lib/python3.9/site-packages/sqlalchemy/engine/result.py", line 1769, in all
    return self._allrows()
  File "/Volumes/d/hermes/.venv/lib/python3.9/site-packages/sqlalchemy/engine/result.py", line 548, in _allrows
    rows = self._fetchall_impl()
  File "/Volumes/d/hermes/.venv/lib/python3.9/site-packages/sqlalchemy/engine/result.py", line 1676, in _fetchall_impl
    return self._real_result._fetchall_impl()
  File "/Volumes/d/hermes/.venv/lib/python3.9/site-packages/sqlalchemy/engine/result.py", line 2270, in _fetchall_impl
    return list(self.iterator)
  File "/Volumes/d/hermes/.venv/lib/python3.9/site-packages/sqlalchemy/orm/loading.py", line 219, in chunks
    fetch = cursor._raw_all_rows()
  File "/Volumes/d/hermes/.venv/lib/python3.9/site-packages/sqlalchemy/engine/result.py", line 540, in _raw_all_rows
    rows = self._fetchall_impl()
  File "/Volumes/d/hermes/.venv/lib/python3.9/site-packages/sqlalchemy/engine/cursor.py", line 2135, in _fetchall_impl
    return self.cursor_strategy.fetchall(self, self.cursor)
  File "/Volumes/d/hermes/.venv/lib/python3.9/site-packages/sqlalchemy/engine/cursor.py", line 1140, in fetchall
    self.handle_exception(result, dbapi_cursor, e)
  File "/Volumes/d/hermes/.venv/lib/python3.9/site-packages/sqlalchemy/engine/cursor.py", line 1081, in handle_exception
    result.connection._handle_dbapi_exception(
  File "/Volumes/d/hermes/.venv/lib/python3.9/site-packages/sqlalchemy/engine/base.py", line 2355, in _handle_dbapi_exception
    raise sqlalchemy_exception.with_traceback(exc_info[2]) from e
  File "/Volumes/d/hermes/.venv/lib/python3.9/site-packages/sqlalchemy/engine/cursor.py", line 1136, in fetchall
    rows = dbapi_cursor.fetchall()
sqlalchemy.exc.OperationalError: (sqlite3.OperationalError) Could not decode to UTF-8 column 'shot_segments_summary' with text '����������������������������������������������������������������������������������������������������������������������������������
(Background on this error at: https://sqlalche.me/e/20/e3q8)
2026-05-05 14:16:47 | INFO     | hermes.http | ← GET /api/assets/timelines 200 61.9ms
2026-05-05 14:16:47 | INFO     | hermes.http | ← GET /api/videos/5f150c66-1f65-45ca-a216-ce649ffa84bb/characters 200 62.7ms
2026-05-05 14:16:47 | INFO     | hermes.http | → GET /api/videos
2026-05-05 14:16:47 | INFO     | hermes.http | ← GET /api/videos 200 2.7ms
2026-05-05 14:16:47 | INFO     | hermes.http | → GET /api/videos/5f150c66-1f65-45ca-a216-ce649ffa84bb
2026-05-05 14:16:47 | INFO     | hermes.http | → GET /api/videos/5f150c66-1f65-45ca-a216-ce649ffa84bb/timelines
2026-05-05 14:16:47 | INFO     | hermes.http | ← GET /api/videos/5f150c66-1f65-45ca-a216-ce649ffa84bb 200 6.7ms
2026-05-05 14:16:47 | INFO     | hermes.http | ← GET /api/videos/5f150c66-1f65-45ca-a216-ce649ffa84bb/timelines 200 10.6ms
2026-05-05 14:16:47 | INFO     | hermes.http | → GET /api/chat/19e2ffff-d04a-419f-8a07-969e2c0b85ec/messages
2026-05-05 14:16:47 | INFO     | hermes.http | → GET /api/timelines/19e2ffff-d04a-419f-8a07-969e2c0b85ec/manifest
2026-05-05 14:16:47 | INFO     | hermes.http | ← GET /api/chat/19e2ffff-d04a-419f-8a07-969e2c0b85ec/messages 200 9.4ms
2026-05-05 14:16:47 | INFO     | hermes.http | ← GET /api/timelines/19e2ffff-d04a-419f-8a07-969e2c0b85ec/manifest 200 9.9ms
2026-05-05 14:20:18 | INFO     | hermes | 日志文件：/Volumes/d/hermes/backend/storage/logs/hermes.log（级别 INFO）
2026-05-05 14:24:53 | INFO     | hermes.http | → GET /api/videos
2026-05-05 14:24:53 | INFO     | hermes.http | ← GET /api/videos 200 8.9ms
2026-05-05 14:26:02 | INFO     | hermes.http | → GET /api/configs/models
2026-05-05 14:26:02 | INFO     | hermes.http | ← GET /api/configs/models 200 22.5ms
2026-05-05 14:29:04 | INFO     | hermes | 日志文件：/Volumes/d/hermes/backend/storage/logs/hermes.log（级别 INFO）
2026-05-05 14:29:45 | INFO     | hermes | 日志文件：/Volumes/d/hermes/backend/storage/logs/hermes.log（级别 INFO）
2026-05-05 14:30:54 | INFO     | hermes | 日志文件：/Volumes/d/hermes/backend/storage/logs/hermes.log（级别 INFO）
2026-05-05 14:31:24 | INFO     | hermes | 日志文件：/Volumes/d/hermes/backend/storage/logs/hermes.log（级别 INFO）
2026-05-05 14:34:05 | INFO     | hermes | 日志文件：/Volumes/d/hermes/backend/storage/logs/hermes.log（级别 INFO）
2026-05-05 14:34:06 | INFO     | hermes | 日志文件：/Volumes/d/hermes/backend/storage/logs/hermes.log（级别 INFO）
2026-05-05 14:34:09 | INFO     | hermes | 日志文件：/Volumes/d/hermes/backend/storage/logs/hermes.log（级别 INFO）
2026-05-05 14:34:10 | INFO     | hermes | 日志文件：/Volumes/d/hermes/backend/storage/logs/hermes.log（级别 INFO）
2026-05-05 14:34:11 | INFO     | hermes | 日志文件：/Volumes/d/hermes/backend/storage/logs/hermes.log（级别 INFO）
2026-05-05 14:34:12 | INFO     | hermes | 日志文件：/Volumes/d/hermes/backend/storage/logs/hermes.log（级别 INFO）
2026-05-05 14:34:13 | INFO     | hermes | 日志文件：/Volumes/d/hermes/backend/storage/logs/hermes.log（级别 INFO）
2026-05-05 14:34:15 | INFO     | hermes | 日志文件：/Volumes/d/hermes/backend/storage/logs/hermes.log（级别 INFO）
2026-05-05 14:34:26 | INFO     | hermes | 日志文件：/Volumes/d/hermes/backend/storage/logs/hermes.log（级别 INFO）
2026-05-05 14:34:30 | INFO     | hermes | 日志文件：/Volumes/d/hermes/backend/storage/logs/hermes.log（级别 INFO）
2026-05-05 14:35:01 | INFO     | hermes | 日志文件：/Volumes/d/hermes/backend/storage/logs/hermes.log（级别 INFO）
2026-05-05 14:35:02 | INFO     | hermes | 日志文件：/Volumes/d/hermes/backend/storage/logs/hermes.log（级别 INFO）
2026-05-05 14:35:21 | INFO     | hermes.http | → GET /api/videos
2026-05-05 14:35:21 | INFO     | hermes.http | ← GET /api/videos 200 8.8ms
2026-05-05 14:35:21 | INFO     | hermes.http | → GET /api/videos
2026-05-05 14:35:21 | INFO     | hermes.http | ← GET /api/videos 200 5.2ms
2026-05-05 14:35:21 | INFO     | hermes.http | → GET /api/videos/5f150c66-1f65-45ca-a216-ce649ffa84bb
2026-05-05 14:35:21 | INFO     | hermes.http | → GET /api/videos/5f150c66-1f65-45ca-a216-ce649ffa84bb/timelines
2026-05-05 14:35:21 | INFO     | hermes.http | ← GET /api/videos/5f150c66-1f65-45ca-a216-ce649ffa84bb 200 5.5ms
2026-05-05 14:35:21 | INFO     | hermes.http | → GET /api/videos/5f150c66-1f65-45ca-a216-ce649ffa84bb
2026-05-05 14:35:21 | INFO     | hermes.http | ← GET /api/videos/5f150c66-1f65-45ca-a216-ce649ffa84bb/timelines 200 12.4ms
2026-05-05 14:35:21 | INFO     | hermes.http | ← GET /api/videos/5f150c66-1f65-45ca-a216-ce649ffa84bb 200 4.7ms
2026-05-05 14:35:21 | INFO     | hermes.http | → GET /api/videos/5f150c66-1f65-45ca-a216-ce649ffa84bb/timelines
2026-05-05 14:35:21 | INFO     | hermes.http | → GET /api/chat/19e2ffff-d04a-419f-8a07-969e2c0b85ec/messages
2026-05-05 14:35:21 | INFO     | hermes.http | → GET /api/timelines/19e2ffff-d04a-419f-8a07-969e2c0b85ec/manifest
2026-05-05 14:35:21 | INFO     | hermes.http | ← GET /api/videos/5f150c66-1f65-45ca-a216-ce649ffa84bb/timelines 200 9.4ms
2026-05-05 14:35:21 | INFO     | hermes.http | ← GET /api/chat/19e2ffff-d04a-419f-8a07-969e2c0b85ec/messages 200 8.9ms
2026-05-05 14:35:21 | INFO     | hermes.http | ← GET /api/timelines/19e2ffff-d04a-419f-8a07-969e2c0b85ec/manifest 200 8.9ms
2026-05-05 14:35:21 | INFO     | hermes.http | → GET /api/chat/19e2ffff-d04a-419f-8a07-969e2c0b85ec/messages
2026-05-05 14:35:21 | INFO     | hermes.http | ← GET /api/chat/19e2ffff-d04a-419f-8a07-969e2c0b85ec/messages 200 2.5ms
2026-05-05 14:35:21 | INFO     | hermes.http | → GET /api/videos
2026-05-05 14:35:21 | INFO     | hermes.http | ← GET /api/videos 200 1.5ms
2026-05-05 14:35:21 | INFO     | hermes.http | → GET /api/videos
2026-05-05 14:35:21 | INFO     | hermes.http | ← GET /api/videos 200 3.2ms
2026-05-05 14:35:21 | INFO     | hermes.http | → GET /api/videos/5f150c66-1f65-45ca-a216-ce649ffa84bb
2026-05-05 14:35:21 | INFO     | hermes.http | → GET /api/videos/5f150c66-1f65-45ca-a216-ce649ffa84bb/timelines
2026-05-05 14:35:21 | INFO     | hermes.http | ← GET /api/videos/5f150c66-1f65-45ca-a216-ce649ffa84bb 200 3.8ms
2026-05-05 14:35:21 | INFO     | hermes.http | ← GET /api/videos/5f150c66-1f65-45ca-a216-ce649ffa84bb/timelines 200 5.7ms
2026-05-05 14:35:21 | INFO     | hermes.http | → GET /api/videos/5f150c66-1f65-45ca-a216-ce649ffa84bb
2026-05-05 14:35:21 | INFO     | hermes.http | → GET /api/videos/5f150c66-1f65-45ca-a216-ce649ffa84bb/timelines
2026-05-05 14:35:21 | INFO     | hermes.http | ← GET /api/videos/5f150c66-1f65-45ca-a216-ce649ffa84bb 200 3.7ms
2026-05-05 14:35:21 | INFO     | hermes.http | → GET /api/chat/19e2ffff-d04a-419f-8a07-969e2c0b85ec/messages
2026-05-05 14:35:21 | INFO     | hermes.http | → GET /api/timelines/19e2ffff-d04a-419f-8a07-969e2c0b85ec/manifest
2026-05-05 14:35:21 | INFO     | hermes.http | ← GET /api/chat/19e2ffff-d04a-419f-8a07-969e2c0b85ec/messages 200 6.0ms
2026-05-05 14:35:21 | INFO     | hermes.http | ← GET /api/videos/5f150c66-1f65-45ca-a216-ce649ffa84bb/timelines 200 8.2ms
2026-05-05 14:35:21 | INFO     | hermes.http | ← GET /api/timelines/19e2ffff-d04a-419f-8a07-969e2c0b85ec/manifest 200 6.7ms
2026-05-05 14:35:21 | INFO     | hermes.http | → GET /api/chat/19e2ffff-d04a-419f-8a07-969e2c0b85ec/messages
2026-05-05 14:35:21 | INFO     | hermes.http | ← GET /api/chat/19e2ffff-d04a-419f-8a07-969e2c0b85ec/messages 200 3.2ms
2026-05-05 14:36:33 | INFO     | hermes | 日志文件：/Volumes/d/hermes/backend/storage/logs/hermes.log（级别 INFO）
2026-05-05 14:37:24 | INFO     | hermes | 日志文件：/Volumes/d/hermes/backend/storage/logs/hermes.log（级别 INFO）
2026-05-05 14:37:24 | INFO     | hermes | 日志文件：/Volumes/d/hermes/backend/storage/logs/hermes.log（级别 INFO）
2026-05-05 14:37:25 | INFO     | hermes | 日志文件：/Volumes/d/hermes/backend/storage/logs/hermes.log（级别 INFO）
2026-05-05 14:38:22 | INFO     | hermes | 日志文件：/Volumes/d/hermes/backend/storage/logs/hermes.log（级别 INFO）
2026-05-05 14:39:16 | INFO     | hermes.http | → GET /api/configs/models
2026-05-05 14:39:16 | INFO     | hermes.http | → GET /favicon.ico
2026-05-05 14:39:16 | INFO     | hermes.http | ← GET /api/configs/models 200 20.3ms
2026-05-05 14:39:16 | INFO     | hermes.http | ← GET /favicon.ico 200 20.1ms
2026-05-05 14:40:55 | INFO     | hermes | 日志文件：/Volumes/d/hermes/backend/storage/logs/hermes.log（级别 INFO）
2026-05-05 14:40:56 | INFO     | hermes | 日志文件：/Volumes/d/hermes/backend/storage/logs/hermes.log（级别 INFO）
2026-05-05 14:41:07 | INFO     | hermes | 日志文件：/Volumes/d/hermes/backend/storage/logs/hermes.log（级别 INFO）
2026-05-05 14:41:08 | INFO     | hermes | 日志文件：/Volumes/d/hermes/backend/storage/logs/hermes.log（级别 INFO）
2026-05-05 14:41:09 | INFO     | hermes | 日志文件：/Volumes/d/hermes/backend/storage/logs/hermes.log（级别 INFO）
2026-05-05 14:41:12 | INFO     | hermes | 日志文件：/Volumes/d/hermes/backend/storage/logs/hermes.log（级别 INFO）
2026-05-05 14:41:13 | INFO     | hermes | 日志文件：/Volumes/d/hermes/backend/storage/logs/hermes.log（级别 INFO）
2026-05-05 14:41:13 | INFO     | hermes | 日志文件：/Volumes/d/hermes/backend/storage/logs/hermes.log（级别 INFO）
2026-05-05 14:41:15 | INFO     | hermes | 日志文件：/Volumes/d/hermes/backend/storage/logs/hermes.log（级别 INFO）
2026-05-05 14:42:35 | INFO     | hermes | 日志文件：/Volumes/d/hermes/backend/storage/logs/hermes.log（级别 INFO）
2026-05-05 14:42:36 | INFO     | hermes | 日志文件：/Volumes/d/hermes/backend/storage/logs/hermes.log（级别 INFO）
2026-05-05 14:47:40 | INFO     | hermes.http | → GET /api/jobs
2026-05-05 14:47:40 | INFO     | hermes.http | → GET /favicon.ico
2026-05-05 14:47:40 | INFO     | hermes.http | ← GET /favicon.ico 200 81.7ms
2026-05-05 14:47:40 | INFO     | hermes.http | ← GET /api/jobs 200 99.5ms
2026-05-05 14:47:40 | INFO     | hermes.http | → GET /api/configs/models
2026-05-05 14:47:40 | INFO     | hermes.http | ← GET /api/configs/models 200 3.4ms
2026-05-05 14:47:41 | INFO     | hermes.http | → GET /api/jobs
2026-05-05 14:47:41 | INFO     | hermes.http | ← GET /api/jobs 200 13.5ms
2026-05-05 14:47:42 | INFO     | hermes.http | → GET /api/videos
2026-05-05 14:47:42 | INFO     | hermes.http | ← GET /api/videos 200 6.9ms
2026-05-05 14:47:42 | INFO     | hermes.http | → GET /api/assets/shots
2026-05-05 14:47:42 | INFO     | hermes.http | → GET /api/assets/timelines
2026-05-05 14:47:42 | INFO     | hermes.http | → GET /api/videos/5f150c66-1f65-45ca-a216-ce649ffa84bb/characters
2026-05-05 14:47:42 | INFO     | hermes.http | ← GET /api/assets/timelines 200 22.8ms
2026-05-05 14:47:42 | INFO     | hermes.http | ← GET /api/videos/5f150c66-1f65-45ca-a216-ce649ffa84bb/characters 200 23.5ms
2026-05-05 14:47:42 | INFO     | hermes.http | ← GET /api/assets/shots 200 26.1ms
2026-05-05 14:47:43 | INFO     | hermes.http | → GET /api/videos
2026-05-05 14:47:43 | INFO     | hermes.http | ← GET /api/videos 200 4.0ms
2026-05-05 14:47:43 | INFO     | hermes.http | → GET /api/videos/5f150c66-1f65-45ca-a216-ce649ffa84bb
2026-05-05 14:47:43 | INFO     | hermes.http | → GET /api/videos/5f150c66-1f65-45ca-a216-ce649ffa84bb/timelines
2026-05-05 14:47:43 | INFO     | hermes.http | ← GET /api/videos/5f150c66-1f65-45ca-a216-ce649ffa84bb 200 3.4ms
2026-05-05 14:47:43 | INFO     | hermes.http | ← GET /api/videos/5f150c66-1f65-45ca-a216-ce649ffa84bb/timelines 200 4.8ms
2026-05-05 14:47:43 | INFO     | hermes.http | → GET /api/chat/19e2ffff-d04a-419f-8a07-969e2c0b85ec/messages
2026-05-05 14:47:43 | INFO     | hermes.http | → GET /api/timelines/19e2ffff-d04a-419f-8a07-969e2c0b85ec/manifest
2026-05-05 14:47:43 | INFO     | hermes.http | ← GET /api/chat/19e2ffff-d04a-419f-8a07-969e2c0b85ec/messages 200 7.2ms
2026-05-05 14:47:43 | INFO     | hermes.http | ← GET /api/timelines/19e2ffff-d04a-419f-8a07-969e2c0b85ec/manifest 200 7.6ms
2026-05-05 14:47:44 | INFO     | hermes.http | → GET /api/videos
2026-05-05 14:47:44 | INFO     | hermes.http | ← GET /api/videos 200 4.4ms
2026-05-05 14:47:44 | INFO     | hermes.http | → GET /api/assets/shots
2026-05-05 14:47:44 | INFO     | hermes.http | → GET /api/assets/timelines
2026-05-05 14:47:44 | INFO     | hermes.http | → GET /api/videos/5f150c66-1f65-45ca-a216-ce649ffa84bb/characters
2026-05-05 14:47:44 | INFO     | hermes.http | ← GET /api/assets/shots 200 21.7ms
2026-05-05 14:47:44 | INFO     | hermes.http | ← GET /api/videos/5f150c66-1f65-45ca-a216-ce649ffa84bb/characters 200 23.7ms
2026-05-05 14:47:44 | INFO     | hermes.http | ← GET /api/assets/timelines 200 29.1ms
2026-05-05 14:47:59 | INFO     | hermes.http | → GET /library
2026-05-05 14:47:59 | INFO     | hermes.http | ← GET /library 200 5.6ms
2026-05-05 14:47:59 | INFO     | hermes.http | → GET /assets/index-yyXU20N3.js
2026-05-05 14:47:59 | INFO     | hermes.http | → GET /assets/index-DWBsGfsi.css
2026-05-05 14:47:59 | INFO     | hermes.http | ← GET /assets/index-DWBsGfsi.css 200 4.6ms
2026-05-05 14:47:59 | INFO     | hermes.http | ← GET /assets/index-yyXU20N3.js 200 7.1ms
2026-05-05 14:47:59 | INFO     | hermes.http | → GET /api/videos
2026-05-05 14:47:59 | INFO     | hermes.http | ← GET /api/videos 200 29.9ms
2026-05-05 14:47:59 | INFO     | hermes.http | → GET /api/assets/shots
2026-05-05 14:47:59 | INFO     | hermes.http | → GET /api/assets/timelines
2026-05-05 14:47:59 | INFO     | hermes.http | → GET /api/videos/5f150c66-1f65-45ca-a216-ce649ffa84bb/characters
2026-05-05 14:47:59 | INFO     | hermes.http | ← GET /api/assets/shots 200 19.7ms
2026-05-05 14:47:59 | INFO     | hermes.http | ← GET /api/assets/timelines 200 20.1ms
2026-05-05 14:47:59 | INFO     | hermes.http | ← GET /api/videos/5f150c66-1f65-45ca-a216-ce649ffa84bb/characters 200 22.2ms
2026-05-05 14:49:10 | INFO     | hermes | 日志文件：/Volumes/d/hermes/backend/storage/logs/hermes.log（级别 INFO）
2026-05-05 14:50:19 | INFO     | hermes | 日志文件：/Volumes/d/hermes/backend/storage/logs/hermes.log（级别 INFO）
2026-05-05 14:52:22 | INFO     | hermes | 日志文件：/Volumes/d/hermes/backend/storage/logs/hermes.log（级别 INFO）
2026-05-05 14:52:27 | INFO     | hermes | 日志文件：/Volumes/d/hermes/backend/storage/logs/hermes.log（级别 INFO）
2026-05-05 14:52:29 | INFO     | hermes | 日志文件：/Volumes/d/hermes/backend/storage/logs/hermes.log（级别 INFO）
2026-05-05 14:52:35 | INFO     | hermes | 日志文件：/Volumes/d/hermes/backend/storage/logs/hermes.log（级别 INFO）
2026-05-05 14:52:36 | INFO     | hermes | 日志文件：/Volumes/d/hermes/backend/storage/logs/hermes.log（级别 INFO）
2026-05-05 14:54:15 | INFO     | hermes | 日志文件：/Volumes/d/hermes/backend/storage/logs/hermes.log（级别 INFO）
2026-05-05 14:54:18 | INFO     | hermes | 日志文件：/Volumes/d/hermes/backend/storage/logs/hermes.log（级别 INFO）
2026-05-05 14:54:33 | INFO     | hermes.http | → GET /api/chat/19e2ffff-d04a-419f-8a07-969e2c0b85ec/messages
2026-05-05 14:54:33 | INFO     | hermes.http | → GET /api/videos/5f150c66-1f65-45ca-a216-ce649ffa84bb
2026-05-05 14:54:33 | INFO     | hermes.http | → GET /api/videos/5f150c66-1f65-45ca-a216-ce649ffa84bb/timelines
2026-05-05 14:54:33 | INFO     | hermes.http | → GET /api/timelines/19e2ffff-d04a-419f-8a07-969e2c0b85ec/manifest
2026-05-05 14:54:33 | INFO     | hermes.http | → GET /api/videos
2026-05-05 14:54:33 | INFO     | hermes.http | ← GET /api/chat/19e2ffff-d04a-419f-8a07-969e2c0b85ec/messages 200 26.2ms
2026-05-05 14:54:33 | INFO     | hermes.http | ← GET /api/videos 200 23.9ms
2026-05-05 14:54:33 | INFO     | hermes.http | ← GET /api/videos/5f150c66-1f65-45ca-a216-ce649ffa84bb 200 27.1ms
2026-05-05 14:54:33 | INFO     | hermes.http | ← GET /api/timelines/19e2ffff-d04a-419f-8a07-969e2c0b85ec/manifest 200 28.6ms
2026-05-05 14:54:33 | INFO     | hermes.http | ← GET /api/videos/5f150c66-1f65-45ca-a216-ce649ffa84bb/timelines 200 30.1ms
2026-05-05 14:55:11 | INFO     | hermes.http | → GET /library
2026-05-05 14:55:11 | INFO     | hermes.http | ← GET /library 200 16.5ms
2026-05-05 14:55:11 | INFO     | hermes.http | → GET /assets/index-DKWlJpAK.js
2026-05-05 14:55:11 | INFO     | hermes.http | → GET /assets/index-avo_2G8o.css
2026-05-05 14:55:11 | INFO     | hermes.http | ← GET /assets/index-avo_2G8o.css 200 1.9ms
2026-05-05 14:55:11 | INFO     | hermes.http | ← GET /assets/index-DKWlJpAK.js 200 5.4ms
2026-05-05 14:55:11 | INFO     | hermes.http | → GET /api/videos
2026-05-05 14:55:11 | INFO     | hermes.http | → GET /favicon.ico
2026-05-05 14:55:11 | INFO     | hermes.http | ← GET /favicon.ico 200 3.3ms
2026-05-05 14:55:11 | INFO     | hermes.http | ← GET /api/videos 200 18.6ms
2026-05-05 14:55:11 | INFO     | hermes.http | → GET /api/assets/shots
2026-05-05 14:55:11 | INFO     | hermes.http | → GET /api/assets/timelines
2026-05-05 14:55:11 | INFO     | hermes.http | → GET /api/videos/5f150c66-1f65-45ca-a216-ce649ffa84bb/characters
2026-05-05 14:55:11 | INFO     | hermes.http | ← GET /api/assets/timelines 200 29.1ms
2026-05-05 14:55:11 | INFO     | hermes.http | ← GET /api/videos/5f150c66-1f65-45ca-a216-ce649ffa84bb/characters 200 28.9ms
2026-05-05 14:55:11 | INFO     | hermes.http | ← GET /api/assets/shots 200 31.6ms
2026-05-05 14:55:17 | INFO     | hermes.http | → DELETE /api/videos/5f150c66-1f65-45ca-a216-ce649ffa84bb/shots/1092b459-d204-45eb-8639-0baa7248203f
2026-05-05 14:55:17 | INFO     | hermes.http | ← DELETE /api/videos/5f150c66-1f65-45ca-a216-ce649ffa84bb/shots/1092b459-d204-45eb-8639-0baa7248203f 200 16.0ms
2026-05-05 14:55:17 | INFO     | hermes.http | → GET /api/assets/shots
2026-05-05 14:55:17 | INFO     | hermes.http | → GET /api/assets/timelines
2026-05-05 14:55:17 | INFO     | hermes.http | → GET /api/videos/5f150c66-1f65-45ca-a216-ce649ffa84bb/characters
2026-05-05 14:55:17 | INFO     | hermes.http | ← GET /api/assets/timelines 200 23.3ms
2026-05-05 14:55:17 | INFO     | hermes.http | ← GET /api/videos/5f150c66-1f65-45ca-a216-ce649ffa84bb/characters 200 22.0ms
2026-05-05 14:55:17 | INFO     | hermes.http | ← GET /api/assets/shots 200 28.7ms
2026-05-05 14:55:19 | INFO     | hermes.http | → DELETE /api/videos/5f150c66-1f65-45ca-a216-ce649ffa84bb/shots/077062e3-667a-410f-8fa7-82b72e63334b
2026-05-05 14:55:19 | INFO     | hermes.http | ← DELETE /api/videos/5f150c66-1f65-45ca-a216-ce649ffa84bb/shots/077062e3-667a-410f-8fa7-82b72e63334b 200 14.4ms
2026-05-05 14:55:19 | INFO     | hermes.http | → GET /api/assets/shots
2026-05-05 14:55:19 | INFO     | hermes.http | → GET /api/videos/5f150c66-1f65-45ca-a216-ce649ffa84bb/characters
2026-05-05 14:55:19 | INFO     | hermes.http | → GET /api/assets/timelines
2026-05-05 14:55:19 | INFO     | hermes.http | ← GET /api/videos/5f150c66-1f65-45ca-a216-ce649ffa84bb/characters 200 14.2ms
2026-05-05 14:55:19 | INFO     | hermes.http | ← GET /api/assets/shots 200 16.3ms
2026-05-05 14:55:19 | INFO     | hermes.http | ← GET /api/assets/timelines 200 16.3ms
2026-05-05 14:55:23 | INFO     | hermes.http | → DELETE /api/videos/5f150c66-1f65-45ca-a216-ce649ffa84bb/shots/7a3a4237-71f7-40c7-bf08-f0986dc0ffa0
2026-05-05 14:55:23 | INFO     | hermes.http | ← DELETE /api/videos/5f150c66-1f65-45ca-a216-ce649ffa84bb/shots/7a3a4237-71f7-40c7-bf08-f0986dc0ffa0 200 13.6ms
2026-05-05 14:55:23 | INFO     | hermes.http | → GET /api/assets/shots
2026-05-05 14:55:23 | INFO     | hermes.http | → GET /api/assets/timelines
2026-05-05 14:55:23 | INFO     | hermes.http | → GET /api/videos/5f150c66-1f65-45ca-a216-ce649ffa84bb/characters
2026-05-05 14:55:23 | INFO     | hermes.http | ← GET /api/assets/timelines 200 12.2ms
2026-05-05 14:55:23 | INFO     | hermes.http | ← GET /api/videos/5f150c66-1f65-45ca-a216-ce649ffa84bb/characters 200 13.4ms
2026-05-05 14:55:23 | INFO     | hermes.http | ← GET /api/assets/shots 200 18.7ms
2026-05-05 14:55:26 | INFO     | hermes.http | → DELETE /api/videos/5f150c66-1f65-45ca-a216-ce649ffa84bb/shots/5983c286-30d3-4a0c-b71b-41b7a9a1d5a1
2026-05-05 14:55:26 | INFO     | hermes.http | ← DELETE /api/videos/5f150c66-1f65-45ca-a216-ce649ffa84bb/shots/5983c286-30d3-4a0c-b71b-41b7a9a1d5a1 200 12.8ms
2026-05-05 14:55:26 | INFO     | hermes.http | → GET /api/assets/shots
2026-05-05 14:55:26 | INFO     | hermes.http | → GET /api/assets/timelines
2026-05-05 14:55:26 | INFO     | hermes.http | → GET /api/videos/5f150c66-1f65-45ca-a216-ce649ffa84bb/characters
2026-05-05 14:55:26 | INFO     | hermes.http | ← GET /api/assets/timelines 200 11.3ms
2026-05-05 14:55:26 | INFO     | hermes.http | ← GET /api/assets/shots 200 17.7ms
2026-05-05 14:55:26 | INFO     | hermes.http | ← GET /api/videos/5f150c66-1f65-45ca-a216-ce649ffa84bb/characters 200 19.6ms
2026-05-05 14:55:28 | INFO     | hermes.http | → DELETE /api/videos/5f150c66-1f65-45ca-a216-ce649ffa84bb/shots/8e90e9ff-81cb-470e-b8d2-c6205c4b0611
2026-05-05 14:55:28 | INFO     | hermes.http | ← DELETE /api/videos/5f150c66-1f65-45ca-a216-ce649ffa84bb/shots/8e90e9ff-81cb-470e-b8d2-c6205c4b0611 200 8.3ms
2026-05-05 14:55:28 | INFO     | hermes.http | → GET /api/assets/shots
2026-05-05 14:55:28 | INFO     | hermes.http | → GET /api/assets/timelines
2026-05-05 14:55:28 | INFO     | hermes.http | → GET /api/videos/5f150c66-1f65-45ca-a216-ce649ffa84bb/characters
2026-05-05 14:55:28 | INFO     | hermes.http | ← GET /api/videos/5f150c66-1f65-45ca-a216-ce649ffa84bb/characters 200 16.8ms
2026-05-05 14:55:28 | INFO     | hermes.http | ← GET /api/assets/shots 200 21.2ms
2026-05-05 14:55:28 | INFO     | hermes.http | ← GET /api/assets/timelines 200 20.1ms
2026-05-05 14:55:31 | INFO     | hermes.http | → DELETE /api/videos/5f150c66-1f65-45ca-a216-ce649ffa84bb/shots/2f4a8cce-fb20-49ad-97aa-6bb091e19b5f
2026-05-05 14:55:31 | INFO     | hermes.http | ← DELETE /api/videos/5f150c66-1f65-45ca-a216-ce649ffa84bb/shots/2f4a8cce-fb20-49ad-97aa-6bb091e19b5f 200 13.7ms
2026-05-05 14:55:31 | INFO     | hermes.http | → GET /api/assets/shots
2026-05-05 14:55:31 | INFO     | hermes.http | → GET /api/assets/timelines
2026-05-05 14:55:31 | INFO     | hermes.http | → GET /api/videos/5f150c66-1f65-45ca-a216-ce649ffa84bb/characters
2026-05-05 14:55:31 | INFO     | hermes.http | ← GET /api/assets/timelines 200 19.9ms
2026-05-05 14:55:31 | INFO     | hermes.http | ← GET /api/videos/5f150c66-1f65-45ca-a216-ce649ffa84bb/characters 200 17.1ms
2026-05-05 14:55:31 | INFO     | hermes.http | ← GET /api/assets/shots 200 22.6ms
2026-05-05 14:55:34 | INFO     | hermes.http | → DELETE /api/videos/5f150c66-1f65-45ca-a216-ce649ffa84bb/shots/f5b4d009-2c2b-466e-b4ff-de38c124d38a
2026-05-05 14:55:34 | INFO     | hermes.http | ← DELETE /api/videos/5f150c66-1f65-45ca-a216-ce649ffa84bb/shots/f5b4d009-2c2b-466e-b4ff-de38c124d38a 200 10.4ms
2026-05-05 14:55:34 | INFO     | hermes.http | → GET /api/assets/shots
2026-05-05 14:55:34 | INFO     | hermes.http | → GET /api/assets/timelines
2026-05-05 14:55:34 | INFO     | hermes.http | → GET /api/videos/5f150c66-1f65-45ca-a216-ce649ffa84bb/characters
2026-05-05 14:55:34 | INFO     | hermes.http | ← GET /api/assets/timelines 200 10.0ms
2026-05-05 14:55:34 | INFO     | hermes.http | ← GET /api/videos/5f150c66-1f65-45ca-a216-ce649ffa84bb/characters 200 14.3ms
2026-05-05 14:55:34 | INFO     | hermes.http | ← GET /api/assets/shots 200 16.2ms
2026-05-05 14:55:37 | INFO     | hermes.http | → DELETE /api/videos/5f150c66-1f65-45ca-a216-ce649ffa84bb/shots/65658297-aff2-4307-aa3d-dae96d04fb12
2026-05-05 14:55:37 | INFO     | hermes.http | ← DELETE /api/videos/5f150c66-1f65-45ca-a216-ce649ffa84bb/shots/65658297-aff2-4307-aa3d-dae96d04fb12 200 7.1ms
2026-05-05 14:55:37 | INFO     | hermes.http | → GET /api/assets/timelines
2026-05-05 14:55:37 | INFO     | hermes.http | → GET /api/assets/shots
2026-05-05 14:55:37 | INFO     | hermes.http | → GET /api/videos/5f150c66-1f65-45ca-a216-ce649ffa84bb/characters
2026-05-05 14:55:37 | INFO     | hermes.http | ← GET /api/assets/timelines 200 46.7ms
2026-05-05 14:55:37 | INFO     | hermes.http | ← GET /api/videos/5f150c66-1f65-45ca-a216-ce649ffa84bb/characters 200 45.5ms
2026-05-05 14:55:37 | INFO     | hermes.http | ← GET /api/assets/shots 200 47.0ms
2026-05-05 14:55:39 | INFO     | hermes.http | → DELETE /api/videos/5f150c66-1f65-45ca-a216-ce649ffa84bb/shots/b6f31a9e-8664-4802-b811-6307857fe5cb
2026-05-05 14:55:39 | INFO     | hermes.http | ← DELETE /api/videos/5f150c66-1f65-45ca-a216-ce649ffa84bb/shots/b6f31a9e-8664-4802-b811-6307857fe5cb 200 8.6ms
2026-05-05 14:55:39 | INFO     | hermes.http | → GET /api/assets/timelines
2026-05-05 14:55:39 | INFO     | hermes.http | → GET /api/assets/shots
2026-05-05 14:55:39 | INFO     | hermes.http | → GET /api/videos/5f150c66-1f65-45ca-a216-ce649ffa84bb/characters
2026-05-05 14:55:39 | INFO     | hermes.http | ← GET /api/assets/timelines 200 17.9ms
2026-05-05 14:55:39 | INFO     | hermes.http | ← GET /api/assets/shots 200 18.0ms
2026-05-05 14:55:39 | INFO     | hermes.http | ← GET /api/videos/5f150c66-1f65-45ca-a216-ce649ffa84bb/characters 200 18.2ms
2026-05-05 14:55:42 | INFO     | hermes.http | → DELETE /api/videos/5f150c66-1f65-45ca-a216-ce649ffa84bb/shots/83cdf229-913a-4280-a77f-cb3bb42c7ff2
2026-05-05 14:55:42 | INFO     | hermes.http | ← DELETE /api/videos/5f150c66-1f65-45ca-a216-ce649ffa84bb/shots/83cdf229-913a-4280-a77f-cb3bb42c7ff2 200 11.3ms
2026-05-05 14:55:42 | INFO     | hermes.http | → GET /api/assets/timelines
2026-05-05 14:55:42 | INFO     | hermes.http | → GET /api/videos/5f150c66-1f65-45ca-a216-ce649ffa84bb/characters
2026-05-05 14:55:42 | INFO     | hermes.http | → GET /api/assets/shots
2026-05-05 14:55:42 | INFO     | hermes.http | ← GET /api/assets/timelines 200 13.0ms
2026-05-05 14:55:42 | INFO     | hermes.http | ← GET /api/videos/5f150c66-1f65-45ca-a216-ce649ffa84bb/characters 200 17.7ms
2026-05-05 14:55:42 | INFO     | hermes.http | ← GET /api/assets/shots 200 17.9ms
2026-05-05 14:55:44 | INFO     | hermes.http | → GET /api/videos
2026-05-05 14:55:44 | INFO     | hermes.http | → GET /favicon.ico
2026-05-05 14:55:44 | INFO     | hermes.http | ← GET /favicon.ico 200 3.3ms
2026-05-05 14:55:44 | INFO     | hermes.http | ← GET /api/videos 200 7.7ms
2026-05-05 14:55:44 | INFO     | hermes.http | → GET /api/videos/5f150c66-1f65-45ca-a216-ce649ffa84bb
2026-05-05 14:55:44 | INFO     | hermes.http | → GET /api/videos/5f150c66-1f65-45ca-a216-ce649ffa84bb/timelines
2026-05-05 14:55:44 | INFO     | hermes.http | ← GET /api/videos/5f150c66-1f65-45ca-a216-ce649ffa84bb 200 9.5ms
2026-05-05 14:55:44 | INFO     | hermes.http | ← GET /api/videos/5f150c66-1f65-45ca-a216-ce649ffa84bb/timelines 200 17.6ms
2026-05-05 14:55:44 | INFO     | hermes.http | → GET /api/chat/19e2ffff-d04a-419f-8a07-969e2c0b85ec/messages
2026-05-05 14:55:44 | INFO     | hermes.http | → GET /api/timelines/19e2ffff-d04a-419f-8a07-969e2c0b85ec/manifest
2026-05-05 14:55:44 | INFO     | hermes.http | ← GET /api/chat/19e2ffff-d04a-419f-8a07-969e2c0b85ec/messages 200 7.5ms
2026-05-05 14:55:44 | INFO     | hermes.http | ← GET /api/timelines/19e2ffff-d04a-419f-8a07-969e2c0b85ec/manifest 200 8.3ms
2026-05-05 14:55:51 | INFO     | hermes.http | → POST /api/chat
2026-05-05 14:55:59 | INFO     | app.routes.chat | 对话请求 intent=qa timeline=19e2ffff-d04 play=0.00s profile=fast chars=14
2026-05-05 14:56:08 | INFO     | hermes.http | ← POST /api/chat 200 16590.9ms
2026-05-05 15:00:21 | INFO     | hermes | 日志文件：/Volumes/d/hermes/backend/storage/logs/hermes.log（级别 INFO）
2026-05-05 15:00:43 | INFO     | hermes | 日志文件：/Volumes/d/hermes/backend/storage/logs/hermes.log（级别 INFO）
2026-05-05 15:00:44 | INFO     | hermes | 日志文件：/Volumes/d/hermes/backend/storage/logs/hermes.log（级别 INFO）
2026-05-05 15:00:45 | INFO     | hermes | 日志文件：/Volumes/d/hermes/backend/storage/logs/hermes.log（级别 INFO）
2026-05-05 15:00:49 | INFO     | hermes | 日志文件：/Volumes/d/hermes/backend/storage/logs/hermes.log（级别 INFO）
2026-05-05 15:00:53 | INFO     | hermes | 日志文件：/Volumes/d/hermes/backend/storage/logs/hermes.log（级别 INFO）
2026-05-05 15:01:07 | INFO     | hermes | 日志文件：/Volumes/d/hermes/backend/storage/logs/hermes.log（级别 INFO）
2026-05-05 15:01:09 | INFO     | hermes | 日志文件：/Volumes/d/hermes/backend/storage/logs/hermes.log（级别 INFO）
2026-05-05 15:01:10 | INFO     | hermes | 日志文件：/Volumes/d/hermes/backend/storage/logs/hermes.log（级别 INFO）
2026-05-05 15:01:11 | INFO     | hermes | 日志文件：/Volumes/d/hermes/backend/storage/logs/hermes.log（级别 INFO）
2026-05-05 15:01:12 | INFO     | hermes | 日志文件：/Volumes/d/hermes/backend/storage/logs/hermes.log（级别 INFO）
2026-05-05 15:01:20 | INFO     | hermes | 日志文件：/Volumes/d/hermes/backend/storage/logs/hermes.log（级别 INFO）
2026-05-05 15:01:20 | INFO     | hermes | 日志文件：/Volumes/d/hermes/backend/storage/logs/hermes.log（级别 INFO）
2026-05-05 15:01:21 | INFO     | hermes | 日志文件：/Volumes/d/hermes/backend/storage/logs/hermes.log（级别 INFO）
2026-05-05 15:01:25 | INFO     | hermes | 日志文件：/Volumes/d/hermes/backend/storage/logs/hermes.log（级别 INFO）
2026-05-05 15:01:26 | INFO     | hermes | 日志文件：/Volumes/d/hermes/backend/storage/logs/hermes.log（级别 INFO）
2026-05-05 15:01:27 | INFO     | hermes | 日志文件：/Volumes/d/hermes/backend/storage/logs/hermes.log（级别 INFO）
2026-05-05 15:01:42 | INFO     | hermes | 日志文件：/Volumes/d/hermes/backend/storage/logs/hermes.log（级别 INFO）
2026-05-05 15:02:19 | INFO     | hermes.http | → POST /api/chat
2026-05-05 15:02:19 | INFO     | app.routes.chat | 对话请求 intent=intervention timeline=2c70e970-440 play=12.00s profile=fast chars=14
2026-05-05 15:02:28 | INFO     | hermes.http | ← POST /api/chat 200 8704.9ms
2026-05-05 15:03:58 | INFO     | hermes.http | → POST /api/chat
2026-05-05 15:03:59 | INFO     | app.routes.chat | 对话请求 intent=intervention timeline=19e2ffff-d04 play=0.00s profile=fast chars=14
2026-05-05 15:05:49 | ERROR    | app.services.agents.orchestrator | 干预失败 stage=分镜
RuntimeError: 分镜为空（模型未返回可用 shots，且未启用分镜兜底）
2026-05-05 15:05:49 | INFO     | hermes.http | ← POST /api/chat 200 110217.7ms
2026-05-05 15:07:26 | INFO     | hermes | 日志文件：/Volumes/d/hermes/backend/storage/logs/hermes.log（级别 INFO）
2026-05-05 15:07:27 | INFO     | hermes | 日志文件：/Volumes/d/hermes/backend/storage/logs/hermes.log（级别 INFO）
2026-05-05 15:07:29 | INFO     | hermes | 日志文件：/Volumes/d/hermes/backend/storage/logs/hermes.log（级别 INFO）
2026-05-05 15:17:53 | INFO     | hermes.http | → POST /api/chat
2026-05-05 15:17:53 | INFO     | app.routes.chat | 对话请求 intent=intervention timeline=2c70e970-440 play=30.00s profile=fast chars=15
2026-05-05 15:20:14 | INFO     | hermes.http | ← POST /api/chat 200 140948.2ms
2026-05-05 15:20:46 | INFO     | hermes | 日志文件：/Volumes/d/hermes/backend/storage/logs/hermes.log（级别 INFO）
2026-05-05 15:20:47 | INFO     | hermes | 日志文件：/Volumes/d/hermes/backend/storage/logs/hermes.log（级别 INFO）
2026-05-05 15:20:58 | INFO     | hermes.http | → GET /api/videos
2026-05-05 15:20:58 | INFO     | hermes.http | ← GET /api/videos 200 3.9ms
2026-05-05 15:20:58 | INFO     | hermes.http | → GET /api/videos
2026-05-05 15:20:58 | INFO     | hermes.http | ← GET /api/videos 200 3.4ms
2026-05-05 15:20:58 | INFO     | hermes.http | → GET /api/videos/5f150c66-1f65-45ca-a216-ce649ffa84bb
2026-05-05 15:20:58 | INFO     | hermes.http | → GET /api/videos/5f150c66-1f65-45ca-a216-ce649ffa84bb/timelines
2026-05-05 15:20:58 | INFO     | hermes.http | ← GET /api/videos/5f150c66-1f65-45ca-a216-ce649ffa84bb 200 10.9ms
2026-05-05 15:20:58 | INFO     | hermes.http | → GET /api/videos/5f150c66-1f65-45ca-a216-ce649ffa84bb
2026-05-05 15:20:58 | INFO     | hermes.http | ← GET /api/videos/5f150c66-1f65-45ca-a216-ce649ffa84bb/timelines 200 15.0ms
2026-05-05 15:20:58 | INFO     | hermes.http | → GET /api/videos/5f150c66-1f65-45ca-a216-ce649ffa84bb/timelines
2026-05-05 15:20:58 | INFO     | hermes.http | ← GET /api/videos/5f150c66-1f65-45ca-a216-ce649ffa84bb 200 3.6ms
2026-05-05 15:20:58 | INFO     | hermes.http | → GET /api/chat/19e2ffff-d04a-419f-8a07-969e2c0b85ec/messages
2026-05-05 15:20:58 | INFO     | hermes.http | → GET /api/timelines/19e2ffff-d04a-419f-8a07-969e2c0b85ec/manifest
2026-05-05 15:20:58 | INFO     | hermes.http | ← GET /api/videos/5f150c66-1f65-45ca-a216-ce649ffa84bb/timelines 200 6.9ms
2026-05-05 15:20:58 | INFO     | hermes.http | ← GET /api/chat/19e2ffff-d04a-419f-8a07-969e2c0b85ec/messages 200 9.8ms
2026-05-05 15:20:58 | INFO     | hermes.http | ← GET /api/timelines/19e2ffff-d04a-419f-8a07-969e2c0b85ec/manifest 200 9.9ms
2026-05-05 15:20:58 | INFO     | hermes.http | → GET /api/chat/19e2ffff-d04a-419f-8a07-969e2c0b85ec/messages
2026-05-05 15:20:58 | INFO     | hermes.http | ← GET /api/chat/19e2ffff-d04a-419f-8a07-969e2c0b85ec/messages 200 1.4ms
2026-05-05 15:21:25 | INFO     | hermes.http | → GET /
2026-05-05 15:21:25 | INFO     | hermes.http | ← GET / 200 17.6ms
2026-05-05 15:21:26 | INFO     | hermes.http | → GET /assets/index-DKWlJpAK.js
2026-05-05 15:21:26 | INFO     | hermes.http | → GET /assets/index-avo_2G8o.css
2026-05-05 15:21:26 | INFO     | hermes.http | ← GET /assets/index-DKWlJpAK.js 304 6.2ms
2026-05-05 15:21:26 | INFO     | hermes.http | ← GET /assets/index-avo_2G8o.css 304 17.5ms
2026-05-05 15:21:26 | INFO     | hermes.http | → GET /api/videos
2026-05-05 15:21:26 | INFO     | hermes.http | → GET /favicon.ico
2026-05-05 15:21:26 | INFO     | hermes.http | ← GET /favicon.ico 200 24.6ms
2026-05-05 15:21:26 | INFO     | hermes.http | ← GET /api/videos 200 41.5ms
2026-05-05 15:21:26 | INFO     | hermes.http | → GET /api/videos/5f150c66-1f65-45ca-a216-ce649ffa84bb
2026-05-05 15:21:26 | INFO     | hermes.http | → GET /api/videos/5f150c66-1f65-45ca-a216-ce649ffa84bb/timelines
2026-05-05 15:21:26 | INFO     | hermes.http | ← GET /api/videos/5f150c66-1f65-45ca-a216-ce649ffa84bb 200 27.0ms
2026-05-05 15:21:26 | INFO     | hermes.http | ← GET /api/videos/5f150c66-1f65-45ca-a216-ce649ffa84bb/timelines 200 25.0ms
2026-05-05 15:21:26 | INFO     | hermes.http | → GET /api/timelines/19e2ffff-d04a-419f-8a07-969e2c0b85ec/manifest
2026-05-05 15:21:26 | INFO     | hermes.http | → GET /api/chat/19e2ffff-d04a-419f-8a07-969e2c0b85ec/messages
2026-05-05 15:21:26 | INFO     | hermes.http | ← GET /api/chat/19e2ffff-d04a-419f-8a07-969e2c0b85ec/messages 200 5.0ms
2026-05-05 15:21:26 | INFO     | hermes.http | ← GET /api/timelines/19e2ffff-d04a-419f-8a07-969e2c0b85ec/manifest 200 19.1ms
2026-05-05 15:21:28 | INFO     | hermes.http | → GET /api/chat/2a905e0c-ad8a-4d1e-866d-2da4dd9c72f9/messages
2026-05-05 15:21:28 | INFO     | hermes.http | → GET /api/timelines/2a905e0c-ad8a-4d1e-866d-2da4dd9c72f9/manifest
2026-05-05 15:21:28 | INFO     | hermes.http | ← GET /api/chat/2a905e0c-ad8a-4d1e-866d-2da4dd9c72f9/messages 200 48.9ms
2026-05-05 15:21:28 | INFO     | hermes.http | ← GET /api/timelines/2a905e0c-ad8a-4d1e-866d-2da4dd9c72f9/manifest 200 69.8ms
2026-05-05 15:21:30 | INFO     | hermes.http | → GET /api/timelines/19e2ffff-d04a-419f-8a07-969e2c0b85ec/manifest
2026-05-05 15:21:30 | INFO     | hermes.http | → GET /api/chat/19e2ffff-d04a-419f-8a07-969e2c0b85ec/messages
2026-05-05 15:21:30 | INFO     | hermes.http | ← GET /api/chat/19e2ffff-d04a-419f-8a07-969e2c0b85ec/messages 200 75.6ms
2026-05-05 15:21:30 | INFO     | hermes.http | ← GET /api/timelines/19e2ffff-d04a-419f-8a07-969e2c0b85ec/manifest 200 82.2ms
2026-05-05 15:21:35 | INFO     | hermes.http | → GET /api/jobs
2026-05-05 15:21:35 | INFO     | hermes.http | ← GET /api/jobs 200 24.5ms
2026-05-05 15:21:39 | INFO     | hermes.http | → GET /api/jobs
2026-05-05 15:21:39 | INFO     | hermes.http | ← GET /api/jobs 200 30.5ms
2026-05-05 15:21:43 | INFO     | hermes.http | → GET /api/jobs
2026-05-05 15:21:43 | INFO     | hermes.http | ← GET /api/jobs 200 6.4ms
2026-05-05 15:21:47 | INFO     | hermes.http | → GET /api/jobs
2026-05-05 15:21:47 | INFO     | hermes.http | ← GET /api/jobs 200 32.7ms
2026-05-05 15:21:51 | INFO     | hermes.http | → GET /api/jobs
2026-05-05 15:21:51 | INFO     | hermes.http | ← GET /api/jobs 200 11.5ms
2026-05-05 15:21:55 | INFO     | hermes.http | → GET /api/jobs
2026-05-05 15:21:55 | INFO     | hermes.http | ← GET /api/jobs 200 15.6ms
2026-05-05 15:21:59 | INFO     | hermes.http | → GET /api/jobs
2026-05-05 15:21:59 | INFO     | hermes.http | ← GET /api/jobs 200 8.1ms
2026-05-05 15:22:03 | INFO     | hermes.http | → GET /api/jobs
2026-05-05 15:22:03 | INFO     | hermes.http | ← GET /api/jobs 200 10.6ms
2026-05-05 15:22:06 | INFO     | hermes.http | → GET /api/videos
2026-05-05 15:22:06 | INFO     | hermes.http | ← GET /api/videos 200 18.8ms
2026-05-05 15:22:06 | INFO     | hermes.http | → GET /api/assets/timelines
2026-05-05 15:22:06 | INFO     | hermes.http | → GET /api/videos/5f150c66-1f65-45ca-a216-ce649ffa84bb/characters
2026-05-05 15:22:06 | INFO     | hermes.http | → GET /api/assets/shots
2026-05-05 15:22:06 | INFO     | hermes.http | ← GET /api/assets/timelines 200 129.4ms
2026-05-05 15:22:06 | INFO     | hermes.http | ← GET /api/videos/5f150c66-1f65-45ca-a216-ce649ffa84bb/characters 200 123.8ms
2026-05-05 15:22:06 | INFO     | hermes.http | ← GET /api/assets/shots 200 123.8ms
2026-05-05 15:22:10 | INFO     | hermes.http | → GET /api/assets/shots
2026-05-05 15:22:10 | INFO     | hermes.http | → GET /api/videos/dd5441a5-425d-498c-a0f2-e3db070459b3/characters
2026-05-05 15:22:10 | INFO     | hermes.http | → GET /api/assets/timelines
2026-05-05 15:22:10 | INFO     | hermes.http | ← GET /api/videos/dd5441a5-425d-498c-a0f2-e3db070459b3/characters 200 13.0ms
2026-05-05 15:22:10 | INFO     | hermes.http | ← GET /api/assets/shots 200 19.3ms
2026-05-05 15:22:10 | INFO     | hermes.http | ← GET /api/assets/timelines 200 18.1ms
2026-05-05 15:22:15 | INFO     | hermes.http | → GET /api/assets/shots
2026-05-05 15:22:15 | INFO     | hermes.http | → GET /api/assets/timelines
2026-05-05 15:22:15 | INFO     | hermes.http | → GET /api/videos/5f150c66-1f65-45ca-a216-ce649ffa84bb/characters
2026-05-05 15:23:44 | INFO     | hermes | 日志文件：/Volumes/d/hermes/backend/storage/logs/hermes.log（级别 INFO）
2026-05-05 15:23:45 | INFO     | hermes.http | → GET /library
2026-05-05 15:23:45 | INFO     | hermes.http | ← GET /library 200 6.3ms
2026-05-05 15:23:46 | INFO     | hermes.http | → GET /api/videos
2026-05-05 15:23:46 | INFO     | hermes.http | ← GET /api/videos 200 15.9ms
2026-05-05 15:23:46 | INFO     | hermes.http | → GET /api/videos/5f150c66-1f65-45ca-a216-ce649ffa84bb/characters
2026-05-05 15:23:46 | INFO     | hermes.http | → GET /api/assets/timelines
2026-05-05 15:23:46 | INFO     | hermes.http | → GET /api/assets/shots
2026-05-05 15:23:46 | INFO     | hermes.http | ← GET /api/videos/5f150c66-1f65-45ca-a216-ce649ffa84bb/characters 200 18.0ms
2026-05-05 15:23:46 | INFO     | hermes.http | ← GET /api/assets/timelines 200 16.4ms
2026-05-05 15:23:46 | INFO     | hermes.http | ← GET /api/assets/shots 200 15.9ms
2026-05-05 15:23:48 | INFO     | hermes.http | → GET /api/videos
2026-05-05 15:23:48 | INFO     | hermes.http | ← GET /api/videos 200 5.1ms
2026-05-05 15:23:48 | INFO     | hermes.http | → GET /api/videos/5f150c66-1f65-45ca-a216-ce649ffa84bb
2026-05-05 15:23:48 | INFO     | hermes.http | → GET /api/videos/5f150c66-1f65-45ca-a216-ce649ffa84bb/timelines
2026-05-05 15:23:48 | INFO     | hermes.http | ← GET /api/videos/5f150c66-1f65-45ca-a216-ce649ffa84bb 200 13.0ms
2026-05-05 15:23:48 | INFO     | hermes.http | ← GET /api/videos/5f150c66-1f65-45ca-a216-ce649ffa84bb/timelines 200 20.0ms
2026-05-05 15:23:48 | INFO     | hermes.http | → GET /api/chat/19e2ffff-d04a-419f-8a07-969e2c0b85ec/messages
2026-05-05 15:23:48 | INFO     | hermes.http | → GET /api/timelines/19e2ffff-d04a-419f-8a07-969e2c0b85ec/manifest
2026-05-05 15:23:48 | INFO     | hermes.http | ← GET /api/chat/19e2ffff-d04a-419f-8a07-969e2c0b85ec/messages 200 11.5ms
2026-05-05 15:23:48 | INFO     | hermes.http | ← GET /api/timelines/19e2ffff-d04a-419f-8a07-969e2c0b85ec/manifest 200 13.7ms
2026-05-05 15:23:55 | INFO     | hermes.http | → GET /api/chat/2a905e0c-ad8a-4d1e-866d-2da4dd9c72f9/messages
2026-05-05 15:23:55 | INFO     | hermes.http | → GET /api/timelines/2a905e0c-ad8a-4d1e-866d-2da4dd9c72f9/manifest
2026-05-05 15:23:55 | INFO     | hermes.http | ← GET /api/chat/2a905e0c-ad8a-4d1e-866d-2da4dd9c72f9/messages 200 43.4ms
2026-05-05 15:23:55 | INFO     | hermes.http | ← GET /api/timelines/2a905e0c-ad8a-4d1e-866d-2da4dd9c72f9/manifest 200 51.5ms
2026-05-05 15:23:56 | INFO     | hermes.http | → GET /api/chat/19e2ffff-d04a-419f-8a07-969e2c0b85ec/messages
2026-05-05 15:23:56 | INFO     | hermes.http | → GET /api/timelines/19e2ffff-d04a-419f-8a07-969e2c0b85ec/manifest
2026-05-05 15:23:56 | INFO     | hermes.http | ← GET /api/chat/19e2ffff-d04a-419f-8a07-969e2c0b85ec/messages 200 16.4ms
2026-05-05 15:23:56 | INFO     | hermes.http | ← GET /api/timelines/19e2ffff-d04a-419f-8a07-969e2c0b85ec/manifest 200 17.9ms
2026-05-05 15:24:03 | INFO     | hermes.http | → POST /api/chat
2026-05-05 15:24:24 | INFO     | hermes.http | ← POST /api/chat 200 20560.2ms
2026-05-05 15:24:39 | INFO     | hermes.http | → POST /api/chat
2026-05-05 15:24:39 | INFO     | app.routes.chat | 对话请求 intent=intervention timeline=19e2ffff-d04 play=0.00s profile=fast chars=14
2026-05-05 15:27:02 | WARNING  | app.services.llm | LLM 请求失败，回退到 mock：The read operation timed out
2026-05-05 15:27:27 | INFO     | app.services.video_gen | 视频 DashScope：已将 compatible-mode 基址还原为视频合成 API 根域名 https://dashscope.aliyuncs.com
2026-05-05 15:27:27 | INFO     | app.services.video_gen | DashScope 视频合成：使用配置的 model=deepseek-v4-pro（请求体原样下发）
2026-05-05 15:27:27 | ERROR    | app.services.agents.orchestrator | 干预失败 stage=镜头生成
Traceback (most recent call last):
  File "/Volumes/d/hermes/backend/app/services/agents/orchestrator.py", line 601, in run_intervention
    generated = generator.generate_shot(
  File "/Volumes/d/hermes/backend/app/services/agents/generator.py", line 177, in generate_shot
    clip = client.generate(
  File "/Volumes/d/hermes/backend/app/services/video_gen.py", line 283, in generate
    return self._generate_deepseek(
  File "/Volumes/d/hermes/backend/app/services/video_gen.py", line 454, in _generate_deepseek
    raise RuntimeError(
RuntimeError: DashScope 创建视频任务失败 HTTP 400: {"request_id":"0e387303-f2a5-990d-ac41-503f27f5f404","code":"InvalidParameter","message":"url error, please check url！ For details, see: https://help.aliyun.com/zh/model-studio/error-code#error-url"} 若 model 为对话模型（如 deepseek-*），文生视频接口不接受；请在模型配置中改用 Wan 系列（如 wan2.6-t2v）。并确认已发送 X-DashScope-Async: enable。
2026-05-05 15:27:27 | INFO     | hermes.http | ← POST /api/chat 200 168273.2ms
2026-05-05 15:33:48 | INFO     | hermes | 日志文件：/Volumes/d/hermes/backend/storage/logs/hermes.log（级别 INFO）
2026-05-05 15:33:49 | INFO     | hermes | 日志文件：/Volumes/d/hermes/backend/storage/logs/hermes.log（级别 INFO）
2026-05-05 15:52:30 | INFO     | hermes | 日志文件：/Volumes/d/hermes/backend/storage/logs/hermes.log（级别 INFO）
2026-05-05 15:52:32 | INFO     | hermes | 日志文件：/Volumes/d/hermes/backend/storage/logs/hermes.log（级别 INFO）
2026-05-05 15:52:45 | INFO     | hermes | 日志文件：/Volumes/d/hermes/backend/storage/logs/hermes.log（级别 INFO）
2026-05-05 15:52:45 | INFO     | hermes | 日志文件：/Volumes/d/hermes/backend/storage/logs/hermes.log（级别 INFO）
2026-05-05 15:52:46 | INFO     | hermes | 日志文件：/Volumes/d/hermes/backend/storage/logs/hermes.log（级别 INFO）
2026-05-05 15:52:58 | INFO     | hermes | 日志文件：/Volumes/d/hermes/backend/storage/logs/hermes.log（级别 INFO）
2026-05-05 15:53:13 | INFO     | hermes | 日志文件：/Volumes/d/hermes/backend/storage/logs/hermes.log（级别 INFO）
2026-05-05 15:55:04 | INFO     | hermes.http | → GET /api/jobs
2026-05-05 15:55:04 | INFO     | hermes.http | → GET /favicon.ico
2026-05-05 15:55:04 | INFO     | hermes.http | ← GET /favicon.ico 200 19.5ms
2026-05-05 15:55:04 | INFO     | hermes.http | ← GET /api/jobs 200 35.7ms
2026-05-05 15:55:05 | INFO     | hermes.http | → GET /api/configs/models
2026-05-05 15:55:05 | INFO     | hermes.http | ← GET /api/configs/models 200 4.9ms
2026-05-05 15:56:24 | INFO     | hermes.http | → POST /api/configs/models
2026-05-05 15:56:24 | INFO     | app.routes.configs | 模型配置已创建 id=d5cbc22c-564 kind=video profile=fast name=happyhorse-1.0-i2v enabled=True
2026-05-05 15:56:24 | INFO     | hermes.http | ← POST /api/configs/models 200 19.6ms
2026-05-05 15:56:24 | INFO     | hermes.http | → GET /api/configs/models
2026-05-05 15:56:24 | INFO     | hermes.http | ← GET /api/configs/models 200 5.5ms
2026-05-05 15:56:26 | INFO     | hermes.http | → GET /config
2026-05-05 15:56:26 | INFO     | hermes.http | ← GET /config 200 4.9ms
2026-05-05 15:56:26 | INFO     | hermes.http | → GET /assets/index-avo_2G8o.css
2026-05-05 15:56:26 | INFO     | hermes.http | → GET /assets/index-DKWlJpAK.js
2026-05-05 15:56:26 | INFO     | hermes.http | ← GET /assets/index-avo_2G8o.css 304 41.6ms
2026-05-05 15:56:26 | INFO     | hermes.http | ← GET /assets/index-DKWlJpAK.js 304 42.1ms
2026-05-05 15:56:26 | INFO     | hermes.http | → GET /api/configs/models
2026-05-05 15:56:26 | INFO     | hermes.http | ← GET /api/configs/models 200 20.5ms
2026-05-05 15:58:38 | INFO     | hermes.http | → GET /api/videos
2026-05-05 15:58:39 | INFO     | hermes.http | ← GET /api/videos 200 31.5ms
2026-05-05 15:58:39 | INFO     | hermes.http | → GET /api/videos/5f150c66-1f65-45ca-a216-ce649ffa84bb
2026-05-05 15:58:39 | INFO     | hermes.http | → GET /api/videos/5f150c66-1f65-45ca-a216-ce649ffa84bb/timelines
2026-05-05 15:58:39 | INFO     | hermes.http | ← GET /api/videos/5f150c66-1f65-45ca-a216-ce649ffa84bb 200 52.5ms
2026-05-05 15:58:39 | INFO     | hermes.http | ← GET /api/videos/5f150c66-1f65-45ca-a216-ce649ffa84bb/timelines 200 81.0ms
2026-05-05 15:58:39 | INFO     | hermes.http | → GET /api/timelines/19e2ffff-d04a-419f-8a07-969e2c0b85ec/manifest
2026-05-05 15:58:39 | INFO     | hermes.http | → GET /api/chat/19e2ffff-d04a-419f-8a07-969e2c0b85ec/messages
2026-05-05 15:58:39 | INFO     | hermes.http | ← GET /api/timelines/19e2ffff-d04a-419f-8a07-969e2c0b85ec/manifest 200 27.3ms
2026-05-05 15:58:39 | INFO     | hermes.http | ← GET /api/chat/19e2ffff-d04a-419f-8a07-969e2c0b85ec/messages 200 27.6ms
2026-05-05 15:58:51 | INFO     | hermes.http | → POST /api/chat
2026-05-05 15:58:59 | INFO     | hermes.http | ← POST /api/chat 200 8074.2ms
2026-05-05 15:59:00 | INFO     | hermes.http | → POST /api/chat
2026-05-05 15:59:00 | INFO     | app.routes.chat | 对话请求 intent=intervention timeline=19e2ffff-d04 play=0.00s profile=fast chars=14
2026-05-05 16:01:21 | WARNING  | app.services.llm | LLM 请求失败，回退到 mock：The read operation timed out
2026-05-05 16:01:38 | INFO     | app.services.video_gen | 视频 DashScope：已将 compatible-mode 基址还原为视频合成 API 根域名 https://dashscope.aliyuncs.com
2026-05-05 16:01:38 | INFO     | app.services.video_gen | DashScope 文生视频候选顺序（含兜底）：['gen3-turbo', 'deepseek-v4-pro', 'happyhorse-1.0-i2v', 'dream-machine-v1', 'drawtext', 'wan2.6-t2v']
2026-05-05 16:01:38 | WARNING  | app.services.video_gen | DashScope 文生视频 model=gen3-turbo 失败，尝试下一项：DashScope 创建视频任务失败 HTTP 400: {"code":"InvalidParameter","message":"Model not exist.","request_id":"0780d83b-b8bd-992f-a202-c3ec7b13312c"}
2026-05-05 16:01:38 | INFO     | app.services.video_gen | DashScope 文生视频跳过对话类 model='deepseek-v4-pro'，尝试下一项
2026-05-05 16:01:49 | WARNING  | app.services.video_gen | DashScope 文生视频 model=happyhorse-1.0-i2v 失败，尝试下一项：DashScope 视频生成失败：Field required: input.media
2026-05-05 16:01:49 | WARNING  | app.services.video_gen | DashScope 文生视频 model=dream-machine-v1 失败，尝试下一项：DashScope 创建视频任务失败 HTTP 400: {"code":"InvalidParameter","message":"Model not exist.","request_id":"e08e7b7a-68ab-9b70-b039-84d3f05824d9"}
2026-05-05 16:01:49 | WARNING  | app.services.video_gen | DashScope 文生视频 model=drawtext 失败，尝试下一项：DashScope 创建视频任务失败 HTTP 400: {"code":"InvalidParameter","message":"Model not exist.","request_id":"82eaba92-1432-97cb-89bd-a447cc28c927"}
2026-05-05 16:02:40 | INFO     | app.services.model_resolve | TTS base_url 为 MiniMax 域名，已将 provider=openai 纠正为 minimax（优先走官方 T2A）
2026-05-05 16:03:11 | INFO     | app.services.video_gen | 视频 DashScope：已将 compatible-mode 基址还原为视频合成 API 根域名 https://dashscope.aliyuncs.com
2026-05-05 16:03:11 | INFO     | app.services.video_gen | DashScope 文生视频候选顺序（含兜底）：['gen3-turbo', 'deepseek-v4-pro', 'happyhorse-1.0-i2v', 'dream-machine-v1', 'drawtext', 'wan2.6-t2v']
2026-05-05 16:03:11 | WARNING  | app.services.video_gen | DashScope 文生视频 model=gen3-turbo 失败，尝试下一项：DashScope 创建视频任务失败 HTTP 400: {"code":"InvalidParameter","message":"Model not exist.","request_id":"630fbde0-7b7d-98c4-bcdb-5b3e41542fc7"}
2026-05-05 16:03:11 | INFO     | app.services.video_gen | DashScope 文生视频跳过对话类 model='deepseek-v4-pro'，尝试下一项
2026-05-05 16:03:22 | WARNING  | app.services.video_gen | DashScope 文生视频 model=happyhorse-1.0-i2v 失败，尝试下一项：DashScope 视频生成失败：Field required: input.media
2026-05-05 16:03:22 | WARNING  | app.services.video_gen | DashScope 文生视频 model=dream-machine-v1 失败，尝试下一项：DashScope 创建视频任务失败 HTTP 400: {"code":"InvalidParameter","message":"Model not exist.","request_id":"82211573-17ee-9fcb-943b-735edd8409af"}
2026-05-05 16:03:22 | WARNING  | app.services.video_gen | DashScope 文生视频 model=drawtext 失败，尝试下一项：DashScope 创建视频任务失败 HTTP 400: {"code":"InvalidParameter","message":"Model not exist.","request_id":"beb64917-9b37-9b73-ace2-30e6ce7423c6"}
2026-05-05 16:04:23 | INFO     | app.services.model_resolve | TTS base_url 为 MiniMax 域名，已将 provider=openai 纠正为 minimax（优先走官方 T2A）
2026-05-05 16:04:36 | INFO     | hermes.http | → GET /api/jobs
2026-05-05 16:04:36 | INFO     | hermes.http | → GET /favicon.ico
2026-05-05 16:04:36 | INFO     | hermes.http | ← GET /favicon.ico 200 18.7ms
2026-05-05 16:04:36 | INFO     | hermes.http | ← GET /api/jobs 200 41.0ms
2026-05-05 16:04:36 | INFO     | hermes.http | → GET /api/configs/models
2026-05-05 16:04:36 | INFO     | hermes.http | ← GET /api/configs/models 200 2.2ms
2026-05-05 16:04:58 | INFO     | app.services.video_gen | 视频 DashScope：已将 compatible-mode 基址还原为视频合成 API 根域名 https://dashscope.aliyuncs.com
2026-05-05 16:04:58 | INFO     | app.services.video_gen | DashScope 文生视频候选顺序（含兜底）：['gen3-turbo', 'deepseek-v4-pro', 'happyhorse-1.0-i2v', 'dream-machine-v1', 'drawtext', 'wan2.6-t2v']
2026-05-05 16:04:58 | WARNING  | app.services.video_gen | DashScope 文生视频 model=gen3-turbo 失败，尝试下一项：DashScope 创建视频任务失败 HTTP 400: {"code":"InvalidParameter","message":"Model not exist.","request_id":"a8c097ef-5c04-9597-b67e-dcb1c39abbd5"}
2026-05-05 16:04:58 | INFO     | app.services.video_gen | DashScope 文生视频跳过对话类 model='deepseek-v4-pro'，尝试下一项
2026-05-05 16:05:01 | INFO     | hermes.http | → PUT /api/configs/models/d5cbc22c-5646-4fe3-8358-0aea7314b1f1
2026-05-05 16:05:01 | INFO     | app.routes.configs | 模型配置已更新 id=d5cbc22c-564 kind=video profile=fast name=happyhorse-1.0-t2v
2026-05-05 16:05:01 | INFO     | hermes.http | ← PUT /api/configs/models/d5cbc22c-5646-4fe3-8358-0aea7314b1f1 200 35.9ms
2026-05-05 16:05:01 | INFO     | hermes.http | → GET /api/configs/models
2026-05-05 16:05:01 | INFO     | hermes.http | ← GET /api/configs/models 200 3.3ms
2026-05-05 16:05:08 | WARNING  | app.services.video_gen | DashScope 文生视频 model=happyhorse-1.0-i2v 失败，尝试下一项：DashScope 视频生成失败：Field required: input.media
2026-05-05 16:05:08 | WARNING  | app.services.video_gen | DashScope 文生视频 model=dream-machine-v1 失败，尝试下一项：DashScope 创建视频任务失败 HTTP 400: {"code":"InvalidParameter","message":"Model not exist.","request_id":"2defe04c-2566-95e6-8c91-72f86f3fa84f"}
2026-05-05 16:05:08 | WARNING  | app.services.video_gen | DashScope 文生视频 model=drawtext 失败，尝试下一项：DashScope 创建视频任务失败 HTTP 400: {"code":"InvalidParameter","message":"Model not exist.","request_id":"f57b518e-b291-9565-b058-2db11791b6d9"}
2026-05-05 16:05:19 | INFO     | hermes.http | → GET /api/videos
2026-05-05 16:05:19 | INFO     | hermes.http | ← GET /api/videos 200 36.5ms
2026-05-05 16:05:19 | INFO     | hermes.http | → GET /api/videos/5f150c66-1f65-45ca-a216-ce649ffa84bb
2026-05-05 16:05:19 | INFO     | hermes.http | → GET /api/videos/5f150c66-1f65-45ca-a216-ce649ffa84bb/timelines
2026-05-05 16:05:19 | INFO     | hermes.http | ← GET /api/videos/5f150c66-1f65-45ca-a216-ce649ffa84bb 200 12.6ms
2026-05-05 16:05:19 | INFO     | hermes.http | ← GET /api/videos/5f150c66-1f65-45ca-a216-ce649ffa84bb/timelines 200 27.4ms
2026-05-05 16:05:19 | INFO     | hermes.http | → GET /api/chat/19e2ffff-d04a-419f-8a07-969e2c0b85ec/messages
2026-05-05 16:05:19 | INFO     | hermes.http | → GET /api/timelines/19e2ffff-d04a-419f-8a07-969e2c0b85ec/manifest
2026-05-05 16:05:19 | INFO     | hermes.http | ← GET /api/chat/19e2ffff-d04a-419f-8a07-969e2c0b85ec/messages 200 34.4ms
2026-05-05 16:05:19 | INFO     | hermes.http | ← GET /api/timelines/19e2ffff-d04a-419f-8a07-969e2c0b85ec/manifest 200 36.1ms
2026-05-05 16:05:33 | INFO     | hermes.http | → POST /api/chat
2026-05-05 16:05:45 | INFO     | hermes.http | ← POST /api/chat 200 11341.8ms
2026-05-05 16:05:54 | INFO     | hermes.http | → POST /api/chat
2026-05-05 16:05:54 | INFO     | app.routes.chat | 对话请求 intent=intervention timeline=19e2ffff-d04 play=0.00s profile=fast chars=14
2026-05-05 16:06:10 | INFO     | app.services.model_resolve | TTS base_url 为 MiniMax 域名，已将 provider=openai 纠正为 minimax（优先走官方 T2A）
2026-05-05 16:06:11 | ERROR    | app.services.agents.orchestrator | 干预失败 stage=镜头生成
Traceback (most recent call last):
  File "/Volumes/d/hermes/.venv/lib/python3.9/site-packages/sqlalchemy/engine/base.py", line 1967, in _exec_single_context
    self.dialect.do_execute(
  File "/Volumes/d/hermes/.venv/lib/python3.9/site-packages/sqlalchemy/engine/default.py", line 941, in do_execute
    cursor.execute(statement, parameters)
sqlite3.IntegrityError: FOREIGN KEY constraint failed

The above exception was the direct cause of the following exception:

Traceback (most recent call last):
  File "/Volumes/d/hermes/backend/app/services/agents/orchestrator.py", line 601, in run_intervention
    generated = generator.generate_shot(
  File "/Volumes/d/hermes/backend/app/services/agents/generator.py", line 292, in generate_shot
    db.flush()
  File "/Volumes/d/hermes/.venv/lib/python3.9/site-packages/sqlalchemy/orm/session.py", line 4352, in flush
    self._flush(objects)
  File "/Volumes/d/hermes/.venv/lib/python3.9/site-packages/sqlalchemy/orm/session.py", line 4488, in _flush
    transaction.rollback(_capture_exception=True)
  File "/Volumes/d/hermes/.venv/lib/python3.9/site-packages/sqlalchemy/util/langhelpers.py", line 146, in __exit__
    raise exc_value.with_traceback(exc_tb)
  File "/Volumes/d/hermes/.venv/lib/python3.9/site-packages/sqlalchemy/orm/session.py", line 4448, in _flush
    flush_context.execute()
  File "/Volumes/d/hermes/.venv/lib/python3.9/site-packages/sqlalchemy/orm/unitofwork.py", line 466, in execute
    rec.execute(self)
  File "/Volumes/d/hermes/.venv/lib/python3.9/site-packages/sqlalchemy/orm/unitofwork.py", line 642, in execute
    util.preloaded.orm_persistence.save_obj(
  File "/Volumes/d/hermes/.venv/lib/python3.9/site-packages/sqlalchemy/orm/persistence.py", line 93, in save_obj
    _emit_insert_statements(
  File "/Volumes/d/hermes/.venv/lib/python3.9/site-packages/sqlalchemy/orm/persistence.py", line 1048, in _emit_insert_statements
    result = connection.execute(
  File "/Volumes/d/hermes/.venv/lib/python3.9/site-packages/sqlalchemy/engine/base.py", line 1418, in execute
    return meth(
  File "/Volumes/d/hermes/.venv/lib/python3.9/site-packages/sqlalchemy/sql/elements.py", line 515, in _execute_on_connection
    return connection._execute_clauseelement(
  File "/Volumes/d/hermes/.venv/lib/python3.9/site-packages/sqlalchemy/engine/base.py", line 1640, in _execute_clauseelement
    ret = self._execute_context(
  File "/Volumes/d/hermes/.venv/lib/python3.9/site-packages/sqlalchemy/engine/base.py", line 1846, in _execute_context
    return self._exec_single_context(
  File "/Volumes/d/hermes/.venv/lib/python3.9/site-packages/sqlalchemy/engine/base.py", line 1986, in _exec_single_context
    self._handle_dbapi_exception(
  File "/Volumes/d/hermes/.venv/lib/python3.9/site-packages/sqlalchemy/engine/base.py", line 2355, in _handle_dbapi_exception
    raise sqlalchemy_exception.with_traceback(exc_info[2]) from e
  File "/Volumes/d/hermes/.venv/lib/python3.9/site-packages/sqlalchemy/engine/base.py", line 1967, in _exec_single_context
    self.dialect.do_execute(
  File "/Volumes/d/hermes/.venv/lib/python3.9/site-packages/sqlalchemy/engine/default.py", line 941, in do_execute
    cursor.execute(statement, parameters)
sqlalchemy.exc.IntegrityError: (sqlite3.IntegrityError) FOREIGN KEY constraint failed
[SQL: INSERT INTO generated_assets (id, job_id, kind, file_path, duration, prompt, seed, model, cost, quality_score, metadata, created_at) VALUES (?, ?, ?, ?, ?, ?, ?, ?, ?, ?, ?, ?)]
[parameters: ('00ba8e2d-5a7f-4a42-89bd-5dfe16f01329', 'c510ce7c-1fb1-4ed7-824e-f50822edc72f', 'video', '/Volumes/d/hermes/backend/storage/generated/c510ce7c-1fb1-4ed7-824e-f50822edc72f/shot_s3.mp4', 6.029, '电影感镜头，画面连贯，动作自然。', None, 'wan2.6-t2v', 0.032, 0.88, '{"shot_id": "s3", "subtitle": "\\u4ed6\\u77e5\\u9053\\uff0c\\u4eca\\u5929\\u7684\\u9762\\u8bd5\\u5df2\\u7ecf\\u8d76\\u4e0d\\u4e0a\\u4e86\\u3002", "vo ... (806 characters truncated) ... 4e86\\u3002\\n\\u914d\\u97f3\\uff1a\\u4ed6\\u77e5\\u9053\\uff0c\\u4eca\\u5929\\u7684\\u9762\\u8bd5\\u5df2\\u7ecf\\u8d76\\u4e0d\\u4e0a\\u4e86\\u3002"}', '2026-05-05 08:06:11.600955')]
(Background on this error at: https://sqlalche.me/e/20/gkpj)
2026-05-05 16:06:11 | ERROR    | hermes.http | 请求异常 POST /api/chat
Traceback (most recent call last):
  File "/Volumes/d/hermes/.venv/lib/python3.9/site-packages/starlette/middleware/base.py", line 157, in call_next
    message = await recv_stream.receive()
  File "/Volumes/d/hermes/.venv/lib/python3.9/site-packages/anyio/streams/memory.py", line 132, in receive
    raise EndOfStream from None
anyio.EndOfStream

During handling of the above exception, another exception occurred:

Traceback (most recent call last):
  File "/Volumes/d/hermes/backend/app/main.py", line 34, in http_access_log
    response = await call_next(request)
  File "/Volumes/d/hermes/.venv/lib/python3.9/site-packages/starlette/middleware/base.py", line 163, in call_next
    raise app_exc
  File "/Volumes/d/hermes/.venv/lib/python3.9/site-packages/starlette/middleware/base.py", line 149, in coro
    await self.app(scope, receive_or_disconnect, send_no_error)
  File "/Volumes/d/hermes/.venv/lib/python3.9/site-packages/starlette/middleware/exceptions.py", line 62, in __call__
    await wrap_app_handling_exceptions(self.app, conn)(scope, receive, send)
  File "/Volumes/d/hermes/.venv/lib/python3.9/site-packages/starlette/_exception_handler.py", line 53, in wrapped_app
    raise exc
  File "/Volumes/d/hermes/.venv/lib/python3.9/site-packages/starlette/_exception_handler.py", line 42, in wrapped_app
    await app(scope, receive, sender)
  File "/Volumes/d/hermes/.venv/lib/python3.9/site-packages/starlette/routing.py", line 715, in __call__
    await self.middleware_stack(scope, receive, send)
  File "/Volumes/d/hermes/.venv/lib/python3.9/site-packages/starlette/routing.py", line 735, in app
    await route.handle(scope, receive, send)
  File "/Volumes/d/hermes/.venv/lib/python3.9/site-packages/starlette/routing.py", line 288, in handle
    await self.app(scope, receive, send)
  File "/Volumes/d/hermes/.venv/lib/python3.9/site-packages/starlette/routing.py", line 76, in app
    await wrap_app_handling_exceptions(app, request)(scope, receive, send)
  File "/Volumes/d/hermes/.venv/lib/python3.9/site-packages/starlette/_exception_handler.py", line 53, in wrapped_app
    raise exc
  File "/Volumes/d/hermes/.venv/lib/python3.9/site-packages/starlette/_exception_handler.py", line 42, in wrapped_app
    await app(scope, receive, sender)
  File "/Volumes/d/hermes/.venv/lib/python3.9/site-packages/starlette/routing.py", line 73, in app
    response = await f(request)
  File "/Volumes/d/hermes/.venv/lib/python3.9/site-packages/fastapi/routing.py", line 301, in app
    raw_response = await run_endpoint_function(
  File "/Volumes/d/hermes/.venv/lib/python3.9/site-packages/fastapi/routing.py", line 214, in run_endpoint_function
    return await run_in_threadpool(dependant.call, **values)
  File "/Volumes/d/hermes/.venv/lib/python3.9/site-packages/starlette/concurrency.py", line 39, in run_in_threadpool
    return await anyio.to_thread.run_sync(func, *args)
  File "/Volumes/d/hermes/.venv/lib/python3.9/site-packages/anyio/to_thread.py", line 63, in run_sync
    return await get_async_backend().run_sync_in_worker_thread(
  File "/Volumes/d/hermes/.venv/lib/python3.9/site-packages/anyio/_backends/_asyncio.py", line 2502, in run_sync_in_worker_thread
    return await future
  File "/Volumes/d/hermes/.venv/lib/python3.9/site-packages/anyio/_backends/_asyncio.py", line 986, in run
    result = context.run(func, *args)
  File "/Volumes/d/hermes/backend/app/routes/chat.py", line 283, in chat
    db.commit()
  File "/Volumes/d/hermes/.venv/lib/python3.9/site-packages/sqlalchemy/orm/session.py", line 2028, in commit
    trans.commit(_to_root=True)
  File "<string>", line 2, in commit
  File "/Volumes/d/hermes/.venv/lib/python3.9/site-packages/sqlalchemy/orm/state_changes.py", line 103, in _go
    self._raise_for_prerequisite_state(fn.__name__, current_state)
  File "/Volumes/d/hermes/.venv/lib/python3.9/site-packages/sqlalchemy/orm/session.py", line 973, in _raise_for_prerequisite_state
    raise sa_exc.PendingRollbackError(
sqlalchemy.exc.PendingRollbackError: This Session's transaction has been rolled back due to a previous exception during flush. To begin a new transaction with this Session, first issue Session.rollback(). Original exception was: (sqlite3.IntegrityError) FOREIGN KEY constraint failed
[SQL: INSERT INTO generated_assets (id, job_id, kind, file_path, duration, prompt, seed, model, cost, quality_score, metadata, created_at) VALUES (?, ?, ?, ?, ?, ?, ?, ?, ?, ?, ?, ?)]
[parameters: ('00ba8e2d-5a7f-4a42-89bd-5dfe16f01329', 'c510ce7c-1fb1-4ed7-824e-f50822edc72f', 'video', '/Volumes/d/hermes/backend/storage/generated/c510ce7c-1fb1-4ed7-824e-f50822edc72f/shot_s3.mp4', 6.029, '电影感镜头，画面连贯，动作自然。', None, 'wan2.6-t2v', 0.032, 0.88, '{"shot_id": "s3", "subtitle": "\\u4ed6\\u77e5\\u9053\\uff0c\\u4eca\\u5929\\u7684\\u9762\\u8bd5\\u5df2\\u7ecf\\u8d76\\u4e0d\\u4e0a\\u4e86\\u3002", "vo ... (806 characters truncated) ... 4e86\\u3002\\n\\u914d\\u97f3\\uff1a\\u4ed6\\u77e5\\u9053\\uff0c\\u4eca\\u5929\\u7684\\u9762\\u8bd5\\u5df2\\u7ecf\\u8d76\\u4e0d\\u4e0a\\u4e86\\u3002"}', '2026-05-05 08:06:11.600955')]
(Background on this error at: https://sqlalche.me/e/20/gkpj) (Background on this error at: https://sqlalche.me/e/20/7s2a)
2026-05-05 16:08:38 | INFO     | app.services.agents.generator | 镜头绑定角色库：青年男子：黑色凌乱马尾，左侧有一缕明显的紫色挑染发丝，身穿黑色金边交领长袍，领口与袖口带有蓝色波浪纹饰，腰间系有紫色丝绸腰带，参照图 /Volumes/d/hermes/backend/storage/generated/characters/4e704262-510d-48f4-9f7d-2949144cabec/reference.jpg
2026-05-05 16:08:38 | INFO     | app.services.video_gen | 视频 DashScope：已将 compatible-mode 基址还原为视频合成 API 根域名 https://dashscope.aliyuncs.com
2026-05-05 16:08:38 | INFO     | app.services.video_gen | DashScope 文生视频候选顺序（含兜底）：['gen3-turbo', 'deepseek-v4-pro', 'happyhorse-1.0-t2v', 'dream-machine-v1', 'drawtext', 'wan2.6-t2v']
2026-05-05 16:08:38 | WARNING  | app.services.video_gen | DashScope 文生视频 model=gen3-turbo 失败，尝试下一项：DashScope 创建视频任务失败 HTTP 400: {"code":"InvalidParameter","message":"Model not exist.","request_id":"1fb1f12a-a9c7-9353-ae00-c7f60cca5dcb"}
2026-05-05 16:08:38 | INFO     | app.services.video_gen | DashScope 文生视频跳过对话类 model='deepseek-v4-pro'，尝试下一项
2026-05-05 16:11:11 | ERROR    | app.services.agents.orchestrator | 干预失败 stage=镜头生成
Traceback (most recent call last):
  File "/Volumes/d/hermes/backend/app/services/agents/orchestrator.py", line 601, in run_intervention
    generated = generator.generate_shot(
  File "/Volumes/d/hermes/backend/app/services/agents/generator.py", line 219, in generate_shot
    prof = voice_agent.get_or_create_profile(
  File "/Volumes/d/hermes/backend/app/services/agents/voice.py", line 39, in get_or_create_profile
    db.flush()
  File "/Volumes/d/hermes/.venv/lib/python3.9/site-packages/sqlalchemy/orm/session.py", line 4352, in flush
    self._flush(objects)
  File "/Volumes/d/hermes/.venv/lib/python3.9/site-packages/sqlalchemy/orm/session.py", line 4488, in _flush
    transaction.rollback(_capture_exception=True)
  File "/Volumes/d/hermes/.venv/lib/python3.9/site-packages/sqlalchemy/util/langhelpers.py", line 146, in __exit__
    raise exc_value.with_traceback(exc_tb)
  File "/Volumes/d/hermes/.venv/lib/python3.9/site-packages/sqlalchemy/orm/session.py", line 4448, in _flush
    flush_context.execute()
  File "/Volumes/d/hermes/.venv/lib/python3.9/site-packages/sqlalchemy/orm/unitofwork.py", line 466, in execute
    rec.execute(self)
  File "/Volumes/d/hermes/.venv/lib/python3.9/site-packages/sqlalchemy/orm/unitofwork.py", line 642, in execute
    util.preloaded.orm_persistence.save_obj(
  File "/Volumes/d/hermes/.venv/lib/python3.9/site-packages/sqlalchemy/orm/persistence.py", line 85, in save_obj
    _emit_update_statements(
  File "/Volumes/d/hermes/.venv/lib/python3.9/site-packages/sqlalchemy/orm/persistence.py", line 948, in _emit_update_statements
    raise orm_exc.StaleDataError(
sqlalchemy.orm.exc.StaleDataError: UPDATE statement on table 'generation_jobs' expected to update 1 row(s); 0 were matched.
2026-05-05 16:11:11 | ERROR    | hermes.http | 请求异常 POST /api/chat
Traceback (most recent call last):
  File "/Volumes/d/hermes/.venv/lib/python3.9/site-packages/starlette/middleware/base.py", line 157, in call_next
    message = await recv_stream.receive()
  File "/Volumes/d/hermes/.venv/lib/python3.9/site-packages/anyio/streams/memory.py", line 132, in receive
    raise EndOfStream from None
anyio.EndOfStream

During handling of the above exception, another exception occurred:

Traceback (most recent call last):
  File "/Volumes/d/hermes/backend/app/main.py", line 34, in http_access_log
    response = await call_next(request)
  File "/Volumes/d/hermes/.venv/lib/python3.9/site-packages/starlette/middleware/base.py", line 163, in call_next
    raise app_exc
  File "/Volumes/d/hermes/.venv/lib/python3.9/site-packages/starlette/middleware/base.py", line 149, in coro
    await self.app(scope, receive_or_disconnect, send_no_error)
  File "/Volumes/d/hermes/.venv/lib/python3.9/site-packages/starlette/middleware/exceptions.py", line 62, in __call__
    await wrap_app_handling_exceptions(self.app, conn)(scope, receive, send)
  File "/Volumes/d/hermes/.venv/lib/python3.9/site-packages/starlette/_exception_handler.py", line 53, in wrapped_app
    raise exc
  File "/Volumes/d/hermes/.venv/lib/python3.9/site-packages/starlette/_exception_handler.py", line 42, in wrapped_app
    await app(scope, receive, sender)
  File "/Volumes/d/hermes/.venv/lib/python3.9/site-packages/starlette/routing.py", line 715, in __call__
    await self.middleware_stack(scope, receive, send)
  File "/Volumes/d/hermes/.venv/lib/python3.9/site-packages/starlette/routing.py", line 735, in app
    await route.handle(scope, receive, send)
  File "/Volumes/d/hermes/.venv/lib/python3.9/site-packages/starlette/routing.py", line 288, in handle
    await self.app(scope, receive, send)
  File "/Volumes/d/hermes/.venv/lib/python3.9/site-packages/starlette/routing.py", line 76, in app
    await wrap_app_handling_exceptions(app, request)(scope, receive, send)
  File "/Volumes/d/hermes/.venv/lib/python3.9/site-packages/starlette/_exception_handler.py", line 53, in wrapped_app
    raise exc
  File "/Volumes/d/hermes/.venv/lib/python3.9/site-packages/starlette/_exception_handler.py", line 42, in wrapped_app
    await app(scope, receive, sender)
  File "/Volumes/d/hermes/.venv/lib/python3.9/site-packages/starlette/routing.py", line 73, in app
    response = await f(request)
  File "/Volumes/d/hermes/.venv/lib/python3.9/site-packages/fastapi/routing.py", line 301, in app
    raw_response = await run_endpoint_function(
  File "/Volumes/d/hermes/.venv/lib/python3.9/site-packages/fastapi/routing.py", line 214, in run_endpoint_function
    return await run_in_threadpool(dependant.call, **values)
  File "/Volumes/d/hermes/.venv/lib/python3.9/site-packages/starlette/concurrency.py", line 39, in run_in_threadpool
    return await anyio.to_thread.run_sync(func, *args)
  File "/Volumes/d/hermes/.venv/lib/python3.9/site-packages/anyio/to_thread.py", line 63, in run_sync
    return await get_async_backend().run_sync_in_worker_thread(
  File "/Volumes/d/hermes/.venv/lib/python3.9/site-packages/anyio/_backends/_asyncio.py", line 2502, in run_sync_in_worker_thread
    return await future
  File "/Volumes/d/hermes/.venv/lib/python3.9/site-packages/anyio/_backends/_asyncio.py", line 986, in run
    result = context.run(func, *args)
  File "/Volumes/d/hermes/backend/app/routes/chat.py", line 283, in chat
    db.commit()
  File "/Volumes/d/hermes/.venv/lib/python3.9/site-packages/sqlalchemy/orm/session.py", line 2028, in commit
    trans.commit(_to_root=True)
  File "<string>", line 2, in commit
  File "/Volumes/d/hermes/.venv/lib/python3.9/site-packages/sqlalchemy/orm/state_changes.py", line 103, in _go
    self._raise_for_prerequisite_state(fn.__name__, current_state)
  File "/Volumes/d/hermes/.venv/lib/python3.9/site-packages/sqlalchemy/orm/session.py", line 973, in _raise_for_prerequisite_state
    raise sa_exc.PendingRollbackError(
sqlalchemy.exc.PendingRollbackError: This Session's transaction has been rolled back due to a previous exception during flush. To begin a new transaction with this Session, first issue Session.rollback(). Original exception was: UPDATE statement on table 'generation_jobs' expected to update 1 row(s); 0 were matched. (Background on this error at: https://sqlalche.me/e/20/7s2a)
2026-05-05 16:14:33 | INFO     | hermes | 日志文件：/Volumes/d/hermes/backend/storage/logs/hermes.log（级别 INFO）
2026-05-05 16:14:34 | INFO     | hermes | 日志文件：/Volumes/d/hermes/backend/storage/logs/hermes.log（级别 INFO）
2026-05-05 16:14:35 | INFO     | hermes | 日志文件：/Volumes/d/hermes/backend/storage/logs/hermes.log（级别 INFO）
2026-05-05 16:14:35 | INFO     | hermes | 日志文件：/Volumes/d/hermes/backend/storage/logs/hermes.log（级别 INFO）
2026-05-05 16:14:37 | INFO     | hermes | 日志文件：/Volumes/d/hermes/backend/storage/logs/hermes.log（级别 INFO）
2026-05-05 16:14:37 | INFO     | hermes | 日志文件：/Volumes/d/hermes/backend/storage/logs/hermes.log（级别 INFO）
2026-05-05 16:16:58 | INFO     | hermes.http | → POST /api/chat
2026-05-05 16:17:12 | INFO     | app.routes.chat | 对话请求 intent=qa timeline=19e2ffff-d04 play=0.00s profile=fast chars=11
2026-05-05 16:17:30 | INFO     | hermes.http | ← POST /api/chat 200 31751.7ms
2026-05-05 16:18:45 | INFO     | hermes.http | → POST /api/chat
2026-05-05 16:18:45 | INFO     | app.routes.chat | 对话请求 intent=intervention timeline=19e2ffff-d04 play=0.00s profile=fast chars=11
2026-05-05 16:20:41 | INFO     | app.services.video_gen | 视频 DashScope：已将 compatible-mode 基址还原为视频合成 API 根域名 https://dashscope.aliyuncs.com
2026-05-05 16:20:41 | INFO     | app.services.video_gen | DashScope 文生视频候选顺序（含兜底）：['gen3-turbo', 'deepseek-v4-pro', 'happyhorse-1.0-t2v', 'dream-machine-v1', 'drawtext', 'wan2.6-t2v']
2026-05-05 16:20:41 | WARNING  | app.services.video_gen | DashScope 文生视频 model=gen3-turbo 失败，尝试下一项：DashScope 创建视频任务失败 HTTP 400: {"code":"InvalidParameter","message":"Model not exist.","request_id":"31b29511-0144-9ae7-b3e5-23a6da66a08e"}
2026-05-05 16:20:41 | INFO     | app.services.video_gen | DashScope 文生视频跳过对话类 model='deepseek-v4-pro'，尝试下一项
2026-05-05 16:23:13 | INFO     | app.services.model_resolve | TTS base_url 为 MiniMax 域名，已将 provider=openai 纠正为 minimax（优先走官方 T2A）
2026-05-05 16:23:46 | INFO     | app.services.video_gen | 视频 DashScope：已将 compatible-mode 基址还原为视频合成 API 根域名 https://dashscope.aliyuncs.com
2026-05-05 16:23:46 | INFO     | app.services.video_gen | DashScope 文生视频候选顺序（含兜底）：['gen3-turbo', 'deepseek-v4-pro', 'happyhorse-1.0-t2v', 'dream-machine-v1', 'drawtext', 'wan2.6-t2v']
2026-05-05 16:23:46 | WARNING  | app.services.video_gen | DashScope 文生视频 model=gen3-turbo 失败，尝试下一项：DashScope 创建视频任务失败 HTTP 400: {"code":"InvalidParameter","message":"Model not exist.","request_id":"d558f19b-f515-9fc7-9b6f-c77bfddcd6f2"}
2026-05-05 16:23:46 | INFO     | app.services.video_gen | DashScope 文生视频跳过对话类 model='deepseek-v4-pro'，尝试下一项
2026-05-05 16:26:19 | INFO     | app.services.model_resolve | TTS base_url 为 MiniMax 域名，已将 provider=openai 纠正为 minimax（优先走官方 T2A）
2026-05-05 16:26:43 | INFO     | app.services.video_gen | 视频 DashScope：已将 compatible-mode 基址还原为视频合成 API 根域名 https://dashscope.aliyuncs.com
2026-05-05 16:26:43 | INFO     | app.services.video_gen | DashScope 文生视频候选顺序（含兜底）：['gen3-turbo', 'deepseek-v4-pro', 'happyhorse-1.0-t2v', 'dream-machine-v1', 'drawtext', 'wan2.6-t2v']
2026-05-05 16:26:43 | WARNING  | app.services.video_gen | DashScope 文生视频 model=gen3-turbo 失败，尝试下一项：DashScope 创建视频任务失败 HTTP 400: {"code":"InvalidParameter","message":"Model not exist.","request_id":"1cabd063-62ab-9f81-83d0-435ce3d99eae"}
2026-05-05 16:26:43 | INFO     | app.services.video_gen | DashScope 文生视频跳过对话类 model='deepseek-v4-pro'，尝试下一项
2026-05-05 16:29:08 | INFO     | hermes.http | → GET /api/jobs
2026-05-05 16:29:08 | INFO     | hermes.http | → GET /favicon.ico
2026-05-05 16:29:08 | INFO     | hermes.http | ← GET /favicon.ico 200 72.9ms
2026-05-05 16:29:08 | INFO     | hermes.http | ← GET /api/jobs 200 115.2ms
2026-05-05 16:29:12 | INFO     | hermes.http | → GET /api/jobs
2026-05-05 16:29:12 | INFO     | hermes.http | ← GET /api/jobs 200 18.5ms
2026-05-05 16:29:16 | INFO     | hermes.http | → GET /api/jobs
2026-05-05 16:29:16 | INFO     | hermes.http | ← GET /api/jobs 200 9.5ms
2026-05-05 16:29:16 | INFO     | app.services.model_resolve | TTS base_url 为 MiniMax 域名，已将 provider=openai 纠正为 minimax（优先走官方 T2A）
2026-05-05 16:29:17 | ERROR    | app.services.agents.orchestrator | 干预失败 stage=镜头生成
Traceback (most recent call last):
  File "/Volumes/d/hermes/.venv/lib/python3.9/site-packages/sqlalchemy/engine/base.py", line 1967, in _exec_single_context
    self.dialect.do_execute(
  File "/Volumes/d/hermes/.venv/lib/python3.9/site-packages/sqlalchemy/engine/default.py", line 941, in do_execute
    cursor.execute(statement, parameters)
sqlite3.IntegrityError: FOREIGN KEY constraint failed

The above exception was the direct cause of the following exception:

Traceback (most recent call last):
  File "/Volumes/d/hermes/backend/app/services/agents/orchestrator.py", line 622, in run_intervention
    generated = generator.generate_shot(
  File "/Volumes/d/hermes/backend/app/services/agents/generator.py", line 292, in generate_shot
    db.flush()
  File "/Volumes/d/hermes/.venv/lib/python3.9/site-packages/sqlalchemy/orm/session.py", line 4352, in flush
    self._flush(objects)
  File "/Volumes/d/hermes/.venv/lib/python3.9/site-packages/sqlalchemy/orm/session.py", line 4488, in _flush
    transaction.rollback(_capture_exception=True)
  File "/Volumes/d/hermes/.venv/lib/python3.9/site-packages/sqlalchemy/util/langhelpers.py", line 146, in __exit__
    raise exc_value.with_traceback(exc_tb)
  File "/Volumes/d/hermes/.venv/lib/python3.9/site-packages/sqlalchemy/orm/session.py", line 4448, in _flush
    flush_context.execute()
  File "/Volumes/d/hermes/.venv/lib/python3.9/site-packages/sqlalchemy/orm/unitofwork.py", line 466, in execute
    rec.execute(self)
  File "/Volumes/d/hermes/.venv/lib/python3.9/site-packages/sqlalchemy/orm/unitofwork.py", line 642, in execute
    util.preloaded.orm_persistence.save_obj(
  File "/Volumes/d/hermes/.venv/lib/python3.9/site-packages/sqlalchemy/orm/persistence.py", line 93, in save_obj
    _emit_insert_statements(
  File "/Volumes/d/hermes/.venv/lib/python3.9/site-packages/sqlalchemy/orm/persistence.py", line 1048, in _emit_insert_statements
    result = connection.execute(
  File "/Volumes/d/hermes/.venv/lib/python3.9/site-packages/sqlalchemy/engine/base.py", line 1418, in execute
    return meth(
  File "/Volumes/d/hermes/.venv/lib/python3.9/site-packages/sqlalchemy/sql/elements.py", line 515, in _execute_on_connection
    return connection._execute_clauseelement(
  File "/Volumes/d/hermes/.venv/lib/python3.9/site-packages/sqlalchemy/engine/base.py", line 1640, in _execute_clauseelement
    ret = self._execute_context(
  File "/Volumes/d/hermes/.venv/lib/python3.9/site-packages/sqlalchemy/engine/base.py", line 1846, in _execute_context
    return self._exec_single_context(
  File "/Volumes/d/hermes/.venv/lib/python3.9/site-packages/sqlalchemy/engine/base.py", line 1986, in _exec_single_context
    self._handle_dbapi_exception(
  File "/Volumes/d/hermes/.venv/lib/python3.9/site-packages/sqlalchemy/engine/base.py", line 2355, in _handle_dbapi_exception
    raise sqlalchemy_exception.with_traceback(exc_info[2]) from e
  File "/Volumes/d/hermes/.venv/lib/python3.9/site-packages/sqlalchemy/engine/base.py", line 1967, in _exec_single_context
    self.dialect.do_execute(
  File "/Volumes/d/hermes/.venv/lib/python3.9/site-packages/sqlalchemy/engine/default.py", line 941, in do_execute
    cursor.execute(statement, parameters)
sqlalchemy.exc.IntegrityError: (sqlite3.IntegrityError) FOREIGN KEY constraint failed
[SQL: INSERT INTO generated_assets (id, job_id, kind, file_path, duration, prompt, seed, model, cost, quality_score, metadata, created_at) VALUES (?, ?, ?, ?, ?, ?, ?, ?, ?, ?, ?, ?)]
[parameters: ('ccc93b39-8892-42b4-a876-8cd33c166c63', '01ed449f-3ee4-42b0-a3a3-692f82d1d6fb', 'video', '/Volumes/d/hermes/backend/storage/generated/01ed449f-3ee4-42b0-a3a3-692f82d1d6fb/shot_3.mp4', 5.16, 'Cinematic handheld camera with slight shake slowly zooms in on: A lone young swordsman (楚凡) with messy black purple-highlighted hair standing on endl ... (598 characters truncated) ... en hand and sword, subtle blue light reflections dancing across his face. Atmospheric snow continues falling, establishing isolated yet hopeful mood.', None, 'happyhorse-1.0-t2v', 0.062, 0.88, '{"shot_id": 3, "subtitle": "\\u2026\\u2026\\u5251\\u7075\\uff0c\\u4f60\\u542c\\u5230\\u4e86\\u5417\\uff1f\\u7b49\\u6211\\u5f3a\\u5927\\u8d77\\u6765\\ ... (1766 characters truncated) ... l shift, gazing at the faintly glowing sword hanging at his waist. His right hand slowly reaches down and firmly grasps the sword hilt. As he touch"}', '2026-05-05 08:29:17.672180')]
(Background on this error at: https://sqlalche.me/e/20/gkpj)
2026-05-05 16:29:17 | ERROR    | hermes.http | 请求异常 POST /api/chat
Traceback (most recent call last):
  File "/Volumes/d/hermes/.venv/lib/python3.9/site-packages/starlette/middleware/base.py", line 157, in call_next
    message = await recv_stream.receive()
  File "/Volumes/d/hermes/.venv/lib/python3.9/site-packages/anyio/streams/memory.py", line 132, in receive
    raise EndOfStream from None
anyio.EndOfStream

During handling of the above exception, another exception occurred:

Traceback (most recent call last):
  File "/Volumes/d/hermes/backend/app/main.py", line 34, in http_access_log
    response = await call_next(request)
  File "/Volumes/d/hermes/.venv/lib/python3.9/site-packages/starlette/middleware/base.py", line 163, in call_next
    raise app_exc
  File "/Volumes/d/hermes/.venv/lib/python3.9/site-packages/starlette/middleware/base.py", line 149, in coro
    await self.app(scope, receive_or_disconnect, send_no_error)
  File "/Volumes/d/hermes/.venv/lib/python3.9/site-packages/starlette/middleware/exceptions.py", line 62, in __call__
    await wrap_app_handling_exceptions(self.app, conn)(scope, receive, send)
  File "/Volumes/d/hermes/.venv/lib/python3.9/site-packages/starlette/_exception_handler.py", line 53, in wrapped_app
    raise exc
  File "/Volumes/d/hermes/.venv/lib/python3.9/site-packages/starlette/_exception_handler.py", line 42, in wrapped_app
    await app(scope, receive, sender)
  File "/Volumes/d/hermes/.venv/lib/python3.9/site-packages/starlette/routing.py", line 715, in __call__
    await self.middleware_stack(scope, receive, send)
  File "/Volumes/d/hermes/.venv/lib/python3.9/site-packages/starlette/routing.py", line 735, in app
    await route.handle(scope, receive, send)
  File "/Volumes/d/hermes/.venv/lib/python3.9/site-packages/starlette/routing.py", line 288, in handle
    await self.app(scope, receive, send)
  File "/Volumes/d/hermes/.venv/lib/python3.9/site-packages/starlette/routing.py", line 76, in app
    await wrap_app_handling_exceptions(app, request)(scope, receive, send)
  File "/Volumes/d/hermes/.venv/lib/python3.9/site-packages/starlette/_exception_handler.py", line 53, in wrapped_app
    raise exc
  File "/Volumes/d/hermes/.venv/lib/python3.9/site-packages/starlette/_exception_handler.py", line 42, in wrapped_app
    await app(scope, receive, sender)
  File "/Volumes/d/hermes/.venv/lib/python3.9/site-packages/starlette/routing.py", line 73, in app
    response = await f(request)
  File "/Volumes/d/hermes/.venv/lib/python3.9/site-packages/fastapi/routing.py", line 301, in app
    raw_response = await run_endpoint_function(
  File "/Volumes/d/hermes/.venv/lib/python3.9/site-packages/fastapi/routing.py", line 214, in run_endpoint_function
    return await run_in_threadpool(dependant.call, **values)
  File "/Volumes/d/hermes/.venv/lib/python3.9/site-packages/starlette/concurrency.py", line 39, in run_in_threadpool
    return await anyio.to_thread.run_sync(func, *args)
  File "/Volumes/d/hermes/.venv/lib/python3.9/site-packages/anyio/to_thread.py", line 63, in run_sync
    return await get_async_backend().run_sync_in_worker_thread(
  File "/Volumes/d/hermes/.venv/lib/python3.9/site-packages/anyio/_backends/_asyncio.py", line 2502, in run_sync_in_worker_thread
    return await future
  File "/Volumes/d/hermes/.venv/lib/python3.9/site-packages/anyio/_backends/_asyncio.py", line 986, in run
    result = context.run(func, *args)
  File "/Volumes/d/hermes/backend/app/routes/chat.py", line 270, in chat
    result = orchestrator.run_intervention(
  File "/Volumes/d/hermes/backend/app/services/agents/orchestrator.py", line 827, in run_intervention
    _reconcile_generation_job(db, job)
  File "/Volumes/d/hermes/backend/app/services/agents/orchestrator.py", line 242, in _reconcile_generation_job
    row_id = db.scalar(select(models.GenerationJob.id).where(models.GenerationJob.id == jid))
  File "/Volumes/d/hermes/.venv/lib/python3.9/site-packages/sqlalchemy/orm/session.py", line 2410, in scalar
    return self._execute_internal(
  File "/Volumes/d/hermes/.venv/lib/python3.9/site-packages/sqlalchemy/orm/session.py", line 2237, in _execute_internal
    conn = self._connection_for_bind(bind)
  File "/Volumes/d/hermes/.venv/lib/python3.9/site-packages/sqlalchemy/orm/session.py", line 2106, in _connection_for_bind
    return trans._connection_for_bind(engine, execution_options)
  File "<string>", line 2, in _connection_for_bind
  File "/Volumes/d/hermes/.venv/lib/python3.9/site-packages/sqlalchemy/orm/state_changes.py", line 103, in _go
    self._raise_for_prerequisite_state(fn.__name__, current_state)
  File "/Volumes/d/hermes/.venv/lib/python3.9/site-packages/sqlalchemy/orm/session.py", line 973, in _raise_for_prerequisite_state
    raise sa_exc.PendingRollbackError(
sqlalchemy.exc.PendingRollbackError: This Session's transaction has been rolled back due to a previous exception during flush. To begin a new transaction with this Session, first issue Session.rollback(). Original exception was: (sqlite3.IntegrityError) FOREIGN KEY constraint failed
[SQL: INSERT INTO generated_assets (id, job_id, kind, file_path, duration, prompt, seed, model, cost, quality_score, metadata, created_at) VALUES (?, ?, ?, ?, ?, ?, ?, ?, ?, ?, ?, ?)]
[parameters: ('ccc93b39-8892-42b4-a876-8cd33c166c63', '01ed449f-3ee4-42b0-a3a3-692f82d1d6fb', 'video', '/Volumes/d/hermes/backend/storage/generated/01ed449f-3ee4-42b0-a3a3-692f82d1d6fb/shot_3.mp4', 5.16, 'Cinematic handheld camera with slight shake slowly zooms in on: A lone young swordsman (楚凡) with messy black purple-highlighted hair standing on endl ... (598 characters truncated) ... en hand and sword, subtle blue light reflections dancing across his face. Atmospheric snow continues falling, establishing isolated yet hopeful mood.', None, 'happyhorse-1.0-t2v', 0.062, 0.88, '{"shot_id": 3, "subtitle": "\\u2026\\u2026\\u5251\\u7075\\uff0c\\u4f60\\u542c\\u5230\\u4e86\\u5417\\uff1f\\u7b49\\u6211\\u5f3a\\u5927\\u8d77\\u6765\\ ... (1766 characters truncated) ... l shift, gazing at the faintly glowing sword hanging at his waist. His right hand slowly reaches down and firmly grasps the sword hilt. As he touch"}', '2026-05-05 08:29:17.672180')]
(Background on this error at: https://sqlalche.me/e/20/gkpj) (Background on this error at: https://sqlalche.me/e/20/7s2a)
2026-05-05 16:29:18 | INFO     | hermes.http | → GET /api/videos
2026-05-05 16:29:18 | INFO     | hermes.http | ← GET /api/videos 200 13.9ms
2026-05-05 16:29:18 | INFO     | hermes.http | → GET /api/videos/5f150c66-1f65-45ca-a216-ce649ffa84bb
2026-05-05 16:29:18 | INFO     | hermes.http | → GET /api/videos/5f150c66-1f65-45ca-a216-ce649ffa84bb/timelines
2026-05-05 16:29:18 | INFO     | hermes.http | ← GET /api/videos/5f150c66-1f65-45ca-a216-ce649ffa84bb 200 11.2ms
2026-05-05 16:29:18 | INFO     | hermes.http | ← GET /api/videos/5f150c66-1f65-45ca-a216-ce649ffa84bb/timelines 200 20.1ms
2026-05-05 16:29:18 | INFO     | hermes.http | → GET /api/chat/19e2ffff-d04a-419f-8a07-969e2c0b85ec/messages
2026-05-05 16:29:18 | INFO     | hermes.http | → GET /api/timelines/19e2ffff-d04a-419f-8a07-969e2c0b85ec/manifest
2026-05-05 16:29:18 | INFO     | hermes.http | ← GET /api/chat/19e2ffff-d04a-419f-8a07-969e2c0b85ec/messages 200 4.6ms
2026-05-05 16:29:18 | INFO     | hermes.http | ← GET /api/timelines/19e2ffff-d04a-419f-8a07-969e2c0b85ec/manifest 200 4.6ms
2026-05-05 16:35:55 | INFO     | hermes | 日志文件：/Volumes/d/hermes/backend/storage/logs/hermes.log（级别 INFO）
2026-05-05 16:35:57 | INFO     | hermes | 日志文件：/Volumes/d/hermes/backend/storage/logs/hermes.log（级别 INFO）
2026-05-05 16:35:58 | INFO     | hermes | 日志文件：/Volumes/d/hermes/backend/storage/logs/hermes.log（级别 INFO）
2026-05-05 16:35:59 | INFO     | hermes | 日志文件：/Volumes/d/hermes/backend/storage/logs/hermes.log（级别 INFO）
2026-05-05 16:42:59 | INFO     | hermes.http | → GET /api/chat/2a905e0c-ad8a-4d1e-866d-2da4dd9c72f9/messages
2026-05-05 16:42:59 | INFO     | hermes.http | → GET /api/timelines/2a905e0c-ad8a-4d1e-866d-2da4dd9c72f9/manifest
2026-05-05 16:42:59 | INFO     | hermes.http | ← GET /api/chat/2a905e0c-ad8a-4d1e-866d-2da4dd9c72f9/messages 200 40.7ms
2026-05-05 16:42:59 | INFO     | hermes.http | ← GET /api/timelines/2a905e0c-ad8a-4d1e-866d-2da4dd9c72f9/manifest 200 44.7ms
2026-05-05 16:43:03 | INFO     | hermes.http | → GET /api/chat/19e2ffff-d04a-419f-8a07-969e2c0b85ec/messages
2026-05-05 16:43:03 | INFO     | hermes.http | → GET /api/timelines/19e2ffff-d04a-419f-8a07-969e2c0b85ec/manifest
2026-05-05 16:43:03 | INFO     | hermes.http | ← GET /api/chat/19e2ffff-d04a-419f-8a07-969e2c0b85ec/messages 200 17.1ms
2026-05-05 16:43:03 | INFO     | hermes.http | ← GET /api/timelines/19e2ffff-d04a-419f-8a07-969e2c0b85ec/manifest 200 19.6ms
2026-05-05 17:20:52 | INFO     | hermes.http | → GET /api/videos
2026-05-05 17:20:52 | INFO     | hermes.http | ← GET /api/videos 200 111.2ms
2026-05-05 17:20:52 | INFO     | hermes.http | → GET /api/videos
2026-05-05 17:20:52 | INFO     | hermes.http | ← GET /api/videos 200 2.0ms
2026-05-05 17:20:52 | INFO     | hermes.http | → GET /api/videos/5f150c66-1f65-45ca-a216-ce649ffa84bb
2026-05-05 17:20:52 | INFO     | hermes.http | → GET /api/videos/5f150c66-1f65-45ca-a216-ce649ffa84bb/timelines
2026-05-05 17:20:52 | INFO     | hermes.http | ← GET /api/videos/5f150c66-1f65-45ca-a216-ce649ffa84bb 200 18.2ms
2026-05-05 17:20:52 | INFO     | hermes.http | → GET /api/videos/5f150c66-1f65-45ca-a216-ce649ffa84bb
2026-05-05 17:20:52 | INFO     | hermes.http | ← GET /api/videos/5f150c66-1f65-45ca-a216-ce649ffa84bb/timelines 200 30.4ms
2026-05-05 17:20:52 | INFO     | hermes.http | ← GET /api/videos/5f150c66-1f65-45ca-a216-ce649ffa84bb 200 7.6ms
2026-05-05 17:20:52 | INFO     | hermes.http | → GET /api/videos/5f150c66-1f65-45ca-a216-ce649ffa84bb/timelines
2026-05-05 17:20:52 | INFO     | hermes.http | ← GET /api/videos/5f150c66-1f65-45ca-a216-ce649ffa84bb/timelines 200 5.3ms
2026-05-05 17:20:52 | INFO     | hermes.http | → GET /api/chat/19e2ffff-d04a-419f-8a07-969e2c0b85ec/messages
2026-05-05 17:20:52 | INFO     | hermes.http | → GET /api/timelines/19e2ffff-d04a-419f-8a07-969e2c0b85ec/manifest
2026-05-05 17:20:52 | INFO     | hermes.http | ← GET /api/chat/19e2ffff-d04a-419f-8a07-969e2c0b85ec/messages 200 12.4ms
2026-05-05 17:20:52 | INFO     | hermes.http | ← GET /api/timelines/19e2ffff-d04a-419f-8a07-969e2c0b85ec/manifest 200 11.7ms
2026-05-05 17:20:52 | INFO     | hermes.http | → GET /api/chat/19e2ffff-d04a-419f-8a07-969e2c0b85ec/messages
2026-05-05 17:20:52 | INFO     | hermes.http | ← GET /api/chat/19e2ffff-d04a-419f-8a07-969e2c0b85ec/messages 200 2.5ms
2026-05-05 17:21:08 | INFO     | hermes.http | → GET /api/videos
2026-05-05 17:21:08 | INFO     | hermes.http | → GET /favicon.ico
2026-05-05 17:21:08 | INFO     | hermes.http | ← GET /api/videos 200 38.6ms
2026-05-05 17:21:08 | INFO     | hermes.http | ← GET /favicon.ico 200 35.8ms
2026-05-05 17:21:08 | INFO     | hermes.http | → GET /api/assets/shots
2026-05-05 17:21:08 | INFO     | hermes.http | → GET /api/assets/timelines
2026-05-05 17:21:08 | INFO     | hermes.http | → GET /api/videos/5f150c66-1f65-45ca-a216-ce649ffa84bb/characters
2026-05-05 17:21:08 | INFO     | hermes.http | ← GET /api/assets/timelines 200 56.0ms
2026-05-05 17:21:08 | INFO     | hermes.http | ← GET /api/assets/shots 200 59.0ms
2026-05-05 17:21:08 | INFO     | hermes.http | ← GET /api/videos/5f150c66-1f65-45ca-a216-ce649ffa84bb/characters 200 62.3ms
2026-05-05 17:21:09 | INFO     | hermes.http | → GET /api/jobs
2026-05-05 17:21:09 | INFO     | hermes.http | ← GET /api/jobs 200 30.4ms
2026-05-05 17:21:10 | INFO     | hermes.http | → GET /api/configs/models
2026-05-05 17:21:10 | INFO     | hermes.http | ← GET /api/configs/models 200 38.4ms
2026-05-05 17:21:10 | INFO     | hermes.http | → GET /api/jobs
2026-05-05 17:21:10 | INFO     | hermes.http | ← GET /api/jobs 200 25.8ms
2026-05-05 17:21:14 | INFO     | hermes.http | → GET /api/jobs
2026-05-05 17:21:14 | INFO     | hermes.http | ← GET /api/jobs 200 205.8ms
2026-05-05 17:21:14 | INFO     | hermes.http | → GET /api/configs/models
2026-05-05 17:21:14 | INFO     | hermes.http | ← GET /api/configs/models 200 59.3ms
2026-05-05 17:21:15 | INFO     | hermes.http | → GET /api/jobs
2026-05-05 17:21:15 | INFO     | hermes.http | ← GET /api/jobs 200 20.7ms
2026-05-05 17:21:19 | INFO     | hermes.http | → GET /api/videos
2026-05-05 17:21:19 | INFO     | hermes.http | ← GET /api/videos 200 10.4ms
2026-05-05 17:21:19 | INFO     | hermes.http | → GET /api/videos/5f150c66-1f65-45ca-a216-ce649ffa84bb
2026-05-05 17:21:19 | INFO     | hermes.http | → GET /api/videos/5f150c66-1f65-45ca-a216-ce649ffa84bb/timelines
2026-05-05 17:21:19 | INFO     | hermes.http | ← GET /api/videos/5f150c66-1f65-45ca-a216-ce649ffa84bb 200 14.6ms
2026-05-05 17:21:19 | INFO     | hermes.http | ← GET /api/videos/5f150c66-1f65-45ca-a216-ce649ffa84bb/timelines 200 23.5ms
2026-05-05 17:21:19 | INFO     | hermes.http | → GET /api/chat/19e2ffff-d04a-419f-8a07-969e2c0b85ec/messages
2026-05-05 17:21:19 | INFO     | hermes.http | → GET /api/timelines/19e2ffff-d04a-419f-8a07-969e2c0b85ec/manifest
2026-05-05 17:21:19 | INFO     | hermes.http | ← GET /api/chat/19e2ffff-d04a-419f-8a07-969e2c0b85ec/messages 200 11.0ms
2026-05-05 17:21:19 | INFO     | hermes.http | ← GET /api/timelines/19e2ffff-d04a-419f-8a07-969e2c0b85ec/manifest 200 11.4ms
